เลขที่คำสั่งซื้อ,วันที่ทำรายการ,SKU,ชื่อสินค้า,จำนวน,ราคาขาย,ส่วนลดผู้ขาย,ยอดที่ผู้ซื้อชำระ,ค่าคอมมิชชั่น,ค่าธรรมเนียมการทำรายการ,ค่าบริการ,ค่าจัดส่งที่ผู้ขายรับผิดชอบ,ยอดโอนสุทธิ
2626062400001,24/06/2569,BZ-SKN-001,เซรั่มวิตามินซี 30ml,1,590.00,0.00,590.00,31.56,18.94,12.63,15.00,511.87
2626062400002,24/06/2569,BZ-SKN-001,เซรั่มวิตามินซี 30ml,1,590.00,0.00,590.00,31.56,18.94,12.63,0.00,526.87
2626062400003,24/06/2569,BZ-SKN-001,เซรั่มวิตามินซี 30ml,1,590.00,59.00,531.00,28.41,17.05,11.36,0.00,474.18
2626062400004,24/06/2569,BZ-SKN-001,เซรั่มวิตามินซี 30ml,1,590.00,59.00,531.00,28.41,17.05,11.36,15.00,459.18
2626062400005,24/06/2569,BZ-SKN-001,เซรั่มวิตามินซี 30ml,1,590.00,0.00,590.00,31.56,18.94,12.63,15.00,511.87
2626062400006,24/06/2569,BZ-SKN-001,เซรั่มวิตามินซี 30ml,1,590.00,0.00,590.00,31.56,18.94,12.63,15.00,511.87
2626062400007,24/06/2569,BZ-SKN-001,เซรั่มวิตามินซี 30ml,1,590.00,0.00,590.00,31.56,18.94,12.63,0.00,526.87
2626062400008,24/06/2569,BZ-SKN-001,เซรั่มวิตามินซี 30ml,2,1180.00,0.00,1180.00,63.13,37.88,25.25,0.00,1053.74
2626062400009,24/06/2569,BZ-SKN-001,เซรั่มวิตามินซี 30ml,1,590.00,59.00,531.00,28.41,17.05,11.36,0.00,474.18
2626062400010,24/06/2569,BZ-SKN-001,เซรั่มวิตามินซี 30ml,1,590.00,0.00,590.00,31.56,18.94,12.63,0.00,526.87
2626062400011,24/06/2569,BZ-SKN-001,เซรั่มวิตามินซี 30ml,2,1180.00,0.00,1180.00,63.13,37.88,25.25,0.00,1053.74
2626062400012,24/06/2569,BZ-SKN-001,เซรั่มวิตามินซี 30ml,2,1180.00,118.00,1062.00,56.82,34.09,22.73,15.00,933.37
2626062400013,24/06/2569,BZ-SKN-001,เซรั่มวิตามินซี 30ml,1,590.00,59.00,531.00,28.41,17.05,11.36,15.00,459.18
2626062400014,24/06/2569,BZ-SKN-001,เซรั่มวิตามินซี 30ml,1,590.00,0.00,590.00,31.56,18.94,12.63,15.00,511.87
2626062400015,24/06/2569,BZ-SKN-001,เซรั่มวิตามินซี 30ml,1,590.00,0.00,590.00,31.56,18.94,12.63,0.00,526.87
2626062400016,24/06/2569,BZ-SKN-001,เซรั่มวิตามินซี 30ml,1,590.00,59.00,531.00,28.41,17.05,11.36,0.00,474.18
2626062400017,24/06/2569,BZ-SKN-001,เซรั่มวิตามินซี 30ml,1,590.00,0.00,590.00,31.56,18.94,12.63,15.00,511.87
2626062400018,24/06/2569,BZ-SKN-001,เซรั่มวิตามินซี 30ml,2,1180.00,118.00,1062.00,56.82,34.09,22.73,15.00,933.37
2626062400019,24/06/2569,BZ-SKN-001,เซรั่มวิตามินซี 30ml,1,590.00,59.00,531.00,28.41,17.05,11.36,0.00,474.18
2626062400020,24/06/2569,BZ-SKN-001,เซรั่มวิตามินซี 30ml,2,1180.00,0.00,1180.00,63.13,37.88,25.25,0.00,1053.74
2626062400021,24/06/2569,BZ-SKN-001,เซรั่มวิตามินซี 30ml,1,590.00,0.00,590.00,31.56,18.94,12.63,15.00,511.87
2626062400022,24/06/2569,BZ-SKN-001,เซรั่มวิตามินซี 30ml,1,590.00,0.00,590.00,31.56,18.94,12.63,0.00,526.87
2626062400023,24/06/2569,BZ-SKN-001,เซรั่มวิตามินซี 30ml,1,590.00,59.00,531.00,28.41,17.05,11.36,0.00,474.18
2626062400024,24/06/2569,BZ-SKN-001,เซรั่มวิตามินซี 30ml,1,590.00,0.00,590.00,31.56,18.94,12.63,0.00,526.87
2626062400025,24/06/2569,BZ-SKN-001,เซรั่มวิตามินซี 30ml,1,590.00,0.00,590.00,31.56,18.94,12.63,15.00,511.87
2626062400026,24/06/2569,BZ-SKN-001,เซรั่มวิตามินซี 30ml,1,590.00,59.00,531.00,28.41,17.05,11.36,15.00,459.18
2626062400027,24/06/2569,BZ-SKN-001,เซรั่มวิตามินซี 30ml,1,590.00,59.00,531.00,28.41,17.05,11.36,0.00,474.18
2626062400028,24/06/2569,BZ-SKN-001,เซรั่มวิตามินซี 30ml,2,1180.00,0.00,1180.00,63.13,37.88,25.25,15.00,1038.74
2626062400029,24/06/2569,BZ-SKN-001,เซรั่มวิตามินซี 30ml,1,590.00,0.00,590.00,31.56,18.94,12.63,0.00,526.87
2626062400030,24/06/2569,BZ-SKN-001,เซรั่มวิตามินซี 30ml,1,590.00,59.00,531.00,28.41,17.05,11.36,0.00,474.18
2626062400031,24/06/2569,BZ-SKN-001,เซรั่มวิตามินซี 30ml,1,590.00,0.00,590.00,31.56,18.94,12.63,15.00,511.87
2626062400032,24/06/2569,BZ-SKN-001,เซรั่มวิตามินซี 30ml,1,590.00,0.00,590.00,31.56,18.94,12.63,15.00,511.87
2626062400033,24/06/2569,BZ-SKN-001,เซรั่มวิตามินซี 30ml,1,590.00,59.00,531.00,28.41,17.05,11.36,0.00,474.18
2626062400034,24/06/2569,BZ-SKN-001,เซรั่มวิตามินซี 30ml,1,590.00,0.00,590.00,31.56,18.94,12.63,15.00,511.87
2626062400035,24/06/2569,BZ-ACC-002,ขวดน้ำเก็บความเย็น 500ml,2,760.00,0.00,760.00,40.66,24.40,16.26,15.00,663.68
2626062400036,24/06/2569,BZ-SUP-001,คอลลาเจนเปปไทด์ 200g,1,890.00,89.00,801.00,42.85,25.71,17.14,0.00,715.29
2626062400037,24/06/2569,BZ-ELC-001,หูฟังบลูทูธไร้สาย,1,690.00,69.00,621.00,33.22,19.93,13.29,15.00,539.55
2626062400038,24/06/2569,BZ-SKN-001,เซรั่มวิตามินซี 30ml,1,590.00,59.00,531.00,28.41,17.05,11.36,0.00,474.18
2626062400039,24/06/2569,BZ-ELC-001,หูฟังบลูทูธไร้สาย,2,1380.00,138.00,1242.00,66.45,39.87,26.58,15.00,1094.11
2626062400040,24/06/2569,BZ-BND-001,เซตของขวัญรวม 3 ชิ้น,2,2380.00,0.00,2380.00,127.33,76.40,50.93,15.00,2110.34
2626062400041,24/06/2569,BZ-ACC-001,กระเป๋าผ้าแคนวาส,2,640.00,64.00,576.00,30.82,18.49,12.33,0.00,514.37
2626062400042,24/06/2569,BZ-ACC-001,กระเป๋าผ้าแคนวาส,2,640.00,0.00,640.00,34.24,20.54,13.70,0.00,571.52
2626062400043,24/06/2569,BZ-SUP-001,คอลลาเจนเปปไทด์ 200g,1,890.00,0.00,890.00,47.62,28.57,19.05,0.00,794.77
2626062400044,24/06/2569,BZ-BND-001,เซตของขวัญรวม 3 ชิ้น,1,1190.00,119.00,1071.00,57.30,34.38,22.92,15.00,941.40
2626062400045,24/06/2569,BZ-SUP-001,คอลลาเจนเปปไทด์ 200g,1,890.00,0.00,890.00,47.62,28.57,19.05,0.00,794.77
2626062400046,24/06/2569,BZ-SUP-001,คอลลาเจนเปปไทด์ 200g,1,890.00,89.00,801.00,42.85,25.71,17.14,0.00,715.29
2626062400047,24/06/2569,BZ-SUP-001,คอลลาเจนเปปไทด์ 200g,1,890.00,0.00,890.00,47.62,28.57,19.05,15.00,779.77
2626062400048,24/06/2569,BZ-SUP-001,คอลลาเจนเปปไทด์ 200g,1,890.00,0.00,890.00,47.62,28.57,19.05,15.00,779.77
2626062400049,24/06/2569,BZ-SUP-001,คอลลาเจนเปปไทด์ 200g,1,890.00,89.00,801.00,42.85,25.71,17.14,15.00,700.29
2626062400050,24/06/2569,BZ-SUP-001,คอลลาเจนเปปไทด์ 200g,2,1780.00,0.00,1780.00,95.23,57.14,38.09,0.00,1589.54
2626062400051,24/06/2569,BZ-SUP-001,คอลลาเจนเปปไทด์ 200g,2,1780.00,0.00,1780.00,95.23,57.14,38.09,0.00,1589.54
2626062400052,24/06/2569,BZ-SUP-001,คอลลาเจนเปปไทด์ 200g,1,890.00,0.00,890.00,47.62,28.57,19.05,15.00,779.77
2626062400053,24/06/2569,BZ-SUP-001,คอลลาเจนเปปไทด์ 200g,1,890.00,0.00,890.00,47.62,28.57,19.05,0.00,794.77
2626062400054,24/06/2569,BZ-SUP-001,คอลลาเจนเปปไทด์ 200g,1,890.00,0.00,890.00,47.62,28.57,19.05,15.00,779.77
2626062400055,24/06/2569,BZ-SUP-001,คอลลาเจนเปปไทด์ 200g,2,1780.00,0.00,1780.00,95.23,57.14,38.09,0.00,1589.54
2626062400056,24/06/2569,BZ-SUP-001,คอลลาเจนเปปไทด์ 200g,2,1780.00,0.00,1780.00,95.23,57.14,38.09,0.00,1589.54
2626062400057,24/06/2569,BZ-BND-001,เซตของขวัญรวม 3 ชิ้น,1,1190.00,0.00,1190.00,63.66,38.20,25.47,0.00,1062.67
2626062400058,24/06/2569,BZ-SKN-002,ครีมกันแดด SPF50 50g,1,450.00,0.00,450.00,24.07,14.44,9.63,15.00,386.85
2626062400059,24/06/2569,BZ-SUP-001,คอลลาเจนเปปไทด์ 200g,1,890.00,89.00,801.00,42.85,25.71,17.14,15.00,700.29
2626062400060,24/06/2569,BZ-ACC-001,กระเป๋าผ้าแคนวาส,1,320.00,32.00,288.00,15.41,9.24,6.16,0.00,257.18
2626062400061,24/06/2569,BZ-ACC-001,กระเป๋าผ้าแคนวาส,2,640.00,0.00,640.00,34.24,20.54,13.70,15.00,556.52
2626062400062,24/06/2569,BZ-ACC-001,กระเป๋าผ้าแคนวาส,1,320.00,0.00,320.00,17.12,10.27,6.85,15.00,270.76
2626062400063,24/06/2569,BZ-ACC-001,กระเป๋าผ้าแคนวาส,1,320.00,32.00,288.00,15.41,9.24,6.16,0.00,257.18
2626062400064,24/06/2569,BZ-ACC-001,กระเป๋าผ้าแคนวาส,1,320.00,0.00,320.00,17.12,10.27,6.85,0.00,285.76
2626062400065,24/06/2569,BZ-ACC-001,กระเป๋าผ้าแคนวาส,1,320.00,32.00,288.00,15.41,9.24,6.16,0.00,257.18
2626062400066,24/06/2569,BZ-ACC-001,กระเป๋าผ้าแคนวาส,1,320.00,0.00,320.00,17.12,10.27,6.85,15.00,270.76
2626062400067,24/06/2569,BZ-ACC-001,กระเป๋าผ้าแคนวาส,1,320.00,0.00,320.00,17.12,10.27,6.85,0.00,285.76
2626062400068,24/06/2569,BZ-ACC-001,กระเป๋าผ้าแคนวาส,1,320.00,32.00,288.00,15.41,9.24,6.16,0.00,257.18
2626062400069,24/06/2569,BZ-SUP-001,คอลลาเจนเปปไทด์ 200g,1,890.00,0.00,890.00,47.62,28.57,19.05,15.00,779.77
2626062400070,24/06/2569,BZ-SKN-001,เซรั่มวิตามินซี 30ml,2,1180.00,0.00,1180.00,63.13,37.88,25.25,15.00,1038.74
2626062400071,24/06/2569,BZ-ELC-001,หูฟังบลูทูธไร้สาย,1,690.00,0.00,690.00,36.91,22.15,14.77,15.00,601.17
2626062400072,24/06/2569,BZ-ELC-001,หูฟังบลูทูธไร้สาย,1,690.00,0.00,690.00,36.91,22.15,14.77,15.00,601.17
2626062400073,24/06/2569,BZ-ELC-001,หูฟังบลูทูธไร้สาย,2,1380.00,0.00,1380.00,73.83,44.30,29.53,15.00,1217.34
2626062400074,24/06/2569,BZ-ELC-001,หูฟังบลูทูธไร้สาย,2,1380.00,0.00,1380.00,73.83,44.30,29.53,15.00,1217.34
2626062400075,24/06/2569,BZ-ELC-001,หูฟังบลูทูธไร้สาย,2,1380.00,0.00,1380.00,73.83,44.30,29.53,0.00,1232.34
2626062400076,24/06/2569,BZ-ELC-001,หูฟังบลูทูธไร้สาย,1,690.00,0.00,690.00,36.91,22.15,14.77,15.00,601.17
2626062400077,24/06/2569,BZ-ELC-001,หูฟังบลูทูธไร้สาย,1,690.00,69.00,621.00,33.22,19.93,13.29,15.00,539.55
2626062400078,24/06/2569,BZ-ELC-001,หูฟังบลูทูธไร้สาย,1,690.00,69.00,621.00,33.22,19.93,13.29,15.00,539.55
2626062400079,24/06/2569,BZ-ELC-001,หูฟังบลูทูธไร้สาย,1,690.00,69.00,621.00,33.22,19.93,13.29,15.00,539.55
2626062400080,24/06/2569,BZ-ELC-001,หูฟังบลูทูธไร้สาย,1,690.00,0.00,690.00,36.91,22.15,14.77,0.00,616.17
2626062400081,24/06/2569,BZ-BND-001,เซตของขวัญรวม 3 ชิ้น,1,1190.00,0.00,1190.00,63.66,38.20,25.47,15.00,1047.67
2626062400082,24/06/2569,BZ-BND-001,เซตของขวัญรวม 3 ชิ้น,1,1190.00,119.00,1071.00,57.30,34.38,22.92,15.00,941.40
2626062400083,24/06/2569,BZ-BND-001,เซตของขวัญรวม 3 ชิ้น,1,1190.00,0.00,1190.00,63.66,38.20,25.47,15.00,1047.67
2626062400084,24/06/2569,BZ-BND-001,เซตของขวัญรวม 3 ชิ้น,1,1190.00,0.00,1190.00,63.66,38.20,25.47,0.00,1062.67
2626062400085,24/06/2569,BZ-BND-001,เซตของขวัญรวม 3 ชิ้น,1,1190.00,0.00,1190.00,63.66,38.20,25.47,0.00,1062.67
2626062400086,24/06/2569,BZ-BND-001,เซตของขวัญรวม 3 ชิ้น,2,2380.00,238.00,2142.00,114.60,68.76,45.84,0.00,1912.81
2626062400087,24/06/2569,BZ-BND-001,เซตของขวัญรวม 3 ชิ้น,1,1190.00,0.00,1190.00,63.66,38.20,25.47,0.00,1062.67
2626062400088,24/06/2569,BZ-BND-001,เซตของขวัญรวม 3 ชิ้น,1,1190.00,119.00,1071.00,57.30,34.38,22.92,0.00,956.40
2626062400089,24/06/2569,BZ-BND-001,เซตของขวัญรวม 3 ชิ้น,1,1190.00,0.00,1190.00,63.66,38.20,25.47,0.00,1062.67
2626062400090,24/06/2569,BZ-BND-001,เซตของขวัญรวม 3 ชิ้น,1,1190.00,0.00,1190.00,63.66,38.20,25.47,15.00,1047.67
2626062400091,24/06/2569,BZ-BND-001,เซตของขวัญรวม 3 ชิ้น,1,1190.00,0.00,1190.00,63.66,38.20,25.47,0.00,1062.67
2626062400092,24/06/2569,BZ-BND-001,เซตของขวัญรวม 3 ชิ้น,1,1190.00,0.00,1190.00,63.66,38.20,25.47,15.00,1047.67
2626062400093,24/06/2569,BZ-BND-001,เซตของขวัญรวม 3 ชิ้น,2,2380.00,0.00,2380.00,127.33,76.40,50.93,15.00,2110.34
2626062400094,24/06/2569,BZ-BND-001,เซตของขวัญรวม 3 ชิ้น,1,1190.00,0.00,1190.00,63.66,38.20,25.47,15.00,1047.67
2626062400095,24/06/2569,BZ-SKN-002,ครีมกันแดด SPF50 50g,1,450.00,45.00,405.00,21.67,13.00,8.67,0.00,361.67
2626062500096,25/06/2569,BZ-SKN-001,เซรั่มวิตามินซี 30ml,1,590.00,0.00,590.00,31.56,18.94,12.63,15.00,511.87
2626062500097,25/06/2569,BZ-SKN-001,เซรั่มวิตามินซี 30ml,1,590.00,0.00,590.00,31.56,18.94,12.63,0.00,526.87
2626062500098,25/06/2569,BZ-SKN-001,เซรั่มวิตามินซี 30ml,1,590.00,0.00,590.00,31.56,18.94,12.63,0.00,526.87
2626062500099,25/06/2569,BZ-SKN-001,เซรั่มวิตามินซี 30ml,2,1180.00,0.00,1180.00,63.13,37.88,25.25,15.00,1038.74
2626062500100,25/06/2569,BZ-SKN-001,เซรั่มวิตามินซี 30ml,1,590.00,0.00,590.00,31.56,18.94,12.63,15.00,511.87
2626062500101,25/06/2569,BZ-SKN-001,เซรั่มวิตามินซี 30ml,1,590.00,0.00,590.00,31.56,18.94,12.63,0.00,526.87
2626062500102,25/06/2569,BZ-SKN-001,เซรั่มวิตามินซี 30ml,1,590.00,59.00,531.00,28.41,17.05,11.36,0.00,474.18
2626062500103,25/06/2569,BZ-SKN-001,เซรั่มวิตามินซี 30ml,1,590.00,59.00,531.00,28.41,17.05,11.36,0.00,474.18
2626062500104,25/06/2569,BZ-SKN-001,เซรั่มวิตามินซี 30ml,1,590.00,59.00,531.00,28.41,17.05,11.36,15.00,459.18
2626062500105,25/06/2569,BZ-SKN-001,เซรั่มวิตามินซี 30ml,1,590.00,0.00,590.00,31.56,18.94,12.63,15.00,511.87
2626062500106,25/06/2569,BZ-SKN-001,เซรั่มวิตามินซี 30ml,1,590.00,59.00,531.00,28.41,17.05,11.36,0.00,474.18
2626062500107,25/06/2569,BZ-SKN-001,เซรั่มวิตามินซี 30ml,1,590.00,0.00,590.00,31.56,18.94,12.63,15.00,511.87
2626062500108,25/06/2569,BZ-SKN-001,เซรั่มวิตามินซี 30ml,1,590.00,0.00,590.00,31.56,18.94,12.63,15.00,511.87
2626062500109,25/06/2569,BZ-SKN-001,เซรั่มวิตามินซี 30ml,1,590.00,0.00,590.00,31.56,18.94,12.63,0.00,526.87
2626062500110,25/06/2569,BZ-SKN-001,เซรั่มวิตามินซี 30ml,1,590.00,0.00,590.00,31.56,18.94,12.63,0.00,526.87
2626062500111,25/06/2569,BZ-SKN-001,เซรั่มวิตามินซี 30ml,1,590.00,0.00,590.00,31.56,18.94,12.63,0.00,526.87
2626062500112,25/06/2569,BZ-SKN-001,เซรั่มวิตามินซี 30ml,1,590.00,59.00,531.00,28.41,17.05,11.36,0.00,474.18
2626062500113,25/06/2569,BZ-SKN-001,เซรั่มวิตามินซี 30ml,1,590.00,59.00,531.00,28.41,17.05,11.36,0.00,474.18
2626062500114,25/06/2569,BZ-SKN-001,เซรั่มวิตามินซี 30ml,1,590.00,59.00,531.00,28.41,17.05,11.36,0.00,474.18
2626062500115,25/06/2569,BZ-SKN-001,เซรั่มวิตามินซี 30ml,1,590.00,0.00,590.00,31.56,18.94,12.63,0.00,526.87
2626062500116,25/06/2569,BZ-SKN-001,เซรั่มวิตามินซี 30ml,1,590.00,0.00,590.00,31.56,18.94,12.63,0.00,526.87
2626062500117,25/06/2569,BZ-SKN-001,เซรั่มวิตามินซี 30ml,1,590.00,0.00,590.00,31.56,18.94,12.63,0.00,526.87
2626062500118,25/06/2569,BZ-SKN-001,เซรั่มวิตามินซี 30ml,1,590.00,59.00,531.00,28.41,17.05,11.36,15.00,459.18
2626062500119,25/06/2569,BZ-SKN-001,เซรั่มวิตามินซี 30ml,1,590.00,59.00,531.00,28.41,17.05,11.36,15.00,459.18
2626062500120,25/06/2569,BZ-SKN-001,เซรั่มวิตามินซี 30ml,1,590.00,0.00,590.00,31.56,18.94,12.63,0.00,526.87
2626062500121,25/06/2569,BZ-SKN-001,เซรั่มวิตามินซี 30ml,1,590.00,0.00,590.00,31.56,18.94,12.63,0.00,526.87
2626062500122,25/06/2569,BZ-SKN-001,เซรั่มวิตามินซี 30ml,1,590.00,59.00,531.00,28.41,17.05,11.36,0.00,474.18
2626062500123,25/06/2569,BZ-SKN-001,เซรั่มวิตามินซี 30ml,1,590.00,0.00,590.00,31.56,18.94,12.63,15.00,511.87
2626062500124,25/06/2569,BZ-SKN-001,เซรั่มวิตามินซี 30ml,1,590.00,0.00,590.00,31.56,18.94,12.63,15.00,511.87
2626062500125,25/06/2569,BZ-SKN-001,เซรั่มวิตามินซี 30ml,1,590.00,0.00,590.00,31.56,18.94,12.63,15.00,511.87
2626062500126,25/06/2569,BZ-SKN-001,เซรั่มวิตามินซี 30ml,1,590.00,0.00,590.00,31.56,18.94,12.63,15.00,511.87
2626062500127,25/06/2569,BZ-SKN-001,เซรั่มวิตามินซี 30ml,2,1180.00,118.00,1062.00,56.82,34.09,22.73,15.00,933.37
2626062500128,25/06/2569,BZ-SKN-001,เซรั่มวิตามินซี 30ml,1,590.00,59.00,531.00,28.41,17.05,11.36,15.00,459.18
2626062500129,25/06/2569,BZ-SKN-001,เซรั่มวิตามินซี 30ml,1,590.00,0.00,590.00,31.56,18.94,12.63,0.00,526.87
2626062500130,25/06/2569,BZ-BND-001,เซตของขวัญรวม 3 ชิ้น,1,1190.00,0.00,1190.00,63.66,38.20,25.47,15.00,1047.67
2626062500131,25/06/2569,BZ-ACC-002,ขวดน้ำเก็บความเย็น 500ml,1,380.00,38.00,342.00,18.30,10.98,7.32,0.00,305.41
2626062500132,25/06/2569,BZ-ELC-001,หูฟังบลูทูธไร้สาย,1,690.00,69.00,621.00,33.22,19.93,13.29,15.00,539.55
2626062500133,25/06/2569,BZ-SUP-001,คอลลาเจนเปปไทด์ 200g,2,1780.00,0.00,1780.00,95.23,57.14,38.09,0.00,1589.54
2626062500134,25/06/2569,BZ-SKN-001,เซรั่มวิตามินซี 30ml,1,590.00,0.00,590.00,31.56,18.94,12.63,0.00,526.87
2626062500135,25/06/2569,BZ-ELC-001,หูฟังบลูทูธไร้สาย,1,690.00,69.00,621.00,33.22,19.93,13.29,15.00,539.55
2626062500136,25/06/2569,BZ-SKN-002,ครีมกันแดด SPF50 50g,1,450.00,45.00,405.00,21.67,13.00,8.67,15.00,346.67
2626062500137,25/06/2569,BZ-SUP-001,คอลลาเจนเปปไทด์ 200g,2,1780.00,178.00,1602.00,85.71,51.42,34.28,15.00,1415.59
2626062500138,25/06/2569,BZ-SUP-001,คอลลาเจนเปปไทด์ 200g,2,1780.00,0.00,1780.00,95.23,57.14,38.09,0.00,1589.54
2626062500139,25/06/2569,BZ-SUP-001,คอลลาเจนเปปไทด์ 200g,2,1780.00,0.00,1780.00,95.23,57.14,38.09,0.00,1589.54
2626062500140,25/06/2569,BZ-SUP-001,คอลลาเจนเปปไทด์ 200g,1,890.00,0.00,890.00,47.62,28.57,19.05,0.00,794.77
2626062500141,25/06/2569,BZ-SUP-001,คอลลาเจนเปปไทด์ 200g,1,890.00,89.00,801.00,42.85,25.71,17.14,0.00,715.29
2626062500142,25/06/2569,BZ-SUP-001,คอลลาเจนเปปไทด์ 200g,1,890.00,0.00,890.00,47.62,28.57,19.05,15.00,779.77
2626062500143,25/06/2569,BZ-SUP-001,คอลลาเจนเปปไทด์ 200g,1,890.00,0.00,890.00,47.62,28.57,19.05,15.00,779.77
2626062500144,25/06/2569,BZ-SUP-001,คอลลาเจนเปปไทด์ 200g,1,890.00,0.00,890.00,47.62,28.57,19.05,0.00,794.77
2626062500145,25/06/2569,BZ-SUP-001,คอลลาเจนเปปไทด์ 200g,1,890.00,0.00,890.00,47.62,28.57,19.05,0.00,794.77
2626062500146,25/06/2569,BZ-SUP-001,คอลลาเจนเปปไทด์ 200g,1,890.00,0.00,890.00,47.62,28.57,19.05,0.00,794.77
2626062500147,25/06/2569,BZ-SUP-001,คอลลาเจนเปปไทด์ 200g,1,890.00,89.00,801.00,42.85,25.71,17.14,0.00,715.29
2626062500148,25/06/2569,BZ-SUP-001,คอลลาเจนเปปไทด์ 200g,1,890.00,0.00,890.00,47.62,28.57,19.05,0.00,794.77
2626062500149,25/06/2569,BZ-SUP-001,คอลลาเจนเปปไทด์ 200g,1,890.00,89.00,801.00,42.85,25.71,17.14,0.00,715.29
2626062500150,25/06/2569,BZ-SKN-002,ครีมกันแดด SPF50 50g,1,450.00,0.00,450.00,24.07,14.44,9.63,15.00,386.85
2626062500151,25/06/2569,BZ-SKN-001,เซรั่มวิตามินซี 30ml,2,1180.00,118.00,1062.00,56.82,34.09,22.73,15.00,933.37
2626062500152,25/06/2569,BZ-SKN-002,ครีมกันแดด SPF50 50g,1,450.00,0.00,450.00,24.07,14.44,9.63,0.00,401.85
2626062500153,25/06/2569,BZ-ACC-001,กระเป๋าผ้าแคนวาส,1,320.00,32.00,288.00,15.41,9.24,6.16,15.00,242.18
2626062500154,25/06/2569,BZ-ACC-001,กระเป๋าผ้าแคนวาส,1,320.00,0.00,320.00,17.12,10.27,6.85,0.00,285.76
2626062500155,25/06/2569,BZ-ACC-001,กระเป๋าผ้าแคนวาส,1,320.00,0.00,320.00,17.12,10.27,6.85,15.00,270.76
2626062500156,25/06/2569,BZ-ACC-001,กระเป๋าผ้าแคนวาส,2,640.00,64.00,576.00,30.82,18.49,12.33,0.00,514.37
2626062500157,25/06/2569,BZ-ACC-001,กระเป๋าผ้าแคนวาส,1,320.00,0.00,320.00,17.12,10.27,6.85,0.00,285.76
2626062500158,25/06/2569,BZ-ACC-001,กระเป๋าผ้าแคนวาส,1,320.00,32.00,288.00,15.41,9.24,6.16,15.00,242.18
2626062500159,25/06/2569,BZ-ACC-001,กระเป๋าผ้าแคนวาส,1,320.00,0.00,320.00,17.12,10.27,6.85,15.00,270.76
2626062500160,25/06/2569,BZ-ACC-001,กระเป๋าผ้าแคนวาส,1,320.00,0.00,320.00,17.12,10.27,6.85,0.00,285.76
2626062500161,25/06/2569,BZ-ACC-001,กระเป๋าผ้าแคนวาส,1,320.00,32.00,288.00,15.41,9.24,6.16,0.00,257.18
2626062500162,25/06/2569,BZ-SUP-001,คอลลาเจนเปปไทด์ 200g,1,890.00,0.00,890.00,47.62,28.57,19.05,15.00,779.77
2626062500163,25/06/2569,BZ-BND-001,เซตของขวัญรวม 3 ชิ้น,2,2380.00,238.00,2142.00,114.60,68.76,45.84,0.00,1912.81
2626062500164,25/06/2569,BZ-SKN-002,ครีมกันแดด SPF50 50g,2,900.00,0.00,900.00,48.15,28.89,19.26,0.00,803.70
2626062500165,25/06/2569,BZ-ELC-001,หูฟังบลูทูธไร้สาย,1,690.00,69.00,621.00,33.22,19.93,13.29,0.00,554.55
2626062500166,25/06/2569,BZ-ELC-001,หูฟังบลูทูธไร้สาย,1,690.00,0.00,690.00,36.91,22.15,14.77,0.00,616.17
2626062500167,25/06/2569,BZ-ELC-001,หูฟังบลูทูธไร้สาย,1,690.00,69.00,621.00,33.22,19.93,13.29,15.00,539.55
2626062500168,25/06/2569,BZ-ELC-001,หูฟังบลูทูธไร้สาย,1,690.00,0.00,690.00,36.91,22.15,14.77,0.00,616.17
2626062500169,25/06/2569,BZ-ELC-001,หูฟังบลูทูธไร้สาย,1,690.00,69.00,621.00,33.22,19.93,13.29,15.00,539.55
2626062500170,25/06/2569,BZ-ELC-001,หูฟังบลูทูธไร้สาย,2,1380.00,138.00,1242.00,66.45,39.87,26.58,15.00,1094.11
2626062500171,25/06/2569,BZ-ELC-001,หูฟังบลูทูธไร้สาย,1,690.00,69.00,621.00,33.22,19.93,13.29,0.00,554.55
2626062500172,25/06/2569,BZ-ELC-001,หูฟังบลูทูธไร้สาย,2,1380.00,0.00,1380.00,73.83,44.30,29.53,15.00,1217.34
2626062500173,25/06/2569,BZ-ELC-001,หูฟังบลูทูธไร้สาย,2,1380.00,138.00,1242.00,66.45,39.87,26.58,15.00,1094.11
2626062500174,25/06/2569,BZ-ELC-001,หูฟังบลูทูธไร้สาย,2,1380.00,0.00,1380.00,73.83,44.30,29.53,15.00,1217.34
2626062500175,25/06/2569,BZ-ELC-001,หูฟังบลูทูธไร้สาย,1,690.00,0.00,690.00,36.91,22.15,14.77,0.00,616.17
2626062500176,25/06/2569,BZ-ELC-001,หูฟังบลูทูธไร้สาย,1,690.00,0.00,690.00,36.91,22.15,14.77,0.00,616.17
2626062500177,25/06/2569,BZ-ELC-001,หูฟังบลูทูธไร้สาย,1,690.00,0.00,690.00,36.91,22.15,14.77,0.00,616.17
2626062500178,25/06/2569,BZ-ELC-001,หูฟังบลูทูธไร้สาย,1,690.00,0.00,690.00,36.91,22.15,14.77,0.00,616.17
2626062500179,25/06/2569,BZ-ELC-001,หูฟังบลูทูธไร้สาย,1,690.00,69.00,621.00,33.22,19.93,13.29,0.00,554.55
2626062500180,25/06/2569,BZ-ELC-001,หูฟังบลูทูธไร้สาย,1,690.00,69.00,621.00,33.22,19.93,13.29,0.00,554.55
2626062500181,25/06/2569,BZ-ELC-001,หูฟังบลูทูธไร้สาย,1,690.00,69.00,621.00,33.22,19.93,13.29,0.00,554.55
2626062500182,25/06/2569,BZ-ELC-001,หูฟังบลูทูธไร้สาย,1,690.00,0.00,690.00,36.91,22.15,14.77,0.00,616.17
2626062500183,25/06/2569,BZ-ELC-001,หูฟังบลูทูธไร้สาย,1,690.00,0.00,690.00,36.91,22.15,14.77,15.00,601.17
2626062500184,25/06/2569,BZ-ELC-001,หูฟังบลูทูธไร้สาย,1,690.00,69.00,621.00,33.22,19.93,13.29,15.00,539.55
2626062500185,25/06/2569,BZ-ELC-001,หูฟังบลูทูธไร้สาย,1,690.00,0.00,690.00,36.91,22.15,14.77,15.00,601.17
2626062500186,25/06/2569,BZ-ELC-001,หูฟังบลูทูธไร้สาย,1,690.00,0.00,690.00,36.91,22.15,14.77,0.00,616.17
2626062500187,25/06/2569,BZ-ELC-001,หูฟังบลูทูธไร้สาย,1,690.00,0.00,690.00,36.91,22.15,14.77,0.00,616.17
2626062500188,25/06/2569,BZ-ELC-001,หูฟังบลูทูธไร้สาย,1,690.00,0.00,690.00,36.91,22.15,14.77,15.00,601.17
2626062500189,25/06/2569,BZ-ELC-001,หูฟังบลูทูธไร้สาย,1,690.00,0.00,690.00,36.91,22.15,14.77,15.00,601.17
2626062500190,25/06/2569,BZ-ELC-001,หูฟังบลูทูธไร้สาย,1,690.00,0.00,690.00,36.91,22.15,14.77,0.00,616.17
2626062500191,25/06/2569,BZ-ELC-001,หูฟังบลูทูธไร้สาย,1,690.00,0.00,690.00,36.91,22.15,14.77,15.00,601.17
2626062500192,25/06/2569,BZ-ELC-001,หูฟังบลูทูธไร้สาย,2,1380.00,138.00,1242.00,66.45,39.87,26.58,0.00,1109.11
2626062500193,25/06/2569,BZ-ELC-001,หูฟังบลูทูธไร้สาย,1,690.00,0.00,690.00,36.91,22.15,14.77,15.00,601.17
2626062500194,25/06/2569,BZ-ELC-001,หูฟังบลูทูธไร้สาย,2,1380.00,138.00,1242.00,66.45,39.87,26.58,15.00,1094.11
2626062500195,25/06/2569,BZ-ELC-001,หูฟังบลูทูธไร้สาย,1,690.00,69.00,621.00,33.22,19.93,13.29,0.00,554.55
2626062500196,25/06/2569,BZ-SKN-002,ครีมกันแดด SPF50 50g,1,450.00,0.00,450.00,24.07,14.44,9.63,0.00,401.85
2626062500197,25/06/2569,BZ-BND-001,เซตของขวัญรวม 3 ชิ้น,1,1190.00,0.00,1190.00,63.66,38.20,25.47,15.00,1047.67
2626062500198,25/06/2569,BZ-BND-001,เซตของขวัญรวม 3 ชิ้น,1,1190.00,0.00,1190.00,63.66,38.20,25.47,15.00,1047.67
2626062500199,25/06/2569,BZ-BND-001,เซตของขวัญรวม 3 ชิ้น,1,1190.00,0.00,1190.00,63.66,38.20,25.47,0.00,1062.67
2626062500200,25/06/2569,BZ-BND-001,เซตของขวัญรวม 3 ชิ้น,1,1190.00,0.00,1190.00,63.66,38.20,25.47,15.00,1047.67
2626062500201,25/06/2569,BZ-BND-001,เซตของขวัญรวม 3 ชิ้น,2,2380.00,0.00,2380.00,127.33,76.40,50.93,15.00,2110.34
2626062500202,25/06/2569,BZ-BND-001,เซตของขวัญรวม 3 ชิ้น,1,1190.00,119.00,1071.00,57.30,34.38,22.92,15.00,941.40
2626062500203,25/06/2569,BZ-BND-001,เซตของขวัญรวม 3 ชิ้น,2,2380.00,238.00,2142.00,114.60,68.76,45.84,15.00,1897.81
2626062500204,25/06/2569,BZ-BND-001,เซตของขวัญรวม 3 ชิ้น,1,1190.00,119.00,1071.00,57.30,34.38,22.92,0.00,956.40
2626062500205,25/06/2569,BZ-BND-001,เซตของขวัญรวม 3 ชิ้น,1,1190.00,119.00,1071.00,57.30,34.38,22.92,0.00,956.40
2626062500206,25/06/2569,BZ-BND-001,เซตของขวัญรวม 3 ชิ้น,1,1190.00,119.00,1071.00,57.30,34.38,22.92,15.00,941.40
2626062500207,25/06/2569,BZ-SKN-002,ครีมกันแดด SPF50 50g,1,450.00,45.00,405.00,21.67,13.00,8.67,0.00,361.67
2626062600208,26/06/2569,BZ-SKN-001,เซรั่มวิตามินซี 30ml,2,1180.00,118.00,1062.00,56.82,34.09,22.73,0.00,948.37
2626062600209,26/06/2569,BZ-SKN-001,เซรั่มวิตามินซี 30ml,1,590.00,0.00,590.00,31.56,18.94,12.63,15.00,511.87
2626062600210,26/06/2569,BZ-SKN-001,เซรั่มวิตามินซี 30ml,1,590.00,59.00,531.00,28.41,17.05,11.36,0.00,474.18
2626062600211,26/06/2569,BZ-SKN-001,เซรั่มวิตามินซี 30ml,2,1180.00,118.00,1062.00,56.82,34.09,22.73,15.00,933.37
2626062600212,26/06/2569,BZ-SKN-001,เซรั่มวิตามินซี 30ml,1,590.00,0.00,590.00,31.56,18.94,12.63,15.00,511.87
2626062600213,26/06/2569,BZ-SKN-001,เซรั่มวิตามินซี 30ml,1,590.00,0.00,590.00,31.56,18.94,12.63,0.00,526.87
2626062600214,26/06/2569,BZ-SKN-001,เซรั่มวิตามินซี 30ml,1,590.00,59.00,531.00,28.41,17.05,11.36,0.00,474.18
2626062600215,26/06/2569,BZ-SKN-001,เซรั่มวิตามินซี 30ml,1,590.00,59.00,531.00,28.41,17.05,11.36,15.00,459.18
2626062600216,26/06/2569,BZ-SKN-001,เซรั่มวิตามินซี 30ml,1,590.00,0.00,590.00,31.56,18.94,12.63,15.00,511.87
2626062600217,26/06/2569,BZ-SKN-001,เซรั่มวิตามินซี 30ml,1,590.00,59.00,531.00,28.41,17.05,11.36,15.00,459.18
2626062600218,26/06/2569,BZ-SKN-001,เซรั่มวิตามินซี 30ml,1,590.00,0.00,590.00,31.56,18.94,12.63,15.00,511.87
2626062600219,26/06/2569,BZ-SKN-001,เซรั่มวิตามินซี 30ml,1,590.00,0.00,590.00,31.56,18.94,12.63,15.00,511.87
2626062600220,26/06/2569,BZ-SKN-001,เซรั่มวิตามินซี 30ml,1,590.00,0.00,590.00,31.56,18.94,12.63,15.00,511.87
2626062600221,26/06/2569,BZ-SKN-001,เซรั่มวิตามินซี 30ml,1,590.00,0.00,590.00,31.56,18.94,12.63,0.00,526.87
2626062600222,26/06/2569,BZ-SKN-001,เซรั่มวิตามินซี 30ml,1,590.00,0.00,590.00,31.56,18.94,12.63,0.00,526.87
2626062600223,26/06/2569,BZ-SKN-001,เซรั่มวิตามินซี 30ml,1,590.00,0.00,590.00,31.56,18.94,12.63,15.00,511.87
2626062600224,26/06/2569,BZ-SKN-001,เซรั่มวิตามินซี 30ml,1,590.00,0.00,590.00,31.56,18.94,12.63,0.00,526.87
2626062600225,26/06/2569,BZ-SKN-001,เซรั่มวิตามินซี 30ml,1,590.00,0.00,590.00,31.56,18.94,12.63,0.00,526.87
2626062600226,26/06/2569,BZ-SKN-001,เซรั่มวิตามินซี 30ml,1,590.00,59.00,531.00,28.41,17.05,11.36,0.00,474.18
2626062600227,26/06/2569,BZ-SKN-001,เซรั่มวิตามินซี 30ml,2,1180.00,0.00,1180.00,63.13,37.88,25.25,0.00,1053.74
2626062600228,26/06/2569,BZ-SKN-001,เซรั่มวิตามินซี 30ml,1,590.00,59.00,531.00,28.41,17.05,11.36,15.00,459.18
2626062600229,26/06/2569,BZ-SKN-001,เซรั่มวิตามินซี 30ml,1,590.00,59.00,531.00,28.41,17.05,11.36,15.00,459.18
2626062600230,26/06/2569,BZ-SKN-001,เซรั่มวิตามินซี 30ml,1,590.00,0.00,590.00,31.56,18.94,12.63,0.00,526.87
2626062600231,26/06/2569,BZ-SKN-001,เซรั่มวิตามินซี 30ml,2,1180.00,118.00,1062.00,56.82,34.09,22.73,15.00,933.37
2626062600232,26/06/2569,BZ-SKN-001,เซรั่มวิตามินซี 30ml,1,590.00,59.00,531.00,28.41,17.05,11.36,0.00,474.18
2626062600233,26/06/2569,BZ-SKN-001,เซรั่มวิตามินซี 30ml,1,590.00,59.00,531.00,28.41,17.05,11.36,0.00,474.18
2626062600234,26/06/2569,BZ-SKN-001,เซรั่มวิตามินซี 30ml,1,590.00,0.00,590.00,31.56,18.94,12.63,0.00,526.87
2626062600235,26/06/2569,BZ-SKN-001,เซรั่มวิตามินซี 30ml,1,590.00,59.00,531.00,28.41,17.05,11.36,0.00,474.18
2626062600236,26/06/2569,BZ-SKN-001,เซรั่มวิตามินซี 30ml,1,590.00,0.00,590.00,31.56,18.94,12.63,15.00,511.87
2626062600237,26/06/2569,BZ-SKN-001,เซรั่มวิตามินซี 30ml,1,590.00,59.00,531.00,28.41,17.05,11.36,0.00,474.18
2626062600238,26/06/2569,BZ-SKN-001,เซรั่มวิตามินซี 30ml,2,1180.00,0.00,1180.00,63.13,37.88,25.25,0.00,1053.74
2626062600239,26/06/2569,BZ-SKN-001,เซรั่มวิตามินซี 30ml,1,590.00,0.00,590.00,31.56,18.94,12.63,15.00,511.87
2626062600240,26/06/2569,BZ-SKN-001,เซรั่มวิตามินซี 30ml,1,590.00,0.00,590.00,31.56,18.94,12.63,15.00,511.87
2626062600241,26/06/2569,BZ-SKN-001,เซรั่มวิตามินซี 30ml,1,590.00,0.00,590.00,31.56,18.94,12.63,0.00,526.87
2626062600242,26/06/2569,BZ-SKN-001,เซรั่มวิตามินซี 30ml,2,1180.00,0.00,1180.00,63.13,37.88,25.25,0.00,1053.74
2626062600243,26/06/2569,BZ-ACC-002,ขวดน้ำเก็บความเย็น 500ml,1,380.00,0.00,380.00,20.33,12.20,8.13,0.00,339.34
2626062600244,26/06/2569,BZ-SKN-001,เซรั่มวิตามินซี 30ml,1,590.00,59.00,531.00,28.41,17.05,11.36,0.00,474.18
2626062600245,26/06/2569,BZ-SKN-002,ครีมกันแดด SPF50 50g,1,450.00,0.00,450.00,24.07,14.44,9.63,15.00,386.85
2626062600246,26/06/2569,BZ-SKN-001,เซรั่มวิตามินซี 30ml,2,1180.00,118.00,1062.00,56.82,34.09,22.73,0.00,948.37
2626062600247,26/06/2569,BZ-SKN-001,เซรั่มวิตามินซี 30ml,2,1180.00,0.00,1180.00,63.13,37.88,25.25,15.00,1038.74
2626062600248,26/06/2569,BZ-ACC-002,ขวดน้ำเก็บความเย็น 500ml,1,380.00,38.00,342.00,18.30,10.98,7.32,0.00,305.41
2626062600249,26/06/2569,BZ-ACC-001,กระเป๋าผ้าแคนวาส,1,320.00,0.00,320.00,17.12,10.27,6.85,15.00,270.76
2626062600250,26/06/2569,BZ-BND-001,เซตของขวัญรวม 3 ชิ้น,2,2380.00,0.00,2380.00,127.33,76.40,50.93,15.00,2110.34
2626062600251,26/06/2569,BZ-ACC-001,กระเป๋าผ้าแคนวาส,1,320.00,32.00,288.00,15.41,9.24,6.16,15.00,242.18
2626062600252,26/06/2569,BZ-ACC-001,กระเป๋าผ้าแคนวาส,1,320.00,0.00,320.00,17.12,10.27,6.85,0.00,285.76
2626062600253,26/06/2569,BZ-ACC-002,ขวดน้ำเก็บความเย็น 500ml,1,380.00,0.00,380.00,20.33,12.20,8.13,15.00,324.34
2626062600254,26/06/2569,BZ-SUP-001,คอลลาเจนเปปไทด์ 200g,1,890.00,89.00,801.00,42.85,25.71,17.14,0.00,715.29
2626062600255,26/06/2569,BZ-SUP-001,คอลลาเจนเปปไทด์ 200g,1,890.00,0.00,890.00,47.62,28.57,19.05,0.00,794.77
2626062600256,26/06/2569,BZ-SUP-001,คอลลาเจนเปปไทด์ 200g,1,890.00,89.00,801.00,42.85,25.71,17.14,15.00,700.29
2626062600257,26/06/2569,BZ-SUP-001,คอลลาเจนเปปไทด์ 200g,1,890.00,0.00,890.00,47.62,28.57,19.05,15.00,779.77
2626062600258,26/06/2569,BZ-SUP-001,คอลลาเจนเปปไทด์ 200g,2,1780.00,0.00,1780.00,95.23,57.14,38.09,0.00,1589.54
2626062600259,26/06/2569,BZ-SUP-001,คอลลาเจนเปปไทด์ 200g,1,890.00,0.00,890.00,47.62,28.57,19.05,15.00,779.77
2626062600260,26/06/2569,BZ-SUP-001,คอลลาเจนเปปไทด์ 200g,1,890.00,0.00,890.00,47.62,28.57,19.05,0.00,794.77
2626062600261,26/06/2569,BZ-SUP-001,คอลลาเจนเปปไทด์ 200g,1,890.00,89.00,801.00,42.85,25.71,17.14,0.00,715.29
2626062600262,26/06/2569,BZ-SUP-001,คอลลาเจนเปปไทด์ 200g,1,890.00,0.00,890.00,47.62,28.57,19.05,0.00,794.77
2626062600263,26/06/2569,BZ-SUP-001,คอลลาเจนเปปไทด์ 200g,1,890.00,0.00,890.00,47.62,28.57,19.05,15.00,779.77
2626062600264,26/06/2569,BZ-SUP-001,คอลลาเจนเปปไทด์ 200g,2,1780.00,0.00,1780.00,95.23,57.14,38.09,0.00,1589.54
2626062600265,26/06/2569,BZ-SUP-001,คอลลาเจนเปปไทด์ 200g,1,890.00,0.00,890.00,47.62,28.57,19.05,0.00,794.77
2626062600266,26/06/2569,BZ-SUP-001,คอลลาเจนเปปไทด์ 200g,1,890.00,0.00,890.00,47.62,28.57,19.05,0.00,794.77
2626062600267,26/06/2569,BZ-SUP-001,คอลลาเจนเปปไทด์ 200g,1,890.00,0.00,890.00,47.62,28.57,19.05,0.00,794.77
2626062600268,26/06/2569,BZ-SUP-001,คอลลาเจนเปปไทด์ 200g,1,890.00,0.00,890.00,47.62,28.57,19.05,15.00,779.77
2626062600269,26/06/2569,BZ-SUP-001,คอลลาเจนเปปไทด์ 200g,1,890.00,89.00,801.00,42.85,25.71,17.14,15.00,700.29
2626062600270,26/06/2569,BZ-SUP-001,คอลลาเจนเปปไทด์ 200g,1,890.00,0.00,890.00,47.62,28.57,19.05,0.00,794.77
2626062600271,26/06/2569,BZ-SUP-001,คอลลาเจนเปปไทด์ 200g,1,890.00,0.00,890.00,47.62,28.57,19.05,15.00,779.77
2626062600272,26/06/2569,BZ-ACC-002,ขวดน้ำเก็บความเย็น 500ml,2,760.00,76.00,684.00,36.59,21.96,14.64,15.00,595.81
2626062600273,26/06/2569,BZ-ACC-002,ขวดน้ำเก็บความเย็น 500ml,1,380.00,0.00,380.00,20.33,12.20,8.13,0.00,339.34
2626062600274,26/06/2569,BZ-SUP-001,คอลลาเจนเปปไทด์ 200g,1,890.00,89.00,801.00,42.85,25.71,17.14,0.00,715.29
2626062600275,26/06/2569,BZ-ACC-001,กระเป๋าผ้าแคนวาส,1,320.00,0.00,320.00,17.12,10.27,6.85,0.00,285.76
2626062600276,26/06/2569,BZ-ACC-001,กระเป๋าผ้าแคนวาส,1,320.00,0.00,320.00,17.12,10.27,6.85,15.00,270.76
2626062600277,26/06/2569,BZ-ACC-001,กระเป๋าผ้าแคนวาส,1,320.00,0.00,320.00,17.12,10.27,6.85,0.00,285.76
2626062600278,26/06/2569,BZ-ACC-001,กระเป๋าผ้าแคนวาส,1,320.00,0.00,320.00,17.12,10.27,6.85,15.00,270.76
2626062600279,26/06/2569,BZ-ACC-001,กระเป๋าผ้าแคนวาส,1,320.00,0.00,320.00,17.12,10.27,6.85,0.00,285.76
2626062600280,26/06/2569,BZ-ACC-001,กระเป๋าผ้าแคนวาส,1,320.00,32.00,288.00,15.41,9.24,6.16,15.00,242.18
2626062600281,26/06/2569,BZ-ACC-001,กระเป๋าผ้าแคนวาส,1,320.00,0.00,320.00,17.12,10.27,6.85,15.00,270.76
2626062600282,26/06/2569,BZ-ACC-001,กระเป๋าผ้าแคนวาส,1,320.00,0.00,320.00,17.12,10.27,6.85,15.00,270.76
2626062600283,26/06/2569,BZ-ACC-001,กระเป๋าผ้าแคนวาส,1,320.00,32.00,288.00,15.41,9.24,6.16,0.00,257.18
2626062600284,26/06/2569,BZ-SKN-002,ครีมกันแดด SPF50 50g,2,900.00,90.00,810.00,43.34,26.00,17.33,15.00,708.33
2626062600285,26/06/2569,BZ-ELC-001,หูฟังบลูทูธไร้สาย,1,690.00,0.00,690.00,36.91,22.15,14.77,0.00,616.17
2626062600286,26/06/2569,BZ-ACC-002,ขวดน้ำเก็บความเย็น 500ml,1,380.00,0.00,380.00,20.33,12.20,8.13,15.00,324.34
2626062600287,26/06/2569,BZ-ELC-001,หูฟังบลูทูธไร้สาย,1,690.00,0.00,690.00,36.91,22.15,14.77,15.00,601.17
2626062600288,26/06/2569,BZ-ELC-001,หูฟังบลูทูธไร้สาย,2,1380.00,0.00,1380.00,73.83,44.30,29.53,15.00,1217.34
2626062600289,26/06/2569,BZ-ELC-001,หูฟังบลูทูธไร้สาย,1,690.00,0.00,690.00,36.91,22.15,14.77,0.00,616.17
2626062600290,26/06/2569,BZ-ELC-001,หูฟังบลูทูธไร้สาย,1,690.00,0.00,690.00,36.91,22.15,14.77,0.00,616.17
2626062600291,26/06/2569,BZ-ELC-001,หูฟังบลูทูธไร้สาย,1,690.00,0.00,690.00,36.91,22.15,14.77,15.00,601.17
2626062600292,26/06/2569,BZ-ELC-001,หูฟังบลูทูธไร้สาย,1,690.00,0.00,690.00,36.91,22.15,14.77,0.00,616.17
2626062600293,26/06/2569,BZ-ELC-001,หูฟังบลูทูธไร้สาย,1,690.00,0.00,690.00,36.91,22.15,14.77,0.00,616.17
2626062600294,26/06/2569,BZ-ELC-001,หูฟังบลูทูธไร้สาย,1,690.00,69.00,621.00,33.22,19.93,13.29,15.00,539.55
2626062600295,26/06/2569,BZ-ELC-001,หูฟังบลูทูธไร้สาย,1,690.00,69.00,621.00,33.22,19.93,13.29,15.00,539.55
2626062600296,26/06/2569,BZ-ELC-001,หูฟังบลูทูธไร้สาย,1,690.00,69.00,621.00,33.22,19.93,13.29,15.00,539.55
2626062600297,26/06/2569,BZ-ELC-001,หูฟังบลูทูธไร้สาย,2,1380.00,0.00,1380.00,73.83,44.30,29.53,0.00,1232.34
2626062600298,26/06/2569,BZ-ELC-001,หูฟังบลูทูธไร้สาย,1,690.00,69.00,621.00,33.22,19.93,13.29,0.00,554.55
2626062600299,26/06/2569,BZ-ELC-001,หูฟังบลูทูธไร้สาย,2,1380.00,138.00,1242.00,66.45,39.87,26.58,0.00,1109.11
2626062600300,26/06/2569,BZ-ELC-001,หูฟังบลูทูธไร้สาย,1,690.00,69.00,621.00,33.22,19.93,13.29,0.00,554.55
2626062600301,26/06/2569,BZ-ELC-001,หูฟังบลูทูธไร้สาย,1,690.00,69.00,621.00,33.22,19.93,13.29,15.00,539.55
2626062600302,26/06/2569,BZ-ELC-001,หูฟังบลูทูธไร้สาย,1,690.00,0.00,690.00,36.91,22.15,14.77,0.00,616.17
2626062600303,26/06/2569,BZ-ELC-001,หูฟังบลูทูธไร้สาย,1,690.00,69.00,621.00,33.22,19.93,13.29,0.00,554.55
2626062600304,26/06/2569,BZ-ELC-001,หูฟังบลูทูธไร้สาย,1,690.00,0.00,690.00,36.91,22.15,14.77,0.00,616.17
2626062600305,26/06/2569,BZ-ACC-001,กระเป๋าผ้าแคนวาส,1,320.00,0.00,320.00,17.12,10.27,6.85,0.00,285.76
2626062600306,26/06/2569,BZ-SKN-002,ครีมกันแดด SPF50 50g,1,450.00,45.00,405.00,21.67,13.00,8.67,0.00,361.67
2626062600307,26/06/2569,BZ-BND-001,เซตของขวัญรวม 3 ชิ้น,2,2380.00,0.00,2380.00,127.33,76.40,50.93,15.00,2110.34
2626062600308,26/06/2569,BZ-BND-001,เซตของขวัญรวม 3 ชิ้น,1,1190.00,119.00,1071.00,57.30,34.38,22.92,0.00,956.40
2626062600309,26/06/2569,BZ-BND-001,เซตของขวัญรวม 3 ชิ้น,1,1190.00,119.00,1071.00,57.30,34.38,22.92,0.00,956.40
2626062600310,26/06/2569,BZ-BND-001,เซตของขวัญรวม 3 ชิ้น,1,1190.00,0.00,1190.00,63.66,38.20,25.47,0.00,1062.67
2626062600311,26/06/2569,BZ-BND-001,เซตของขวัญรวม 3 ชิ้น,1,1190.00,0.00,1190.00,63.66,38.20,25.47,0.00,1062.67
2626062600312,26/06/2569,BZ-BND-001,เซตของขวัญรวม 3 ชิ้น,2,2380.00,0.00,2380.00,127.33,76.40,50.93,15.00,2110.34
2626062600313,26/06/2569,BZ-BND-001,เซตของขวัญรวม 3 ชิ้น,1,1190.00,0.00,1190.00,63.66,38.20,25.47,15.00,1047.67
2626062600314,26/06/2569,BZ-BND-001,เซตของขวัญรวม 3 ชิ้น,1,1190.00,119.00,1071.00,57.30,34.38,22.92,0.00,956.40
2626062600315,26/06/2569,BZ-BND-001,เซตของขวัญรวม 3 ชิ้น,1,1190.00,0.00,1190.00,63.66,38.20,25.47,15.00,1047.67
2626062600316,26/06/2569,BZ-BND-001,เซตของขวัญรวม 3 ชิ้น,1,1190.00,119.00,1071.00,57.30,34.38,22.92,15.00,941.40
2626062600317,26/06/2569,BZ-BND-001,เซตของขวัญรวม 3 ชิ้น,2,2380.00,0.00,2380.00,127.33,76.40,50.93,0.00,2125.34
2626062600318,26/06/2569,BZ-BND-001,เซตของขวัญรวม 3 ชิ้น,1,1190.00,0.00,1190.00,63.66,38.20,25.47,15.00,1047.67
2626062600319,26/06/2569,BZ-BND-001,เซตของขวัญรวม 3 ชิ้น,1,1190.00,0.00,1190.00,63.66,38.20,25.47,0.00,1062.67
2626062600320,26/06/2569,BZ-BND-001,เซตของขวัญรวม 3 ชิ้น,2,2380.00,0.00,2380.00,127.33,76.40,50.93,15.00,2110.34
2626062600321,26/06/2569,BZ-BND-001,เซตของขวัญรวม 3 ชิ้น,1,1190.00,119.00,1071.00,57.30,34.38,22.92,0.00,956.40
2626062600322,26/06/2569,BZ-BND-001,เซตของขวัญรวม 3 ชิ้น,1,1190.00,119.00,1071.00,57.30,34.38,22.92,0.00,956.40
2626062600323,26/06/2569,BZ-ELC-001,หูฟังบลูทูธไร้สาย,1,690.00,0.00,690.00,36.91,22.15,14.77,0.00,616.17
2626062700324,27/06/2569,BZ-SKN-001,เซรั่มวิตามินซี 30ml,2,1180.00,0.00,1180.00,63.13,37.88,25.25,15.00,1038.74
2626062700325,27/06/2569,BZ-SKN-001,เซรั่มวิตามินซี 30ml,1,590.00,0.00,590.00,31.56,18.94,12.63,15.00,511.87
2626062700326,27/06/2569,BZ-SKN-001,เซรั่มวิตามินซี 30ml,2,1180.00,118.00,1062.00,56.82,34.09,22.73,15.00,933.37
2626062700327,27/06/2569,BZ-SKN-001,เซรั่มวิตามินซี 30ml,2,1180.00,0.00,1180.00,63.13,37.88,25.25,0.00,1053.74
2626062700328,27/06/2569,BZ-SKN-001,เซรั่มวิตามินซี 30ml,1,590.00,59.00,531.00,28.41,17.05,11.36,0.00,474.18
2626062700329,27/06/2569,BZ-SKN-001,เซรั่มวิตามินซี 30ml,1,590.00,0.00,590.00,31.56,18.94,12.63,0.00,526.87
2626062700330,27/06/2569,BZ-SKN-001,เซรั่มวิตามินซี 30ml,1,590.00,0.00,590.00,31.56,18.94,12.63,15.00,511.87
2626062700331,27/06/2569,BZ-SKN-001,เซรั่มวิตามินซี 30ml,1,590.00,0.00,590.00,31.56,18.94,12.63,15.00,511.87
2626062700332,27/06/2569,BZ-SKN-001,เซรั่มวิตามินซี 30ml,2,1180.00,118.00,1062.00,56.82,34.09,22.73,0.00,948.37
2626062700333,27/06/2569,BZ-SKN-001,เซรั่มวิตามินซี 30ml,1,590.00,0.00,590.00,31.56,18.94,12.63,15.00,511.87
2626062700334,27/06/2569,BZ-SKN-001,เซรั่มวิตามินซี 30ml,1,590.00,0.00,590.00,31.56,18.94,12.63,0.00,526.87
2626062700335,27/06/2569,BZ-SKN-001,เซรั่มวิตามินซี 30ml,1,590.00,0.00,590.00,31.56,18.94,12.63,15.00,511.87
2626062700336,27/06/2569,BZ-SKN-001,เซรั่มวิตามินซี 30ml,1,590.00,0.00,590.00,31.56,18.94,12.63,15.00,511.87
2626062700337,27/06/2569,BZ-SKN-001,เซรั่มวิตามินซี 30ml,1,590.00,0.00,590.00,31.56,18.94,12.63,0.00,526.87
2626062700338,27/06/2569,BZ-SKN-001,เซรั่มวิตามินซี 30ml,1,590.00,0.00,590.00,31.56,18.94,12.63,15.00,511.87
2626062700339,27/06/2569,BZ-SKN-001,เซรั่มวิตามินซี 30ml,1,590.00,59.00,531.00,28.41,17.05,11.36,15.00,459.18
2626062700340,27/06/2569,BZ-SKN-001,เซรั่มวิตามินซี 30ml,2,1180.00,0.00,1180.00,63.13,37.88,25.25,0.00,1053.74
2626062700341,27/06/2569,BZ-SKN-001,เซรั่มวิตามินซี 30ml,1,590.00,0.00,590.00,31.56,18.94,12.63,0.00,526.87
2626062700342,27/06/2569,BZ-SKN-001,เซรั่มวิตามินซี 30ml,1,590.00,59.00,531.00,28.41,17.05,11.36,0.00,474.18
2626062700343,27/06/2569,BZ-SKN-001,เซรั่มวิตามินซี 30ml,1,590.00,59.00,531.00,28.41,17.05,11.36,0.00,474.18
2626062700344,27/06/2569,BZ-SKN-001,เซรั่มวิตามินซี 30ml,1,590.00,0.00,590.00,31.56,18.94,12.63,0.00,526.87
2626062700345,27/06/2569,BZ-SKN-001,เซรั่มวิตามินซี 30ml,2,1180.00,0.00,1180.00,63.13,37.88,25.25,15.00,1038.74
2626062700346,27/06/2569,BZ-SKN-001,เซรั่มวิตามินซี 30ml,1,590.00,0.00,590.00,31.56,18.94,12.63,0.00,526.87
2626062700347,27/06/2569,BZ-SKN-001,เซรั่มวิตามินซี 30ml,1,590.00,59.00,531.00,28.41,17.05,11.36,15.00,459.18
2626062700348,27/06/2569,BZ-SKN-001,เซรั่มวิตามินซี 30ml,1,590.00,59.00,531.00,28.41,17.05,11.36,0.00,474.18
2626062700349,27/06/2569,BZ-SKN-001,เซรั่มวิตามินซี 30ml,1,590.00,0.00,590.00,31.56,18.94,12.63,0.00,526.87
2626062700350,27/06/2569,BZ-SKN-001,เซรั่มวิตามินซี 30ml,1,590.00,0.00,590.00,31.56,18.94,12.63,0.00,526.87
2626062700351,27/06/2569,BZ-BND-001,เซตของขวัญรวม 3 ชิ้น,2,2380.00,238.00,2142.00,114.60,68.76,45.84,15.00,1897.81
2626062700352,27/06/2569,BZ-ACC-001,กระเป๋าผ้าแคนวาส,2,640.00,64.00,576.00,30.82,18.49,12.33,15.00,499.37
2626062700353,27/06/2569,BZ-SKN-002,ครีมกันแดด SPF50 50g,1,450.00,45.00,405.00,21.67,13.00,8.67,15.00,346.67
2626062700354,27/06/2569,BZ-SKN-001,เซรั่มวิตามินซี 30ml,1,590.00,59.00,531.00,28.41,17.05,11.36,15.00,459.18
2626062700355,27/06/2569,BZ-ACC-001,กระเป๋าผ้าแคนวาส,1,320.00,32.00,288.00,15.41,9.24,6.16,0.00,257.18
2626062700356,27/06/2569,BZ-SUP-001,คอลลาเจนเปปไทด์ 200g,1,890.00,0.00,890.00,47.62,28.57,19.05,0.00,794.77
2626062700357,27/06/2569,BZ-SUP-001,คอลลาเจนเปปไทด์ 200g,1,890.00,0.00,890.00,47.62,28.57,19.05,0.00,794.77
2626062700358,27/06/2569,BZ-SUP-001,คอลลาเจนเปปไทด์ 200g,1,890.00,0.00,890.00,47.62,28.57,19.05,0.00,794.77
2626062700359,27/06/2569,BZ-SUP-001,คอลลาเจนเปปไทด์ 200g,1,890.00,89.00,801.00,42.85,25.71,17.14,15.00,700.29
2626062700360,27/06/2569,BZ-SUP-001,คอลลาเจนเปปไทด์ 200g,2,1780.00,0.00,1780.00,95.23,57.14,38.09,15.00,1574.54
2626062700361,27/06/2569,BZ-SUP-001,คอลลาเจนเปปไทด์ 200g,1,890.00,0.00,890.00,47.62,28.57,19.05,15.00,779.77
2626062700362,27/06/2569,BZ-SUP-001,คอลลาเจนเปปไทด์ 200g,2,1780.00,0.00,1780.00,95.23,57.14,38.09,0.00,1589.54
2626062700363,27/06/2569,BZ-SUP-001,คอลลาเจนเปปไทด์ 200g,1,890.00,89.00,801.00,42.85,25.71,17.14,15.00,700.29
2626062700364,27/06/2569,BZ-SUP-001,คอลลาเจนเปปไทด์ 200g,2,1780.00,0.00,1780.00,95.23,57.14,38.09,0.00,1589.54
2626062700365,27/06/2569,BZ-SUP-001,คอลลาเจนเปปไทด์ 200g,1,890.00,0.00,890.00,47.62,28.57,19.05,15.00,779.77
2626062700366,27/06/2569,BZ-SUP-001,คอลลาเจนเปปไทด์ 200g,2,1780.00,178.00,1602.00,85.71,51.42,34.28,0.00,1430.59
2626062700367,27/06/2569,BZ-SUP-001,คอลลาเจนเปปไทด์ 200g,2,1780.00,0.00,1780.00,95.23,57.14,38.09,15.00,1574.54
2626062700368,27/06/2569,BZ-SUP-001,คอลลาเจนเปปไทด์ 200g,2,1780.00,178.00,1602.00,85.71,51.42,34.28,0.00,1430.59
2626062700369,27/06/2569,BZ-SUP-001,คอลลาเจนเปปไทด์ 200g,1,890.00,89.00,801.00,42.85,25.71,17.14,0.00,715.29
2626062700370,27/06/2569,BZ-SUP-001,คอลลาเจนเปปไทด์ 200g,1,890.00,0.00,890.00,47.62,28.57,19.05,15.00,779.77
2626062700371,27/06/2569,BZ-SUP-001,คอลลาเจนเปปไทด์ 200g,1,890.00,0.00,890.00,47.62,28.57,19.05,15.00,779.77
2626062700372,27/06/2569,BZ-SUP-001,คอลลาเจนเปปไทด์ 200g,1,890.00,89.00,801.00,42.85,25.71,17.14,0.00,715.29
2626062700373,27/06/2569,BZ-SUP-001,คอลลาเจนเปปไทด์ 200g,1,890.00,89.00,801.00,42.85,25.71,17.14,0.00,715.29
2626062700374,27/06/2569,BZ-SUP-001,คอลลาเจนเปปไทด์ 200g,1,890.00,89.00,801.00,42.85,25.71,17.14,0.00,715.29
2626062700375,27/06/2569,BZ-SUP-001,คอลลาเจนเปปไทด์ 200g,2,1780.00,178.00,1602.00,85.71,51.42,34.28,0.00,1430.59
2626062700376,27/06/2569,BZ-SUP-001,คอลลาเจนเปปไทด์ 200g,1,890.00,0.00,890.00,47.62,28.57,19.05,0.00,794.77
2626062700377,27/06/2569,BZ-SUP-001,คอลลาเจนเปปไทด์ 200g,2,1780.00,0.00,1780.00,95.23,57.14,38.09,0.00,1589.54
2626062700378,27/06/2569,BZ-BND-001,เซตของขวัญรวม 3 ชิ้น,1,1190.00,119.00,1071.00,57.30,34.38,22.92,0.00,956.40
2626062700379,27/06/2569,BZ-SKN-002,ครีมกันแดด SPF50 50g,2,900.00,90.00,810.00,43.34,26.00,17.33,15.00,708.33
2626062700380,27/06/2569,BZ-SKN-001,เซรั่มวิตามินซี 30ml,2,1180.00,0.00,1180.00,63.13,37.88,25.25,0.00,1053.74
2626062700381,27/06/2569,BZ-ACC-001,กระเป๋าผ้าแคนวาส,1,320.00,0.00,320.00,17.12,10.27,6.85,0.00,285.76
2626062700382,27/06/2569,BZ-ACC-001,กระเป๋าผ้าแคนวาส,1,320.00,0.00,320.00,17.12,10.27,6.85,15.00,270.76
2626062700383,27/06/2569,BZ-ACC-001,กระเป๋าผ้าแคนวาส,1,320.00,32.00,288.00,15.41,9.24,6.16,0.00,257.18
2626062700384,27/06/2569,BZ-ACC-001,กระเป๋าผ้าแคนวาส,1,320.00,0.00,320.00,17.12,10.27,6.85,15.00,270.76
2626062700385,27/06/2569,BZ-ACC-001,กระเป๋าผ้าแคนวาส,1,320.00,32.00,288.00,15.41,9.24,6.16,0.00,257.18
2626062700386,27/06/2569,BZ-ACC-001,กระเป๋าผ้าแคนวาส,2,640.00,0.00,640.00,34.24,20.54,13.70,15.00,556.52
2626062700387,27/06/2569,BZ-ACC-001,กระเป๋าผ้าแคนวาส,1,320.00,0.00,320.00,17.12,10.27,6.85,15.00,270.76
2626062700388,27/06/2569,BZ-ACC-001,กระเป๋าผ้าแคนวาส,1,320.00,0.00,320.00,17.12,10.27,6.85,0.00,285.76
2626062700389,27/06/2569,BZ-ACC-001,กระเป๋าผ้าแคนวาส,1,320.00,32.00,288.00,15.41,9.24,6.16,0.00,257.18
2626062700390,27/06/2569,BZ-ACC-001,กระเป๋าผ้าแคนวาส,1,320.00,32.00,288.00,15.41,9.24,6.16,15.00,242.18
2626062700391,27/06/2569,BZ-ACC-001,กระเป๋าผ้าแคนวาส,1,320.00,32.00,288.00,15.41,9.24,6.16,0.00,257.18
2626062700392,27/06/2569,BZ-ACC-001,กระเป๋าผ้าแคนวาส,1,320.00,0.00,320.00,17.12,10.27,6.85,15.00,270.76
2626062700393,27/06/2569,BZ-ACC-001,กระเป๋าผ้าแคนวาส,1,320.00,32.00,288.00,15.41,9.24,6.16,0.00,257.18
2626062700394,27/06/2569,BZ-ACC-001,กระเป๋าผ้าแคนวาส,2,640.00,64.00,576.00,30.82,18.49,12.33,15.00,499.37
2626062700395,27/06/2569,BZ-SKN-001,เซรั่มวิตามินซี 30ml,1,590.00,0.00,590.00,31.56,18.94,12.63,0.00,526.87
2626062700396,27/06/2569,BZ-SKN-002,ครีมกันแดด SPF50 50g,1,450.00,0.00,450.00,24.07,14.44,9.63,0.00,401.85
2626062700397,27/06/2569,BZ-SKN-001,เซรั่มวิตามินซี 30ml,1,590.00,0.00,590.00,31.56,18.94,12.63,0.00,526.87
2626062700398,27/06/2569,BZ-ELC-001,หูฟังบลูทูธไร้สาย,1,690.00,69.00,621.00,33.22,19.93,13.29,15.00,539.55
2626062700399,27/06/2569,BZ-ELC-001,หูฟังบลูทูธไร้สาย,1,690.00,0.00,690.00,36.91,22.15,14.77,0.00,616.17
2626062700400,27/06/2569,BZ-ELC-001,หูฟังบลูทูธไร้สาย,1,690.00,0.00,690.00,36.91,22.15,14.77,15.00,601.17
2626062700401,27/06/2569,BZ-ELC-001,หูฟังบลูทูธไร้สาย,1,690.00,0.00,690.00,36.91,22.15,14.77,0.00,616.17
2626062700402,27/06/2569,BZ-ELC-001,หูฟังบลูทูธไร้สาย,1,690.00,0.00,690.00,36.91,22.15,14.77,15.00,601.17
2626062700403,27/06/2569,BZ-ELC-001,หูฟังบลูทูธไร้สาย,1,690.00,0.00,690.00,36.91,22.15,14.77,15.00,601.17
2626062700404,27/06/2569,BZ-ELC-001,หูฟังบลูทูธไร้สาย,1,690.00,0.00,690.00,36.91,22.15,14.77,0.00,616.17
2626062700405,27/06/2569,BZ-ELC-001,หูฟังบลูทูธไร้สาย,1,690.00,0.00,690.00,36.91,22.15,14.77,15.00,601.17
2626062700406,27/06/2569,BZ-ELC-001,หูฟังบลูทูธไร้สาย,1,690.00,0.00,690.00,36.91,22.15,14.77,0.00,616.17
2626062700407,27/06/2569,BZ-ELC-001,หูฟังบลูทูธไร้สาย,1,690.00,0.00,690.00,36.91,22.15,14.77,0.00,616.17
2626062700408,27/06/2569,BZ-ELC-001,หูฟังบลูทูธไร้สาย,2,1380.00,0.00,1380.00,73.83,44.30,29.53,15.00,1217.34
2626062700409,27/06/2569,BZ-ELC-001,หูฟังบลูทูธไร้สาย,1,690.00,69.00,621.00,33.22,19.93,13.29,0.00,554.55
2626062700410,27/06/2569,BZ-ELC-001,หูฟังบลูทูธไร้สาย,1,690.00,69.00,621.00,33.22,19.93,13.29,0.00,554.55
2626062700411,27/06/2569,BZ-ELC-001,หูฟังบลูทูธไร้สาย,1,690.00,69.00,621.00,33.22,19.93,13.29,15.00,539.55
2626062700412,27/06/2569,BZ-ELC-001,หูฟังบลูทูธไร้สาย,1,690.00,69.00,621.00,33.22,19.93,13.29,15.00,539.55
2626062700413,27/06/2569,BZ-ELC-001,หูฟังบลูทูธไร้สาย,1,690.00,69.00,621.00,33.22,19.93,13.29,0.00,554.55
2626062700414,27/06/2569,BZ-ELC-001,หูฟังบลูทูธไร้สาย,1,690.00,69.00,621.00,33.22,19.93,13.29,0.00,554.55
2626062700415,27/06/2569,BZ-ELC-001,หูฟังบลูทูธไร้สาย,1,690.00,69.00,621.00,33.22,19.93,13.29,0.00,554.55
2626062700416,27/06/2569,BZ-ELC-001,หูฟังบลูทูธไร้สาย,1,690.00,69.00,621.00,33.22,19.93,13.29,0.00,554.55
2626062700417,27/06/2569,BZ-ELC-001,หูฟังบลูทูธไร้สาย,1,690.00,0.00,690.00,36.91,22.15,14.77,0.00,616.17
2626062700418,27/06/2569,BZ-ELC-001,หูฟังบลูทูธไร้สาย,2,1380.00,138.00,1242.00,66.45,39.87,26.58,15.00,1094.11
2626062700419,27/06/2569,BZ-ELC-001,หูฟังบลูทูธไร้สาย,1,690.00,0.00,690.00,36.91,22.15,14.77,15.00,601.17
2626062700420,27/06/2569,BZ-ELC-001,หูฟังบลูทูธไร้สาย,1,690.00,69.00,621.00,33.22,19.93,13.29,0.00,554.55
2626062700421,27/06/2569,BZ-ELC-001,หูฟังบลูทูธไร้สาย,1,690.00,0.00,690.00,36.91,22.15,14.77,0.00,616.17
2626062700422,27/06/2569,BZ-ELC-001,หูฟังบลูทูธไร้สาย,1,690.00,69.00,621.00,33.22,19.93,13.29,0.00,554.55
2626062700423,27/06/2569,BZ-BND-001,เซตของขวัญรวม 3 ชิ้น,1,1190.00,119.00,1071.00,57.30,34.38,22.92,0.00,956.40
2626062700424,27/06/2569,BZ-ACC-001,กระเป๋าผ้าแคนวาส,1,320.00,0.00,320.00,17.12,10.27,6.85,0.00,285.76
2626062700425,27/06/2569,BZ-ELC-001,หูฟังบลูทูธไร้สาย,1,690.00,0.00,690.00,36.91,22.15,14.77,15.00,601.17
2626062700426,27/06/2569,BZ-BND-001,เซตของขวัญรวม 3 ชิ้น,1,1190.00,119.00,1071.00,57.30,34.38,22.92,15.00,941.40
2626062700427,27/06/2569,BZ-BND-001,เซตของขวัญรวม 3 ชิ้น,2,2380.00,0.00,2380.00,127.33,76.40,50.93,15.00,2110.34
2626062700428,27/06/2569,BZ-BND-001,เซตของขวัญรวม 3 ชิ้น,1,1190.00,119.00,1071.00,57.30,34.38,22.92,15.00,941.40
2626062700429,27/06/2569,BZ-BND-001,เซตของขวัญรวม 3 ชิ้น,1,1190.00,0.00,1190.00,63.66,38.20,25.47,15.00,1047.67
2626062700430,27/06/2569,BZ-BND-001,เซตของขวัญรวม 3 ชิ้น,2,2380.00,238.00,2142.00,114.60,68.76,45.84,15.00,1897.81
2626062700431,27/06/2569,BZ-BND-001,เซตของขวัญรวม 3 ชิ้น,1,1190.00,0.00,1190.00,63.66,38.20,25.47,0.00,1062.67
2626062700432,27/06/2569,BZ-BND-001,เซตของขวัญรวม 3 ชิ้น,1,1190.00,119.00,1071.00,57.30,34.38,22.92,0.00,956.40
2626062700433,27/06/2569,BZ-BND-001,เซตของขวัญรวม 3 ชิ้น,1,1190.00,0.00,1190.00,63.66,38.20,25.47,15.00,1047.67
2626062700434,27/06/2569,BZ-BND-001,เซตของขวัญรวม 3 ชิ้น,2,2380.00,0.00,2380.00,127.33,76.40,50.93,15.00,2110.34
2626062700435,27/06/2569,BZ-BND-001,เซตของขวัญรวม 3 ชิ้น,1,1190.00,0.00,1190.00,63.66,38.20,25.47,0.00,1062.67
2626062700436,27/06/2569,BZ-BND-001,เซตของขวัญรวม 3 ชิ้น,1,1190.00,119.00,1071.00,57.30,34.38,22.92,0.00,956.40
2626062700437,27/06/2569,BZ-BND-001,เซตของขวัญรวม 3 ชิ้น,1,1190.00,0.00,1190.00,63.66,38.20,25.47,0.00,1062.67
2626062700438,27/06/2569,BZ-BND-001,เซตของขวัญรวม 3 ชิ้น,1,1190.00,119.00,1071.00,57.30,34.38,22.92,0.00,956.40
2626062700439,27/06/2569,BZ-BND-001,เซตของขวัญรวม 3 ชิ้น,2,2380.00,238.00,2142.00,114.60,68.76,45.84,15.00,1897.81
2626062700440,27/06/2569,BZ-BND-001,เซตของขวัญรวม 3 ชิ้น,1,1190.00,0.00,1190.00,63.66,38.20,25.47,0.00,1062.67
2626062700441,27/06/2569,BZ-ACC-002,ขวดน้ำเก็บความเย็น 500ml,1,380.00,38.00,342.00,18.30,10.98,7.32,0.00,305.41
2626062800442,28/06/2569,BZ-SKN-001,เซรั่มวิตามินซี 30ml,1,590.00,0.00,590.00,31.56,18.94,12.63,15.00,511.87
2626062800443,28/06/2569,BZ-SKN-001,เซรั่มวิตามินซี 30ml,1,590.00,0.00,590.00,31.56,18.94,12.63,15.00,511.87
2626062800444,28/06/2569,BZ-SKN-001,เซรั่มวิตามินซี 30ml,2,1180.00,0.00,1180.00,63.13,37.88,25.25,15.00,1038.74
2626062800445,28/06/2569,BZ-SKN-001,เซรั่มวิตามินซี 30ml,1,590.00,59.00,531.00,28.41,17.05,11.36,15.00,459.18
2626062800446,28/06/2569,BZ-SKN-001,เซรั่มวิตามินซี 30ml,1,590.00,0.00,590.00,31.56,18.94,12.63,15.00,511.87
2626062800447,28/06/2569,BZ-SKN-001,เซรั่มวิตามินซี 30ml,1,590.00,0.00,590.00,31.56,18.94,12.63,15.00,511.87
2626062800448,28/06/2569,BZ-SKN-001,เซรั่มวิตามินซี 30ml,1,590.00,0.00,590.00,31.56,18.94,12.63,15.00,511.87
2626062800449,28/06/2569,BZ-SKN-001,เซรั่มวิตามินซี 30ml,1,590.00,59.00,531.00,28.41,17.05,11.36,0.00,474.18
2626062800450,28/06/2569,BZ-SKN-001,เซรั่มวิตามินซี 30ml,1,590.00,0.00,590.00,31.56,18.94,12.63,0.00,526.87
2626062800451,28/06/2569,BZ-SKN-001,เซรั่มวิตามินซี 30ml,1,590.00,0.00,590.00,31.56,18.94,12.63,15.00,511.87
2626062800452,28/06/2569,BZ-SKN-001,เซรั่มวิตามินซี 30ml,1,590.00,59.00,531.00,28.41,17.05,11.36,0.00,474.18
2626062800453,28/06/2569,BZ-SKN-001,เซรั่มวิตามินซี 30ml,2,1180.00,0.00,1180.00,63.13,37.88,25.25,15.00,1038.74
2626062800454,28/06/2569,BZ-SKN-001,เซรั่มวิตามินซี 30ml,1,590.00,0.00,590.00,31.56,18.94,12.63,15.00,511.87
2626062800455,28/06/2569,BZ-SKN-001,เซรั่มวิตามินซี 30ml,1,590.00,59.00,531.00,28.41,17.05,11.36,15.00,459.18
2626062800456,28/06/2569,BZ-SKN-001,เซรั่มวิตามินซี 30ml,2,1180.00,118.00,1062.00,56.82,34.09,22.73,15.00,933.37
2626062800457,28/06/2569,BZ-SKN-001,เซรั่มวิตามินซี 30ml,1,590.00,59.00,531.00,28.41,17.05,11.36,15.00,459.18
2626062800458,28/06/2569,BZ-SKN-001,เซรั่มวิตามินซี 30ml,1,590.00,59.00,531.00,28.41,17.05,11.36,15.00,459.18
2626062800459,28/06/2569,BZ-SKN-001,เซรั่มวิตามินซี 30ml,2,1180.00,0.00,1180.00,63.13,37.88,25.25,15.00,1038.74
2626062800460,28/06/2569,BZ-SKN-001,เซรั่มวิตามินซี 30ml,2,1180.00,0.00,1180.00,63.13,37.88,25.25,15.00,1038.74
2626062800461,28/06/2569,BZ-SKN-001,เซรั่มวิตามินซี 30ml,2,1180.00,118.00,1062.00,56.82,34.09,22.73,15.00,933.37
2626062800462,28/06/2569,BZ-SKN-001,เซรั่มวิตามินซี 30ml,1,590.00,0.00,590.00,31.56,18.94,12.63,0.00,526.87
2626062800463,28/06/2569,BZ-SKN-001,เซรั่มวิตามินซี 30ml,1,590.00,0.00,590.00,31.56,18.94,12.63,15.00,511.87
2626062800464,28/06/2569,BZ-SKN-001,เซรั่มวิตามินซี 30ml,1,590.00,59.00,531.00,28.41,17.05,11.36,15.00,459.18
2626062800465,28/06/2569,BZ-SKN-001,เซรั่มวิตามินซี 30ml,1,590.00,0.00,590.00,31.56,18.94,12.63,0.00,526.87
2626062800466,28/06/2569,BZ-SKN-001,เซรั่มวิตามินซี 30ml,1,590.00,0.00,590.00,31.56,18.94,12.63,0.00,526.87
2626062800467,28/06/2569,BZ-SKN-001,เซรั่มวิตามินซี 30ml,1,590.00,59.00,531.00,28.41,17.05,11.36,0.00,474.18
2626062800468,28/06/2569,BZ-SKN-001,เซรั่มวิตามินซี 30ml,1,590.00,0.00,590.00,31.56,18.94,12.63,0.00,526.87
2626062800469,28/06/2569,BZ-SKN-001,เซรั่มวิตามินซี 30ml,1,590.00,0.00,590.00,31.56,18.94,12.63,15.00,511.87
2626062800470,28/06/2569,BZ-SKN-001,เซรั่มวิตามินซี 30ml,1,590.00,0.00,590.00,31.56,18.94,12.63,0.00,526.87
2626062800471,28/06/2569,BZ-SKN-001,เซรั่มวิตามินซี 30ml,1,590.00,0.00,590.00,31.56,18.94,12.63,15.00,511.87
2626062800472,28/06/2569,BZ-SKN-001,เซรั่มวิตามินซี 30ml,1,590.00,0.00,590.00,31.56,18.94,12.63,0.00,526.87
2626062800473,28/06/2569,BZ-SKN-001,เซรั่มวิตามินซี 30ml,1,590.00,0.00,590.00,31.56,18.94,12.63,0.00,526.87
2626062800474,28/06/2569,BZ-SKN-001,เซรั่มวิตามินซี 30ml,1,590.00,0.00,590.00,31.56,18.94,12.63,0.00,526.87
2626062800475,28/06/2569,BZ-SKN-001,เซรั่มวิตามินซี 30ml,1,590.00,59.00,531.00,28.41,17.05,11.36,15.00,459.18
2626062800476,28/06/2569,BZ-SKN-001,เซรั่มวิตามินซี 30ml,1,590.00,0.00,590.00,31.56,18.94,12.63,15.00,511.87
2626062800477,28/06/2569,BZ-SKN-001,เซรั่มวิตามินซี 30ml,1,590.00,59.00,531.00,28.41,17.05,11.36,0.00,474.18
2626062800478,28/06/2569,BZ-ACC-002,ขวดน้ำเก็บความเย็น 500ml,1,380.00,0.00,380.00,20.33,12.20,8.13,0.00,339.34
2626062800479,28/06/2569,BZ-ELC-001,หูฟังบลูทูธไร้สาย,2,1380.00,0.00,1380.00,73.83,44.30,29.53,0.00,1232.34
2626062800480,28/06/2569,BZ-ELC-001,หูฟังบลูทูธไร้สาย,1,690.00,0.00,690.00,36.91,22.15,14.77,0.00,616.17
2626062800481,28/06/2569,BZ-SUP-001,คอลลาเจนเปปไทด์ 200g,2,1780.00,178.00,1602.00,85.71,51.42,34.28,0.00,1430.59
2626062800482,28/06/2569,BZ-SUP-001,คอลลาเจนเปปไทด์ 200g,1,890.00,0.00,890.00,47.62,28.57,19.05,15.00,779.77
2626062800483,28/06/2569,BZ-SKN-001,เซรั่มวิตามินซี 30ml,1,590.00,0.00,590.00,31.56,18.94,12.63,0.00,526.87
2626062800484,28/06/2569,BZ-ELC-001,หูฟังบลูทูธไร้สาย,1,690.00,69.00,621.00,33.22,19.93,13.29,0.00,554.55
2626062800485,28/06/2569,BZ-SKN-001,เซรั่มวิตามินซี 30ml,1,590.00,0.00,590.00,31.56,18.94,12.63,15.00,511.87
2626062800486,28/06/2569,BZ-SUP-001,คอลลาเจนเปปไทด์ 200g,1,890.00,0.00,890.00,47.62,28.57,19.05,15.00,779.77
2626062800487,28/06/2569,BZ-SUP-001,คอลลาเจนเปปไทด์ 200g,2,1780.00,178.00,1602.00,85.71,51.42,34.28,15.00,1415.59
2626062800488,28/06/2569,BZ-SUP-001,คอลลาเจนเปปไทด์ 200g,1,890.00,0.00,890.00,47.62,28.57,19.05,0.00,794.77
2626062800489,28/06/2569,BZ-SUP-001,คอลลาเจนเปปไทด์ 200g,2,1780.00,0.00,1780.00,95.23,57.14,38.09,15.00,1574.54
2626062800490,28/06/2569,BZ-SUP-001,คอลลาเจนเปปไทด์ 200g,1,890.00,0.00,890.00,47.62,28.57,19.05,15.00,779.77
2626062800491,28/06/2569,BZ-SUP-001,คอลลาเจนเปปไทด์ 200g,1,890.00,89.00,801.00,42.85,25.71,17.14,15.00,700.29
2626062800492,28/06/2569,BZ-SUP-001,คอลลาเจนเปปไทด์ 200g,1,890.00,0.00,890.00,47.62,28.57,19.05,0.00,794.77
2626062800493,28/06/2569,BZ-SUP-001,คอลลาเจนเปปไทด์ 200g,1,890.00,0.00,890.00,47.62,28.57,19.05,0.00,794.77
2626062800494,28/06/2569,BZ-SUP-001,คอลลาเจนเปปไทด์ 200g,2,1780.00,0.00,1780.00,95.23,57.14,38.09,0.00,1589.54
2626062800495,28/06/2569,BZ-SUP-001,คอลลาเจนเปปไทด์ 200g,1,890.00,0.00,890.00,47.62,28.57,19.05,0.00,794.77
2626062800496,28/06/2569,BZ-SUP-001,คอลลาเจนเปปไทด์ 200g,1,890.00,89.00,801.00,42.85,25.71,17.14,15.00,700.29
2626062800497,28/06/2569,BZ-SUP-001,คอลลาเจนเปปไทด์ 200g,1,890.00,0.00,890.00,47.62,28.57,19.05,15.00,779.77
2626062800498,28/06/2569,BZ-SUP-001,คอลลาเจนเปปไทด์ 200g,1,890.00,0.00,890.00,47.62,28.57,19.05,15.00,779.77
2626062800499,28/06/2569,BZ-SUP-001,คอลลาเจนเปปไทด์ 200g,1,890.00,0.00,890.00,47.62,28.57,19.05,0.00,794.77
2626062800500,28/06/2569,BZ-SUP-001,คอลลาเจนเปปไทด์ 200g,1,890.00,0.00,890.00,47.62,28.57,19.05,15.00,779.77
2626062800501,28/06/2569,BZ-SUP-001,คอลลาเจนเปปไทด์ 200g,2,1780.00,0.00,1780.00,95.23,57.14,38.09,0.00,1589.54
2626062800502,28/06/2569,BZ-SUP-001,คอลลาเจนเปปไทด์ 200g,1,890.00,0.00,890.00,47.62,28.57,19.05,15.00,779.77
2626062800503,28/06/2569,BZ-SUP-001,คอลลาเจนเปปไทด์ 200g,2,1780.00,0.00,1780.00,95.23,57.14,38.09,0.00,1589.54
2626062800504,28/06/2569,BZ-SUP-001,คอลลาเจนเปปไทด์ 200g,2,1780.00,178.00,1602.00,85.71,51.42,34.28,0.00,1430.59
2626062800505,28/06/2569,BZ-SUP-001,คอลลาเจนเปปไทด์ 200g,1,890.00,0.00,890.00,47.62,28.57,19.05,15.00,779.77
2626062800506,28/06/2569,BZ-SUP-001,คอลลาเจนเปปไทด์ 200g,2,1780.00,178.00,1602.00,85.71,51.42,34.28,0.00,1430.59
2626062800507,28/06/2569,BZ-SUP-001,คอลลาเจนเปปไทด์ 200g,1,890.00,0.00,890.00,47.62,28.57,19.05,0.00,794.77
2626062800508,28/06/2569,BZ-SUP-001,คอลลาเจนเปปไทด์ 200g,1,890.00,0.00,890.00,47.62,28.57,19.05,15.00,779.77
2626062800509,28/06/2569,BZ-SKN-002,ครีมกันแดด SPF50 50g,1,450.00,0.00,450.00,24.07,14.44,9.63,15.00,386.85
2626062800510,28/06/2569,BZ-BND-001,เซตของขวัญรวม 3 ชิ้น,1,1190.00,119.00,1071.00,57.30,34.38,22.92,15.00,941.40
2626062800511,28/06/2569,BZ-SKN-001,เซรั่มวิตามินซี 30ml,1,590.00,0.00,590.00,31.56,18.94,12.63,0.00,526.87
2626062800512,28/06/2569,BZ-ELC-001,หูฟังบลูทูธไร้สาย,1,690.00,0.00,690.00,36.91,22.15,14.77,0.00,616.17
2626062800513,28/06/2569,BZ-ACC-002,ขวดน้ำเก็บความเย็น 500ml,1,380.00,0.00,380.00,20.33,12.20,8.13,0.00,339.34
2626062800514,28/06/2569,BZ-ACC-001,กระเป๋าผ้าแคนวาส,1,320.00,32.00,288.00,15.41,9.24,6.16,0.00,257.18
2626062800515,28/06/2569,BZ-ACC-001,กระเป๋าผ้าแคนวาส,1,320.00,0.00,320.00,17.12,10.27,6.85,15.00,270.76
2626062800516,28/06/2569,BZ-ACC-001,กระเป๋าผ้าแคนวาส,1,320.00,0.00,320.00,17.12,10.27,6.85,0.00,285.76
2626062800517,28/06/2569,BZ-ACC-001,กระเป๋าผ้าแคนวาส,1,320.00,0.00,320.00,17.12,10.27,6.85,15.00,270.76
2626062800518,28/06/2569,BZ-ACC-001,กระเป๋าผ้าแคนวาส,1,320.00,0.00,320.00,17.12,10.27,6.85,0.00,285.76
2626062800519,28/06/2569,BZ-ACC-001,กระเป๋าผ้าแคนวาส,1,320.00,0.00,320.00,17.12,10.27,6.85,15.00,270.76
2626062800520,28/06/2569,BZ-ACC-001,กระเป๋าผ้าแคนวาส,1,320.00,0.00,320.00,17.12,10.27,6.85,15.00,270.76
2626062800521,28/06/2569,BZ-ACC-001,กระเป๋าผ้าแคนวาส,1,320.00,32.00,288.00,15.41,9.24,6.16,0.00,257.18
2626062800522,28/06/2569,BZ-ACC-001,กระเป๋าผ้าแคนวาส,1,320.00,0.00,320.00,17.12,10.27,6.85,15.00,270.76
2626062800523,28/06/2569,BZ-ACC-001,กระเป๋าผ้าแคนวาส,1,320.00,0.00,320.00,17.12,10.27,6.85,0.00,285.76
2626062800524,28/06/2569,BZ-ACC-001,กระเป๋าผ้าแคนวาส,1,320.00,0.00,320.00,17.12,10.27,6.85,15.00,270.76
2626062800525,28/06/2569,BZ-ACC-001,กระเป๋าผ้าแคนวาส,1,320.00,32.00,288.00,15.41,9.24,6.16,0.00,257.18
2626062800526,28/06/2569,BZ-ACC-001,กระเป๋าผ้าแคนวาส,1,320.00,0.00,320.00,17.12,10.27,6.85,0.00,285.76
2626062800527,28/06/2569,BZ-ACC-001,กระเป๋าผ้าแคนวาส,1,320.00,0.00,320.00,17.12,10.27,6.85,0.00,285.76
2626062800528,28/06/2569,BZ-ACC-002,ขวดน้ำเก็บความเย็น 500ml,2,760.00,0.00,760.00,40.66,24.40,16.26,15.00,663.68
2626062800529,28/06/2569,BZ-SKN-001,เซรั่มวิตามินซี 30ml,1,590.00,0.00,590.00,31.56,18.94,12.63,0.00,526.87
2626062800530,28/06/2569,BZ-SKN-002,ครีมกันแดด SPF50 50g,1,450.00,0.00,450.00,24.07,14.44,9.63,15.00,386.85
2626062800531,28/06/2569,BZ-ELC-001,หูฟังบลูทูธไร้สาย,1,690.00,69.00,621.00,33.22,19.93,13.29,0.00,554.55
2626062800532,28/06/2569,BZ-ELC-001,หูฟังบลูทูธไร้สาย,2,1380.00,0.00,1380.00,73.83,44.30,29.53,15.00,1217.34
2626062800533,28/06/2569,BZ-ELC-001,หูฟังบลูทูธไร้สาย,2,1380.00,138.00,1242.00,66.45,39.87,26.58,0.00,1109.11
2626062800534,28/06/2569,BZ-ELC-001,หูฟังบลูทูธไร้สาย,1,690.00,0.00,690.00,36.91,22.15,14.77,15.00,601.17
2626062800535,28/06/2569,BZ-ELC-001,หูฟังบลูทูธไร้สาย,1,690.00,0.00,690.00,36.91,22.15,14.77,0.00,616.17
2626062800536,28/06/2569,BZ-ELC-001,หูฟังบลูทูธไร้สาย,1,690.00,69.00,621.00,33.22,19.93,13.29,0.00,554.55
2626062800537,28/06/2569,BZ-ELC-001,หูฟังบลูทูธไร้สาย,2,1380.00,0.00,1380.00,73.83,44.30,29.53,15.00,1217.34
2626062800538,28/06/2569,BZ-ELC-001,หูฟังบลูทูธไร้สาย,1,690.00,0.00,690.00,36.91,22.15,14.77,0.00,616.17
2626062800539,28/06/2569,BZ-ELC-001,หูฟังบลูทูธไร้สาย,1,690.00,0.00,690.00,36.91,22.15,14.77,0.00,616.17
2626062800540,28/06/2569,BZ-ELC-001,หูฟังบลูทูธไร้สาย,1,690.00,69.00,621.00,33.22,19.93,13.29,15.00,539.55
2626062800541,28/06/2569,BZ-ELC-001,หูฟังบลูทูธไร้สาย,1,690.00,0.00,690.00,36.91,22.15,14.77,0.00,616.17
2626062800542,28/06/2569,BZ-ELC-001,หูฟังบลูทูธไร้สาย,1,690.00,0.00,690.00,36.91,22.15,14.77,15.00,601.17
2626062800543,28/06/2569,BZ-ELC-001,หูฟังบลูทูธไร้สาย,2,1380.00,0.00,1380.00,73.83,44.30,29.53,0.00,1232.34
2626062800544,28/06/2569,BZ-ELC-001,หูฟังบลูทูธไร้สาย,2,1380.00,0.00,1380.00,73.83,44.30,29.53,15.00,1217.34
2626062800545,28/06/2569,BZ-ELC-001,หูฟังบลูทูธไร้สาย,1,690.00,0.00,690.00,36.91,22.15,14.77,15.00,601.17
2626062800546,28/06/2569,BZ-ELC-001,หูฟังบลูทูธไร้สาย,1,690.00,0.00,690.00,36.91,22.15,14.77,0.00,616.17
2626062800547,28/06/2569,BZ-ELC-001,หูฟังบลูทูธไร้สาย,1,690.00,0.00,690.00,36.91,22.15,14.77,0.00,616.17
2626062800548,28/06/2569,BZ-ELC-001,หูฟังบลูทูธไร้สาย,2,1380.00,138.00,1242.00,66.45,39.87,26.58,0.00,1109.11
2626062800549,28/06/2569,BZ-ELC-001,หูฟังบลูทูธไร้สาย,2,1380.00,138.00,1242.00,66.45,39.87,26.58,0.00,1109.11
2626062800550,28/06/2569,BZ-ELC-001,หูฟังบลูทูธไร้สาย,1,690.00,0.00,690.00,36.91,22.15,14.77,0.00,616.17
2626062800551,28/06/2569,BZ-ELC-001,หูฟังบลูทูธไร้สาย,1,690.00,0.00,690.00,36.91,22.15,14.77,15.00,601.17
2626062800552,28/06/2569,BZ-ELC-001,หูฟังบลูทูธไร้สาย,1,690.00,0.00,690.00,36.91,22.15,14.77,0.00,616.17
2626062800553,28/06/2569,BZ-ELC-001,หูฟังบลูทูธไร้สาย,1,690.00,0.00,690.00,36.91,22.15,14.77,15.00,601.17
2626062800554,28/06/2569,BZ-ELC-001,หูฟังบลูทูธไร้สาย,1,690.00,0.00,690.00,36.91,22.15,14.77,0.00,616.17
2626062800555,28/06/2569,BZ-ELC-001,หูฟังบลูทูธไร้สาย,1,690.00,69.00,621.00,33.22,19.93,13.29,15.00,539.55
2626062800556,28/06/2569,BZ-ELC-001,หูฟังบลูทูธไร้สาย,1,690.00,0.00,690.00,36.91,22.15,14.77,15.00,601.17
2626062800557,28/06/2569,BZ-ELC-001,หูฟังบลูทูธไร้สาย,1,690.00,0.00,690.00,36.91,22.15,14.77,0.00,616.17
2626062800558,28/06/2569,BZ-ELC-001,หูฟังบลูทูธไร้สาย,2,1380.00,0.00,1380.00,73.83,44.30,29.53,15.00,1217.34
2626062800559,28/06/2569,BZ-ELC-001,หูฟังบลูทูธไร้สาย,1,690.00,0.00,690.00,36.91,22.15,14.77,0.00,616.17
2626062800560,28/06/2569,BZ-ELC-001,หูฟังบลูทูธไร้สาย,1,690.00,69.00,621.00,33.22,19.93,13.29,15.00,539.55
2626062800561,28/06/2569,BZ-ELC-001,หูฟังบลูทูธไร้สาย,2,1380.00,0.00,1380.00,73.83,44.30,29.53,0.00,1232.34
2626062800562,28/06/2569,BZ-ELC-001,หูฟังบลูทูธไร้สาย,2,1380.00,0.00,1380.00,73.83,44.30,29.53,15.00,1217.34
2626062800563,28/06/2569,BZ-ELC-001,หูฟังบลูทูธไร้สาย,1,690.00,69.00,621.00,33.22,19.93,13.29,0.00,554.55
2626062800564,28/06/2569,BZ-ELC-001,หูฟังบลูทูธไร้สาย,1,690.00,69.00,621.00,33.22,19.93,13.29,0.00,554.55
2626062800565,28/06/2569,BZ-ELC-001,หูฟังบลูทูธไร้สาย,1,690.00,69.00,621.00,33.22,19.93,13.29,15.00,539.55
2626062800566,28/06/2569,BZ-ELC-001,หูฟังบลูทูธไร้สาย,1,690.00,69.00,621.00,33.22,19.93,13.29,15.00,539.55
2626062800567,28/06/2569,BZ-ELC-001,หูฟังบลูทูธไร้สาย,1,690.00,0.00,690.00,36.91,22.15,14.77,15.00,601.17
2626062800568,28/06/2569,BZ-ACC-002,ขวดน้ำเก็บความเย็น 500ml,1,380.00,0.00,380.00,20.33,12.20,8.13,0.00,339.34
2626062800569,28/06/2569,BZ-ACC-002,ขวดน้ำเก็บความเย็น 500ml,1,380.00,38.00,342.00,18.30,10.98,7.32,15.00,290.41
2626062800570,28/06/2569,BZ-BND-001,เซตของขวัญรวม 3 ชิ้น,1,1190.00,119.00,1071.00,57.30,34.38,22.92,0.00,956.40
2626062800571,28/06/2569,BZ-BND-001,เซตของขวัญรวม 3 ชิ้น,1,1190.00,119.00,1071.00,57.30,34.38,22.92,15.00,941.40
2626062800572,28/06/2569,BZ-BND-001,เซตของขวัญรวม 3 ชิ้น,1,1190.00,119.00,1071.00,57.30,34.38,22.92,0.00,956.40
2626062800573,28/06/2569,BZ-BND-001,เซตของขวัญรวม 3 ชิ้น,1,1190.00,119.00,1071.00,57.30,34.38,22.92,0.00,956.40
2626062800574,28/06/2569,BZ-BND-001,เซตของขวัญรวม 3 ชิ้น,2,2380.00,238.00,2142.00,114.60,68.76,45.84,0.00,1912.81
2626062800575,28/06/2569,BZ-BND-001,เซตของขวัญรวม 3 ชิ้น,2,2380.00,0.00,2380.00,127.33,76.40,50.93,0.00,2125.34
2626062800576,28/06/2569,BZ-BND-001,เซตของขวัญรวม 3 ชิ้น,1,1190.00,0.00,1190.00,63.66,38.20,25.47,0.00,1062.67
2626062800577,28/06/2569,BZ-BND-001,เซตของขวัญรวม 3 ชิ้น,2,2380.00,0.00,2380.00,127.33,76.40,50.93,15.00,2110.34
2626062800578,28/06/2569,BZ-BND-001,เซตของขวัญรวม 3 ชิ้น,2,2380.00,0.00,2380.00,127.33,76.40,50.93,0.00,2125.34
2626062800579,28/06/2569,BZ-BND-001,เซตของขวัญรวม 3 ชิ้น,1,1190.00,0.00,1190.00,63.66,38.20,25.47,15.00,1047.67
2626062800580,28/06/2569,BZ-BND-001,เซตของขวัญรวม 3 ชิ้น,1,1190.00,119.00,1071.00,57.30,34.38,22.92,0.00,956.40
2626062800581,28/06/2569,BZ-BND-001,เซตของขวัญรวม 3 ชิ้น,1,1190.00,0.00,1190.00,63.66,38.20,25.47,0.00,1062.67
2626062800582,28/06/2569,BZ-BND-001,เซตของขวัญรวม 3 ชิ้น,1,1190.00,0.00,1190.00,63.66,38.20,25.47,0.00,1062.67
2626062800583,28/06/2569,BZ-BND-001,เซตของขวัญรวม 3 ชิ้น,1,1190.00,119.00,1071.00,57.30,34.38,22.92,15.00,941.40
2626062800584,28/06/2569,BZ-BND-001,เซตของขวัญรวม 3 ชิ้น,1,1190.00,119.00,1071.00,57.30,34.38,22.92,15.00,941.40
2626062800585,28/06/2569,BZ-SKN-002,ครีมกันแดด SPF50 50g,1,450.00,0.00,450.00,24.07,14.44,9.63,0.00,401.85
2626062800586,28/06/2569,BZ-ACC-002,ขวดน้ำเก็บความเย็น 500ml,1,380.00,38.00,342.00,18.30,10.98,7.32,0.00,305.41
2626062900587,29/06/2569,BZ-SKN-001,เซรั่มวิตามินซี 30ml,1,590.00,0.00,590.00,31.56,18.94,12.63,15.00,511.87
2626062900588,29/06/2569,BZ-SKN-001,เซรั่มวิตามินซี 30ml,1,590.00,0.00,590.00,31.56,18.94,12.63,0.00,526.87
2626062900589,29/06/2569,BZ-SKN-001,เซรั่มวิตามินซี 30ml,2,1180.00,0.00,1180.00,63.13,37.88,25.25,15.00,1038.74
2626062900590,29/06/2569,BZ-SKN-001,เซรั่มวิตามินซี 30ml,1,590.00,0.00,590.00,31.56,18.94,12.63,0.00,526.87
2626062900591,29/06/2569,BZ-SKN-001,เซรั่มวิตามินซี 30ml,1,590.00,0.00,590.00,31.56,18.94,12.63,0.00,526.87
2626062900592,29/06/2569,BZ-SKN-001,เซรั่มวิตามินซี 30ml,2,1180.00,0.00,1180.00,63.13,37.88,25.25,0.00,1053.74
2626062900593,29/06/2569,BZ-SKN-001,เซรั่มวิตามินซี 30ml,2,1180.00,118.00,1062.00,56.82,34.09,22.73,0.00,948.37
2626062900594,29/06/2569,BZ-SKN-001,เซรั่มวิตามินซี 30ml,2,1180.00,0.00,1180.00,63.13,37.88,25.25,0.00,1053.74
2626062900595,29/06/2569,BZ-SKN-001,เซรั่มวิตามินซี 30ml,1,590.00,0.00,590.00,31.56,18.94,12.63,15.00,511.87
2626062900596,29/06/2569,BZ-SKN-001,เซรั่มวิตามินซี 30ml,1,590.00,0.00,590.00,31.56,18.94,12.63,0.00,526.87
2626062900597,29/06/2569,BZ-SKN-001,เซรั่มวิตามินซี 30ml,1,590.00,0.00,590.00,31.56,18.94,12.63,15.00,511.87
2626062900598,29/06/2569,BZ-SKN-001,เซรั่มวิตามินซี 30ml,2,1180.00,0.00,1180.00,63.13,37.88,25.25,0.00,1053.74
2626062900599,29/06/2569,BZ-SKN-001,เซรั่มวิตามินซี 30ml,1,590.00,0.00,590.00,31.56,18.94,12.63,15.00,511.87
2626062900600,29/06/2569,BZ-SKN-001,เซรั่มวิตามินซี 30ml,1,590.00,59.00,531.00,28.41,17.05,11.36,0.00,474.18
2626062900601,29/06/2569,BZ-SKN-001,เซรั่มวิตามินซี 30ml,1,590.00,0.00,590.00,31.56,18.94,12.63,15.00,511.87
2626062900602,29/06/2569,BZ-SKN-001,เซรั่มวิตามินซี 30ml,2,1180.00,0.00,1180.00,63.13,37.88,25.25,0.00,1053.74
2626062900603,29/06/2569,BZ-SKN-001,เซรั่มวิตามินซี 30ml,1,590.00,0.00,590.00,31.56,18.94,12.63,15.00,511.87
2626062900604,29/06/2569,BZ-SKN-001,เซรั่มวิตามินซี 30ml,2,1180.00,118.00,1062.00,56.82,34.09,22.73,0.00,948.37
2626062900605,29/06/2569,BZ-SKN-001,เซรั่มวิตามินซี 30ml,1,590.00,0.00,590.00,31.56,18.94,12.63,15.00,511.87
2626062900606,29/06/2569,BZ-SKN-001,เซรั่มวิตามินซี 30ml,1,590.00,0.00,590.00,31.56,18.94,12.63,0.00,526.87
2626062900607,29/06/2569,BZ-SKN-001,เซรั่มวิตามินซี 30ml,1,590.00,0.00,590.00,31.56,18.94,12.63,15.00,511.87
2626062900608,29/06/2569,BZ-SKN-001,เซรั่มวิตามินซี 30ml,1,590.00,59.00,531.00,28.41,17.05,11.36,0.00,474.18
2626062900609,29/06/2569,BZ-SKN-001,เซรั่มวิตามินซี 30ml,1,590.00,59.00,531.00,28.41,17.05,11.36,15.00,459.18
2626062900610,29/06/2569,BZ-SKN-001,เซรั่มวิตามินซี 30ml,1,590.00,0.00,590.00,31.56,18.94,12.63,0.00,526.87
2626062900611,29/06/2569,BZ-SKN-001,เซรั่มวิตามินซี 30ml,1,590.00,0.00,590.00,31.56,18.94,12.63,0.00,526.87
2626062900612,29/06/2569,BZ-SKN-001,เซรั่มวิตามินซี 30ml,1,590.00,0.00,590.00,31.56,18.94,12.63,15.00,511.87
2626062900613,29/06/2569,BZ-SKN-001,เซรั่มวิตามินซี 30ml,1,590.00,59.00,531.00,28.41,17.05,11.36,15.00,459.18
2626062900614,29/06/2569,BZ-SKN-001,เซรั่มวิตามินซี 30ml,1,590.00,59.00,531.00,28.41,17.05,11.36,15.00,459.18
2626062900615,29/06/2569,BZ-SKN-001,เซรั่มวิตามินซี 30ml,1,590.00,0.00,590.00,31.56,18.94,12.63,15.00,511.87
2626062900616,29/06/2569,BZ-SKN-001,เซรั่มวิตามินซี 30ml,1,590.00,0.00,590.00,31.56,18.94,12.63,15.00,511.87
2626062900617,29/06/2569,BZ-SKN-001,เซรั่มวิตามินซี 30ml,2,1180.00,118.00,1062.00,56.82,34.09,22.73,0.00,948.37
2626062900618,29/06/2569,BZ-ACC-002,ขวดน้ำเก็บความเย็น 500ml,1,380.00,0.00,380.00,20.33,12.20,8.13,0.00,339.34
2626062900619,29/06/2569,BZ-SKN-001,เซรั่มวิตามินซี 30ml,1,590.00,59.00,531.00,28.41,17.05,11.36,0.00,474.18
2626062900620,29/06/2569,BZ-SUP-001,คอลลาเจนเปปไทด์ 200g,1,890.00,0.00,890.00,47.62,28.57,19.05,0.00,794.77
2626062900621,29/06/2569,BZ-SKN-001,เซรั่มวิตามินซี 30ml,2,1180.00,118.00,1062.00,56.82,34.09,22.73,15.00,933.37
2626062900622,29/06/2569,BZ-ACC-001,กระเป๋าผ้าแคนวาส,1,320.00,0.00,320.00,17.12,10.27,6.85,15.00,270.76
2626062900623,29/06/2569,BZ-SKN-001,เซรั่มวิตามินซี 30ml,1,590.00,59.00,531.00,28.41,17.05,11.36,15.00,459.18
2626062900624,29/06/2569,BZ-SUP-001,คอลลาเจนเปปไทด์ 200g,1,890.00,0.00,890.00,47.62,28.57,19.05,15.00,779.77
2626062900625,29/06/2569,BZ-SUP-001,คอลลาเจนเปปไทด์ 200g,1,890.00,0.00,890.00,47.62,28.57,19.05,15.00,779.77
2626062900626,29/06/2569,BZ-SUP-001,คอลลาเจนเปปไทด์ 200g,1,890.00,89.00,801.00,42.85,25.71,17.14,15.00,700.29
2626062900627,29/06/2569,BZ-SUP-001,คอลลาเจนเปปไทด์ 200g,1,890.00,89.00,801.00,42.85,25.71,17.14,0.00,715.29
2626062900628,29/06/2569,BZ-SUP-001,คอลลาเจนเปปไทด์ 200g,1,890.00,0.00,890.00,47.62,28.57,19.05,15.00,779.77
2626062900629,29/06/2569,BZ-SUP-001,คอลลาเจนเปปไทด์ 200g,1,890.00,0.00,890.00,47.62,28.57,19.05,0.00,794.77
2626062900630,29/06/2569,BZ-SUP-001,คอลลาเจนเปปไทด์ 200g,1,890.00,0.00,890.00,47.62,28.57,19.05,15.00,779.77
2626062900631,29/06/2569,BZ-SUP-001,คอลลาเจนเปปไทด์ 200g,1,890.00,89.00,801.00,42.85,25.71,17.14,0.00,715.29
2626062900632,29/06/2569,BZ-SUP-001,คอลลาเจนเปปไทด์ 200g,1,890.00,0.00,890.00,47.62,28.57,19.05,15.00,779.77
2626062900633,29/06/2569,BZ-SUP-001,คอลลาเจนเปปไทด์ 200g,1,890.00,89.00,801.00,42.85,25.71,17.14,15.00,700.29
2626062900634,29/06/2569,BZ-SUP-001,คอลลาเจนเปปไทด์ 200g,1,890.00,89.00,801.00,42.85,25.71,17.14,0.00,715.29
2626062900635,29/06/2569,BZ-SUP-001,คอลลาเจนเปปไทด์ 200g,1,890.00,0.00,890.00,47.62,28.57,19.05,0.00,794.77
2626062900636,29/06/2569,BZ-SUP-001,คอลลาเจนเปปไทด์ 200g,1,890.00,89.00,801.00,42.85,25.71,17.14,15.00,700.29
2626062900637,29/06/2569,BZ-SUP-001,คอลลาเจนเปปไทด์ 200g,1,890.00,0.00,890.00,47.62,28.57,19.05,15.00,779.77
2626062900638,29/06/2569,BZ-SUP-001,คอลลาเจนเปปไทด์ 200g,1,890.00,0.00,890.00,47.62,28.57,19.05,0.00,794.77
2626062900639,29/06/2569,BZ-ACC-001,กระเป๋าผ้าแคนวาส,1,320.00,0.00,320.00,17.12,10.27,6.85,0.00,285.76
2626062900640,29/06/2569,BZ-ACC-001,กระเป๋าผ้าแคนวาส,1,320.00,0.00,320.00,17.12,10.27,6.85,0.00,285.76
2626062900641,29/06/2569,BZ-BND-001,เซตของขวัญรวม 3 ชิ้น,1,1190.00,0.00,1190.00,63.66,38.20,25.47,15.00,1047.67
2626062900642,29/06/2569,BZ-ACC-001,กระเป๋าผ้าแคนวาส,2,640.00,64.00,576.00,30.82,18.49,12.33,0.00,514.37
2626062900643,29/06/2569,BZ-ACC-001,กระเป๋าผ้าแคนวาส,1,320.00,32.00,288.00,15.41,9.24,6.16,15.00,242.18
2626062900644,29/06/2569,BZ-ACC-001,กระเป๋าผ้าแคนวาส,1,320.00,0.00,320.00,17.12,10.27,6.85,0.00,285.76
2626062900645,29/06/2569,BZ-ACC-001,กระเป๋าผ้าแคนวาส,2,640.00,64.00,576.00,30.82,18.49,12.33,0.00,514.37
2626062900646,29/06/2569,BZ-ACC-001,กระเป๋าผ้าแคนวาส,2,640.00,0.00,640.00,34.24,20.54,13.70,0.00,571.52
2626062900647,29/06/2569,BZ-ACC-001,กระเป๋าผ้าแคนวาส,1,320.00,0.00,320.00,17.12,10.27,6.85,15.00,270.76
2626062900648,29/06/2569,BZ-ACC-001,กระเป๋าผ้าแคนวาส,1,320.00,32.00,288.00,15.41,9.24,6.16,15.00,242.18
2626062900649,29/06/2569,BZ-SKN-002,ครีมกันแดด SPF50 50g,2,900.00,0.00,900.00,48.15,28.89,19.26,0.00,803.70
2626062900650,29/06/2569,BZ-ELC-001,หูฟังบลูทูธไร้สาย,1,690.00,0.00,690.00,36.91,22.15,14.77,0.00,616.17
2626062900651,29/06/2569,BZ-ELC-001,หูฟังบลูทูธไร้สาย,1,690.00,0.00,690.00,36.91,22.15,14.77,0.00,616.17
2626062900652,29/06/2569,BZ-ELC-001,หูฟังบลูทูธไร้สาย,1,690.00,69.00,621.00,33.22,19.93,13.29,0.00,554.55
2626062900653,29/06/2569,BZ-ELC-001,หูฟังบลูทูธไร้สาย,2,1380.00,0.00,1380.00,73.83,44.30,29.53,0.00,1232.34
2626062900654,29/06/2569,BZ-ELC-001,หูฟังบลูทูธไร้สาย,1,690.00,0.00,690.00,36.91,22.15,14.77,0.00,616.17
2626062900655,29/06/2569,BZ-ELC-001,หูฟังบลูทูธไร้สาย,2,1380.00,0.00,1380.00,73.83,44.30,29.53,0.00,1232.34
2626062900656,29/06/2569,BZ-ELC-001,หูฟังบลูทูธไร้สาย,1,690.00,69.00,621.00,33.22,19.93,13.29,15.00,539.55
2626062900657,29/06/2569,BZ-ELC-001,หูฟังบลูทูธไร้สาย,1,690.00,69.00,621.00,33.22,19.93,13.29,15.00,539.55
2626062900658,29/06/2569,BZ-ELC-001,หูฟังบลูทูธไร้สาย,1,690.00,69.00,621.00,33.22,19.93,13.29,15.00,539.55
2626062900659,29/06/2569,BZ-ELC-001,หูฟังบลูทูธไร้สาย,1,690.00,69.00,621.00,33.22,19.93,13.29,15.00,539.55
2626062900660,29/06/2569,BZ-ELC-001,หูฟังบลูทูธไร้สาย,1,690.00,69.00,621.00,33.22,19.93,13.29,0.00,554.55
2626062900661,29/06/2569,BZ-ELC-001,หูฟังบลูทูธไร้สาย,1,690.00,0.00,690.00,36.91,22.15,14.77,15.00,601.17
2626062900662,29/06/2569,BZ-SUP-001,คอลลาเจนเปปไทด์ 200g,1,890.00,0.00,890.00,47.62,28.57,19.05,0.00,794.77
2626062900663,29/06/2569,BZ-BND-001,เซตของขวัญรวม 3 ชิ้น,1,1190.00,0.00,1190.00,63.66,38.20,25.47,0.00,1062.67
2626062900664,29/06/2569,BZ-BND-001,เซตของขวัญรวม 3 ชิ้น,1,1190.00,119.00,1071.00,57.30,34.38,22.92,0.00,956.40
2626062900665,29/06/2569,BZ-BND-001,เซตของขวัญรวม 3 ชิ้น,2,2380.00,0.00,2380.00,127.33,76.40,50.93,15.00,2110.34
2626062900666,29/06/2569,BZ-BND-001,เซตของขวัญรวม 3 ชิ้น,1,1190.00,0.00,1190.00,63.66,38.20,25.47,15.00,1047.67
2626062900667,29/06/2569,BZ-BND-001,เซตของขวัญรวม 3 ชิ้น,1,1190.00,0.00,1190.00,63.66,38.20,25.47,15.00,1047.67
2626062900668,29/06/2569,BZ-BND-001,เซตของขวัญรวม 3 ชิ้น,1,1190.00,119.00,1071.00,57.30,34.38,22.92,0.00,956.40
2626062900669,29/06/2569,BZ-BND-001,เซตของขวัญรวม 3 ชิ้น,1,1190.00,119.00,1071.00,57.30,34.38,22.92,0.00,956.40
2626062900670,29/06/2569,BZ-BND-001,เซตของขวัญรวม 3 ชิ้น,1,1190.00,119.00,1071.00,57.30,34.38,22.92,15.00,941.40
2626062900671,29/06/2569,BZ-BND-001,เซตของขวัญรวม 3 ชิ้น,1,1190.00,119.00,1071.00,57.30,34.38,22.92,0.00,956.40
2626062900672,29/06/2569,BZ-BND-001,เซตของขวัญรวม 3 ชิ้น,1,1190.00,0.00,1190.00,63.66,38.20,25.47,0.00,1062.67
2626062900673,29/06/2569,BZ-BND-001,เซตของขวัญรวม 3 ชิ้น,2,2380.00,0.00,2380.00,127.33,76.40,50.93,0.00,2125.34
2626062900674,29/06/2569,BZ-BND-001,เซตของขวัญรวม 3 ชิ้น,2,2380.00,0.00,2380.00,127.33,76.40,50.93,0.00,2125.34
2626062900675,29/06/2569,BZ-BND-001,เซตของขวัญรวม 3 ชิ้น,1,1190.00,0.00,1190.00,63.66,38.20,25.47,15.00,1047.67
2626062900676,29/06/2569,BZ-ACC-001,กระเป๋าผ้าแคนวาส,1,320.00,0.00,320.00,17.12,10.27,6.85,15.00,270.76
2626063000677,30/06/2569,BZ-SKN-001,เซรั่มวิตามินซี 30ml,1,590.00,59.00,531.00,28.41,17.05,11.36,0.00,474.18
2626063000678,30/06/2569,BZ-SKN-001,เซรั่มวิตามินซี 30ml,1,590.00,59.00,531.00,28.41,17.05,11.36,15.00,459.18
2626063000679,30/06/2569,BZ-SKN-001,เซรั่มวิตามินซี 30ml,1,590.00,0.00,590.00,31.56,18.94,12.63,15.00,511.87
2626063000680,30/06/2569,BZ-SKN-001,เซรั่มวิตามินซี 30ml,1,590.00,59.00,531.00,28.41,17.05,11.36,0.00,474.18
2626063000681,30/06/2569,BZ-SKN-001,เซรั่มวิตามินซี 30ml,1,590.00,0.00,590.00,31.56,18.94,12.63,15.00,511.87
2626063000682,30/06/2569,BZ-SKN-001,เซรั่มวิตามินซี 30ml,1,590.00,59.00,531.00,28.41,17.05,11.36,15.00,459.18
2626063000683,30/06/2569,BZ-SKN-001,เซรั่มวิตามินซี 30ml,1,590.00,0.00,590.00,31.56,18.94,12.63,0.00,526.87
2626063000684,30/06/2569,BZ-SKN-001,เซรั่มวิตามินซี 30ml,1,590.00,59.00,531.00,28.41,17.05,11.36,0.00,474.18
2626063000685,30/06/2569,BZ-SKN-001,เซรั่มวิตามินซี 30ml,1,590.00,59.00,531.00,28.41,17.05,11.36,0.00,474.18
2626063000686,30/06/2569,BZ-SKN-001,เซรั่มวิตามินซี 30ml,2,1180.00,0.00,1180.00,63.13,37.88,25.25,0.00,1053.74
2626063000687,30/06/2569,BZ-SKN-001,เซรั่มวิตามินซี 30ml,1,590.00,0.00,590.00,31.56,18.94,12.63,15.00,511.87
2626063000688,30/06/2569,BZ-SKN-001,เซรั่มวิตามินซี 30ml,1,590.00,0.00,590.00,31.56,18.94,12.63,0.00,526.87
2626063000689,30/06/2569,BZ-SKN-001,เซรั่มวิตามินซี 30ml,1,590.00,0.00,590.00,31.56,18.94,12.63,0.00,526.87
2626063000690,30/06/2569,BZ-SKN-001,เซรั่มวิตามินซี 30ml,1,590.00,0.00,590.00,31.56,18.94,12.63,0.00,526.87
2626063000691,30/06/2569,BZ-SKN-001,เซรั่มวิตามินซี 30ml,1,590.00,0.00,590.00,31.56,18.94,12.63,0.00,526.87
2626063000692,30/06/2569,BZ-SKN-001,เซรั่มวิตามินซี 30ml,1,590.00,59.00,531.00,28.41,17.05,11.36,15.00,459.18
2626063000693,30/06/2569,BZ-SKN-001,เซรั่มวิตามินซี 30ml,1,590.00,0.00,590.00,31.56,18.94,12.63,15.00,511.87
2626063000694,30/06/2569,BZ-SKN-001,เซรั่มวิตามินซี 30ml,2,1180.00,0.00,1180.00,63.13,37.88,25.25,0.00,1053.74
2626063000695,30/06/2569,BZ-SKN-001,เซรั่มวิตามินซี 30ml,1,590.00,0.00,590.00,31.56,18.94,12.63,15.00,511.87
2626063000696,30/06/2569,BZ-SKN-001,เซรั่มวิตามินซี 30ml,2,1180.00,0.00,1180.00,63.13,37.88,25.25,0.00,1053.74
2626063000697,30/06/2569,BZ-SKN-001,เซรั่มวิตามินซี 30ml,2,1180.00,0.00,1180.00,63.13,37.88,25.25,15.00,1038.74
2626063000698,30/06/2569,BZ-SKN-001,เซรั่มวิตามินซี 30ml,1,590.00,0.00,590.00,31.56,18.94,12.63,15.00,511.87
2626063000699,30/06/2569,BZ-SKN-001,เซรั่มวิตามินซี 30ml,2,1180.00,0.00,1180.00,63.13,37.88,25.25,15.00,1038.74
2626063000700,30/06/2569,BZ-SKN-001,เซรั่มวิตามินซี 30ml,2,1180.00,118.00,1062.00,56.82,34.09,22.73,0.00,948.37
2626063000701,30/06/2569,BZ-SKN-001,เซรั่มวิตามินซี 30ml,1,590.00,0.00,590.00,31.56,18.94,12.63,0.00,526.87
2626063000702,30/06/2569,BZ-SKN-001,เซรั่มวิตามินซี 30ml,2,1180.00,118.00,1062.00,56.82,34.09,22.73,0.00,948.37
2626063000703,30/06/2569,BZ-SKN-001,เซรั่มวิตามินซี 30ml,1,590.00,0.00,590.00,31.56,18.94,12.63,0.00,526.87
2626063000704,30/06/2569,BZ-SKN-001,เซรั่มวิตามินซี 30ml,2,1180.00,0.00,1180.00,63.13,37.88,25.25,0.00,1053.74
2626063000705,30/06/2569,BZ-SKN-001,เซรั่มวิตามินซี 30ml,1,590.00,0.00,590.00,31.56,18.94,12.63,0.00,526.87
2626063000706,30/06/2569,BZ-SKN-001,เซรั่มวิตามินซี 30ml,1,590.00,59.00,531.00,28.41,17.05,11.36,15.00,459.18
2626063000707,30/06/2569,BZ-SKN-001,เซรั่มวิตามินซี 30ml,1,590.00,0.00,590.00,31.56,18.94,12.63,0.00,526.87
2626063000708,30/06/2569,BZ-SKN-001,เซรั่มวิตามินซี 30ml,1,590.00,0.00,590.00,31.56,18.94,12.63,0.00,526.87
2626063000709,30/06/2569,BZ-SKN-001,เซรั่มวิตามินซี 30ml,1,590.00,0.00,590.00,31.56,18.94,12.63,0.00,526.87
2626063000710,30/06/2569,BZ-SKN-001,เซรั่มวิตามินซี 30ml,1,590.00,0.00,590.00,31.56,18.94,12.63,0.00,526.87
2626063000711,30/06/2569,BZ-SKN-001,เซรั่มวิตามินซี 30ml,1,590.00,0.00,590.00,31.56,18.94,12.63,0.00,526.87
2626063000712,30/06/2569,BZ-SKN-001,เซรั่มวิตามินซี 30ml,1,590.00,59.00,531.00,28.41,17.05,11.36,15.00,459.18
2626063000713,30/06/2569,BZ-SKN-001,เซรั่มวิตามินซี 30ml,1,590.00,59.00,531.00,28.41,17.05,11.36,15.00,459.18
2626063000714,30/06/2569,BZ-ELC-001,หูฟังบลูทูธไร้สาย,1,690.00,0.00,690.00,36.91,22.15,14.77,0.00,616.17
2626063000715,30/06/2569,BZ-ELC-001,หูฟังบลูทูธไร้สาย,1,690.00,69.00,621.00,33.22,19.93,13.29,0.00,554.55
2626063000716,30/06/2569,BZ-ACC-001,กระเป๋าผ้าแคนวาส,1,320.00,0.00,320.00,17.12,10.27,6.85,0.00,285.76
2626063000717,30/06/2569,BZ-SKN-002,ครีมกันแดด SPF50 50g,1,450.00,0.00,450.00,24.07,14.44,9.63,15.00,386.85
2626063000718,30/06/2569,BZ-SUP-001,คอลลาเจนเปปไทด์ 200g,1,890.00,0.00,890.00,47.62,28.57,19.05,0.00,794.77
2626063000719,30/06/2569,BZ-ELC-001,หูฟังบลูทูธไร้สาย,1,690.00,0.00,690.00,36.91,22.15,14.77,15.00,601.17
2626063000720,30/06/2569,BZ-SKN-001,เซรั่มวิตามินซี 30ml,1,590.00,0.00,590.00,31.56,18.94,12.63,0.00,526.87
2626063000721,30/06/2569,BZ-SKN-001,เซรั่มวิตามินซี 30ml,1,590.00,0.00,590.00,31.56,18.94,12.63,0.00,526.87
2626063000722,30/06/2569,BZ-BND-001,เซตของขวัญรวม 3 ชิ้น,2,2380.00,238.00,2142.00,114.60,68.76,45.84,0.00,1912.81
2626063000723,30/06/2569,BZ-SUP-001,คอลลาเจนเปปไทด์ 200g,1,890.00,89.00,801.00,42.85,25.71,17.14,0.00,715.29
2626063000724,30/06/2569,BZ-SUP-001,คอลลาเจนเปปไทด์ 200g,1,890.00,89.00,801.00,42.85,25.71,17.14,15.00,700.29
2626063000725,30/06/2569,BZ-SUP-001,คอลลาเจนเปปไทด์ 200g,1,890.00,0.00,890.00,47.62,28.57,19.05,0.00,794.77
2626063000726,30/06/2569,BZ-SUP-001,คอลลาเจนเปปไทด์ 200g,2,1780.00,0.00,1780.00,95.23,57.14,38.09,0.00,1589.54
2626063000727,30/06/2569,BZ-SUP-001,คอลลาเจนเปปไทด์ 200g,1,890.00,0.00,890.00,47.62,28.57,19.05,0.00,794.77
2626063000728,30/06/2569,BZ-SUP-001,คอลลาเจนเปปไทด์ 200g,1,890.00,0.00,890.00,47.62,28.57,19.05,15.00,779.77
2626063000729,30/06/2569,BZ-SUP-001,คอลลาเจนเปปไทด์ 200g,1,890.00,89.00,801.00,42.85,25.71,17.14,0.00,715.29
2626063000730,30/06/2569,BZ-SUP-001,คอลลาเจนเปปไทด์ 200g,1,890.00,89.00,801.00,42.85,25.71,17.14,15.00,700.29
2626063000731,30/06/2569,BZ-SUP-001,คอลลาเจนเปปไทด์ 200g,1,890.00,0.00,890.00,47.62,28.57,19.05,0.00,794.77
2626063000732,30/06/2569,BZ-ACC-001,กระเป๋าผ้าแคนวาส,1,320.00,0.00,320.00,17.12,10.27,6.85,0.00,285.76
2626063000733,30/06/2569,BZ-ACC-001,กระเป๋าผ้าแคนวาส,2,640.00,0.00,640.00,34.24,20.54,13.70,0.00,571.52
2626063000734,30/06/2569,BZ-ACC-001,กระเป๋าผ้าแคนวาส,1,320.00,0.00,320.00,17.12,10.27,6.85,15.00,270.76
2626063000735,30/06/2569,BZ-ACC-001,กระเป๋าผ้าแคนวาส,1,320.00,0.00,320.00,17.12,10.27,6.85,0.00,285.76
2626063000736,30/06/2569,BZ-ACC-001,กระเป๋าผ้าแคนวาส,1,320.00,0.00,320.00,17.12,10.27,6.85,0.00,285.76
2626063000737,30/06/2569,BZ-ACC-001,กระเป๋าผ้าแคนวาส,2,640.00,64.00,576.00,30.82,18.49,12.33,0.00,514.37
2626063000738,30/06/2569,BZ-ACC-001,กระเป๋าผ้าแคนวาส,1,320.00,0.00,320.00,17.12,10.27,6.85,15.00,270.76
2626063000739,30/06/2569,BZ-ACC-001,กระเป๋าผ้าแคนวาส,1,320.00,0.00,320.00,17.12,10.27,6.85,0.00,285.76
2626063000740,30/06/2569,BZ-ACC-001,กระเป๋าผ้าแคนวาส,1,320.00,0.00,320.00,17.12,10.27,6.85,0.00,285.76
2626063000741,30/06/2569,BZ-SUP-001,คอลลาเจนเปปไทด์ 200g,1,890.00,89.00,801.00,42.85,25.71,17.14,0.00,715.29
2626063000742,30/06/2569,BZ-ACC-002,ขวดน้ำเก็บความเย็น 500ml,1,380.00,0.00,380.00,20.33,12.20,8.13,15.00,324.34
2626063000743,30/06/2569,BZ-ELC-001,หูฟังบลูทูธไร้สาย,1,690.00,0.00,690.00,36.91,22.15,14.77,0.00,616.17
2626063000744,30/06/2569,BZ-ELC-001,หูฟังบลูทูธไร้สาย,1,690.00,0.00,690.00,36.91,22.15,14.77,15.00,601.17
2626063000745,30/06/2569,BZ-ELC-001,หูฟังบลูทูธไร้สาย,1,690.00,0.00,690.00,36.91,22.15,14.77,15.00,601.17
2626063000746,30/06/2569,BZ-ELC-001,หูฟังบลูทูธไร้สาย,1,690.00,0.00,690.00,36.91,22.15,14.77,15.00,601.17
2626063000747,30/06/2569,BZ-ELC-001,หูฟังบลูทูธไร้สาย,1,690.00,0.00,690.00,36.91,22.15,14.77,0.00,616.17
2626063000748,30/06/2569,BZ-ELC-001,หูฟังบลูทูธไร้สาย,1,690.00,0.00,690.00,36.91,22.15,14.77,15.00,601.17
2626063000749,30/06/2569,BZ-ELC-001,หูฟังบลูทูธไร้สาย,1,690.00,0.00,690.00,36.91,22.15,14.77,0.00,616.17
2626063000750,30/06/2569,BZ-ELC-001,หูฟังบลูทูธไร้สาย,1,690.00,69.00,621.00,33.22,19.93,13.29,15.00,539.55
2626063000751,30/06/2569,BZ-ELC-001,หูฟังบลูทูธไร้สาย,1,690.00,69.00,621.00,33.22,19.93,13.29,15.00,539.55
2626063000752,30/06/2569,BZ-ELC-001,หูฟังบลูทูธไร้สาย,1,690.00,69.00,621.00,33.22,19.93,13.29,0.00,554.55
2626063000753,30/06/2569,BZ-ELC-001,หูฟังบลูทูธไร้สาย,2,1380.00,0.00,1380.00,73.83,44.30,29.53,0.00,1232.34
2626063000754,30/06/2569,BZ-ELC-001,หูฟังบลูทูธไร้สาย,2,1380.00,0.00,1380.00,73.83,44.30,29.53,0.00,1232.34
2626063000755,30/06/2569,BZ-ELC-001,หูฟังบลูทูธไร้สาย,1,690.00,69.00,621.00,33.22,19.93,13.29,15.00,539.55
2626063000756,30/06/2569,BZ-ELC-001,หูฟังบลูทูธไร้สาย,1,690.00,0.00,690.00,36.91,22.15,14.77,15.00,601.17
2626063000757,30/06/2569,BZ-ELC-001,หูฟังบลูทูธไร้สาย,1,690.00,0.00,690.00,36.91,22.15,14.77,15.00,601.17
2626063000758,30/06/2569,BZ-BND-001,เซตของขวัญรวม 3 ชิ้น,1,1190.00,0.00,1190.00,63.66,38.20,25.47,0.00,1062.67
2626063000759,30/06/2569,BZ-BND-001,เซตของขวัญรวม 3 ชิ้น,1,1190.00,0.00,1190.00,63.66,38.20,25.47,0.00,1062.67
2626063000760,30/06/2569,BZ-BND-001,เซตของขวัญรวม 3 ชิ้น,2,2380.00,0.00,2380.00,127.33,76.40,50.93,0.00,2125.34
2626063000761,30/06/2569,BZ-BND-001,เซตของขวัญรวม 3 ชิ้น,1,1190.00,0.00,1190.00,63.66,38.20,25.47,0.00,1062.67
2626063000762,30/06/2569,BZ-BND-001,เซตของขวัญรวม 3 ชิ้น,1,1190.00,0.00,1190.00,63.66,38.20,25.47,0.00,1062.67
2626063000763,30/06/2569,BZ-BND-001,เซตของขวัญรวม 3 ชิ้น,1,1190.00,0.00,1190.00,63.66,38.20,25.47,0.00,1062.67
2626063000764,30/06/2569,BZ-BND-001,เซตของขวัญรวม 3 ชิ้น,1,1190.00,0.00,1190.00,63.66,38.20,25.47,0.00,1062.67
2626063000765,30/06/2569,BZ-BND-001,เซตของขวัญรวม 3 ชิ้น,2,2380.00,0.00,2380.00,127.33,76.40,50.93,0.00,2125.34
2626063000766,30/06/2569,BZ-BND-001,เซตของขวัญรวม 3 ชิ้น,1,1190.00,0.00,1190.00,63.66,38.20,25.47,15.00,1047.67
2626063000767,30/06/2569,BZ-BND-001,เซตของขวัญรวม 3 ชิ้น,1,1190.00,119.00,1071.00,57.30,34.38,22.92,15.00,941.40
2626063000768,30/06/2569,BZ-BND-001,เซตของขวัญรวม 3 ชิ้น,1,1190.00,119.00,1071.00,57.30,34.38,22.92,15.00,941.40
2626063000769,30/06/2569,BZ-BND-001,เซตของขวัญรวม 3 ชิ้น,1,1190.00,0.00,1190.00,63.66,38.20,25.47,0.00,1062.67
2626063000770,30/06/2569,BZ-BND-001,เซตของขวัญรวม 3 ชิ้น,1,1190.00,119.00,1071.00,57.30,34.38,22.92,15.00,941.40
2626063000771,30/06/2569,BZ-BND-001,เซตของขวัญรวม 3 ชิ้น,1,1190.00,119.00,1071.00,57.30,34.38,22.92,0.00,956.40
2626063000772,30/06/2569,BZ-BND-001,เซตของขวัญรวม 3 ชิ้น,1,1190.00,0.00,1190.00,63.66,38.20,25.47,0.00,1062.67
2626063000773,30/06/2569,BZ-BND-001,เซตของขวัญรวม 3 ชิ้น,1,1190.00,0.00,1190.00,63.66,38.20,25.47,0.00,1062.67
2626063000774,30/06/2569,BZ-BND-001,เซตของขวัญรวม 3 ชิ้น,1,1190.00,119.00,1071.00,57.30,34.38,22.92,0.00,956.40
2626063000775,30/06/2569,BZ-SKN-001,เซรั่มวิตามินซี 30ml,1,590.00,59.00,531.00,28.41,17.05,11.36,0.00,474.18
2626063000776,30/06/2569,BZ-BND-001,เซตของขวัญรวม 3 ชิ้น,1,1190.00,0.00,1190.00,63.66,38.20,25.47,0.00,1062.67
2626070100777,01/07/2569,BZ-SKN-001,เซรั่มวิตามินซี 30ml,1,590.00,0.00,590.00,31.56,18.94,12.63,0.00,526.87
2626070100778,01/07/2569,BZ-SKN-001,เซรั่มวิตามินซี 30ml,1,590.00,0.00,590.00,31.56,18.94,12.63,0.00,526.87
2626070100779,01/07/2569,BZ-SKN-001,เซรั่มวิตามินซี 30ml,2,1180.00,118.00,1062.00,56.82,34.09,22.73,0.00,948.37
2626070100780,01/07/2569,BZ-SKN-001,เซรั่มวิตามินซี 30ml,1,590.00,0.00,590.00,31.56,18.94,12.63,15.00,511.87
2626070100781,01/07/2569,BZ-SKN-001,เซรั่มวิตามินซี 30ml,1,590.00,0.00,590.00,31.56,18.94,12.63,15.00,511.87
2626070100782,01/07/2569,BZ-SKN-001,เซรั่มวิตามินซี 30ml,1,590.00,59.00,531.00,28.41,17.05,11.36,0.00,474.18
2626070100783,01/07/2569,BZ-SKN-001,เซรั่มวิตามินซี 30ml,2,1180.00,118.00,1062.00,56.82,34.09,22.73,0.00,948.37
2626070100784,01/07/2569,BZ-SKN-001,เซรั่มวิตามินซี 30ml,1,590.00,59.00,531.00,28.41,17.05,11.36,0.00,474.18
2626070100785,01/07/2569,BZ-SKN-001,เซรั่มวิตามินซี 30ml,1,590.00,0.00,590.00,31.56,18.94,12.63,0.00,526.87
2626070100786,01/07/2569,BZ-SKN-001,เซรั่มวิตามินซี 30ml,1,590.00,0.00,590.00,31.56,18.94,12.63,0.00,526.87
2626070100787,01/07/2569,BZ-SKN-001,เซรั่มวิตามินซี 30ml,2,1180.00,118.00,1062.00,56.82,34.09,22.73,0.00,948.37
2626070100788,01/07/2569,BZ-SKN-001,เซรั่มวิตามินซี 30ml,1,590.00,59.00,531.00,28.41,17.05,11.36,15.00,459.18
2626070100789,01/07/2569,BZ-SKN-001,เซรั่มวิตามินซี 30ml,2,1180.00,118.00,1062.00,56.82,34.09,22.73,0.00,948.37
2626070100790,01/07/2569,BZ-SKN-001,เซรั่มวิตามินซี 30ml,2,1180.00,118.00,1062.00,56.82,34.09,22.73,15.00,933.37
2626070100791,01/07/2569,BZ-SKN-001,เซรั่มวิตามินซี 30ml,1,590.00,0.00,590.00,31.56,18.94,12.63,15.00,511.87
2626070100792,01/07/2569,BZ-SKN-001,เซรั่มวิตามินซี 30ml,1,590.00,59.00,531.00,28.41,17.05,11.36,0.00,474.18
2626070100793,01/07/2569,BZ-SKN-001,เซรั่มวิตามินซี 30ml,1,590.00,0.00,590.00,31.56,18.94,12.63,0.00,526.87
2626070100794,01/07/2569,BZ-BND-001,เซตของขวัญรวม 3 ชิ้น,2,2380.00,0.00,2380.00,127.33,76.40,50.93,15.00,2110.34
2626070100795,01/07/2569,BZ-ACC-001,กระเป๋าผ้าแคนวาส,1,320.00,0.00,320.00,17.12,10.27,6.85,0.00,285.76
2626070100796,01/07/2569,BZ-BND-001,เซตของขวัญรวม 3 ชิ้น,1,1190.00,0.00,1190.00,63.66,38.20,25.47,15.00,1047.67
2626070100797,01/07/2569,BZ-ACC-001,กระเป๋าผ้าแคนวาส,2,640.00,0.00,640.00,34.24,20.54,13.70,0.00,571.52
2626070100798,01/07/2569,BZ-SUP-001,คอลลาเจนเปปไทด์ 200g,1,890.00,89.00,801.00,42.85,25.71,17.14,15.00,700.29
2626070100799,01/07/2569,BZ-SUP-001,คอลลาเจนเปปไทด์ 200g,1,890.00,0.00,890.00,47.62,28.57,19.05,15.00,779.77
2626070100800,01/07/2569,BZ-SUP-001,คอลลาเจนเปปไทด์ 200g,1,890.00,0.00,890.00,47.62,28.57,19.05,15.00,779.77
2626070100801,01/07/2569,BZ-SUP-001,คอลลาเจนเปปไทด์ 200g,1,890.00,0.00,890.00,47.62,28.57,19.05,0.00,794.77
2626070100802,01/07/2569,BZ-SUP-001,คอลลาเจนเปปไทด์ 200g,1,890.00,89.00,801.00,42.85,25.71,17.14,15.00,700.29
2626070100803,01/07/2569,BZ-SUP-001,คอลลาเจนเปปไทด์ 200g,1,890.00,0.00,890.00,47.62,28.57,19.05,15.00,779.77
2626070100804,01/07/2569,BZ-SUP-001,คอลลาเจนเปปไทด์ 200g,2,1780.00,0.00,1780.00,95.23,57.14,38.09,0.00,1589.54
2626070100805,01/07/2569,BZ-SUP-001,คอลลาเจนเปปไทด์ 200g,1,890.00,0.00,890.00,47.62,28.57,19.05,15.00,779.77
2626070100806,01/07/2569,BZ-SUP-001,คอลลาเจนเปปไทด์ 200g,1,890.00,0.00,890.00,47.62,28.57,19.05,15.00,779.77
2626070100807,01/07/2569,BZ-SUP-001,คอลลาเจนเปปไทด์ 200g,1,890.00,0.00,890.00,47.62,28.57,19.05,0.00,794.77
2626070100808,01/07/2569,BZ-SUP-001,คอลลาเจนเปปไทด์ 200g,1,890.00,0.00,890.00,47.62,28.57,19.05,15.00,779.77
2626070100809,01/07/2569,BZ-SUP-001,คอลลาเจนเปปไทด์ 200g,1,890.00,0.00,890.00,47.62,28.57,19.05,0.00,794.77
2626070100810,01/07/2569,BZ-SUP-001,คอลลาเจนเปปไทด์ 200g,1,890.00,0.00,890.00,47.62,28.57,19.05,15.00,779.77
2626070100811,01/07/2569,BZ-SUP-001,คอลลาเจนเปปไทด์ 200g,1,890.00,0.00,890.00,47.62,28.57,19.05,0.00,794.77
2626070100812,01/07/2569,BZ-ACC-001,กระเป๋าผ้าแคนวาส,1,320.00,32.00,288.00,15.41,9.24,6.16,15.00,242.18
2626070100813,01/07/2569,BZ-BND-001,เซตของขวัญรวม 3 ชิ้น,1,1190.00,0.00,1190.00,63.66,38.20,25.47,0.00,1062.67
2626070100814,01/07/2569,BZ-SUP-001,คอลลาเจนเปปไทด์ 200g,1,890.00,0.00,890.00,47.62,28.57,19.05,15.00,779.77
2626070100815,01/07/2569,BZ-SKN-002,ครีมกันแดด SPF50 50g,2,900.00,0.00,900.00,48.15,28.89,19.26,0.00,803.70
2626070100816,01/07/2569,BZ-ACC-001,กระเป๋าผ้าแคนวาส,1,320.00,32.00,288.00,15.41,9.24,6.16,0.00,257.18
2626070100817,01/07/2569,BZ-ACC-001,กระเป๋าผ้าแคนวาส,1,320.00,0.00,320.00,17.12,10.27,6.85,15.00,270.76
2626070100818,01/07/2569,BZ-ACC-001,กระเป๋าผ้าแคนวาส,1,320.00,0.00,320.00,17.12,10.27,6.85,0.00,285.76
2626070100819,01/07/2569,BZ-ACC-001,กระเป๋าผ้าแคนวาส,1,320.00,0.00,320.00,17.12,10.27,6.85,0.00,285.76
2626070100820,01/07/2569,BZ-ACC-001,กระเป๋าผ้าแคนวาส,1,320.00,0.00,320.00,17.12,10.27,6.85,0.00,285.76
2626070100821,01/07/2569,BZ-ACC-001,กระเป๋าผ้าแคนวาส,1,320.00,0.00,320.00,17.12,10.27,6.85,15.00,270.76
2626070100822,01/07/2569,BZ-SKN-002,ครีมกันแดด SPF50 50g,1,450.00,0.00,450.00,24.07,14.44,9.63,0.00,401.85
2626070100823,01/07/2569,BZ-SUP-001,คอลลาเจนเปปไทด์ 200g,1,890.00,0.00,890.00,47.62,28.57,19.05,15.00,779.77
2626070100824,01/07/2569,BZ-ELC-001,หูฟังบลูทูธไร้สาย,1,690.00,0.00,690.00,36.91,22.15,14.77,0.00,616.17
2626070100825,01/07/2569,BZ-ELC-001,หูฟังบลูทูธไร้สาย,1,690.00,69.00,621.00,33.22,19.93,13.29,0.00,554.55
2626070100826,01/07/2569,BZ-ELC-001,หูฟังบลูทูธไร้สาย,1,690.00,0.00,690.00,36.91,22.15,14.77,15.00,601.17
2626070100827,01/07/2569,BZ-ELC-001,หูฟังบลูทูธไร้สาย,1,690.00,0.00,690.00,36.91,22.15,14.77,0.00,616.17
2626070100828,01/07/2569,BZ-ELC-001,หูฟังบลูทูธไร้สาย,1,690.00,0.00,690.00,36.91,22.15,14.77,0.00,616.17
2626070100829,01/07/2569,BZ-ELC-001,หูฟังบลูทูธไร้สาย,2,1380.00,138.00,1242.00,66.45,39.87,26.58,0.00,1109.11
2626070100830,01/07/2569,BZ-ELC-001,หูฟังบลูทูธไร้สาย,1,690.00,0.00,690.00,36.91,22.15,14.77,15.00,601.17
2626070100831,01/07/2569,BZ-ELC-001,หูฟังบลูทูธไร้สาย,1,690.00,0.00,690.00,36.91,22.15,14.77,15.00,601.17
2626070100832,01/07/2569,BZ-ELC-001,หูฟังบลูทูธไร้สาย,1,690.00,69.00,621.00,33.22,19.93,13.29,0.00,554.55
2626070100833,01/07/2569,BZ-ELC-001,หูฟังบลูทูธไร้สาย,1,690.00,69.00,621.00,33.22,19.93,13.29,0.00,554.55
2626070100834,01/07/2569,BZ-ELC-001,หูฟังบลูทูธไร้สาย,1,690.00,69.00,621.00,33.22,19.93,13.29,0.00,554.55
2626070100835,01/07/2569,BZ-ELC-001,หูฟังบลูทูธไร้สาย,1,690.00,0.00,690.00,36.91,22.15,14.77,0.00,616.17
2626070100836,01/07/2569,BZ-ELC-001,หูฟังบลูทูธไร้สาย,1,690.00,0.00,690.00,36.91,22.15,14.77,0.00,616.17
2626070100837,01/07/2569,BZ-ELC-001,หูฟังบลูทูธไร้สาย,1,690.00,0.00,690.00,36.91,22.15,14.77,0.00,616.17
2626070100838,01/07/2569,BZ-ELC-001,หูฟังบลูทูธไร้สาย,1,690.00,0.00,690.00,36.91,22.15,14.77,0.00,616.17
2626070100839,01/07/2569,BZ-ELC-001,หูฟังบลูทูธไร้สาย,1,690.00,69.00,621.00,33.22,19.93,13.29,0.00,554.55
2626070100840,01/07/2569,BZ-ELC-001,หูฟังบลูทูธไร้สาย,2,1380.00,0.00,1380.00,73.83,44.30,29.53,0.00,1232.34
2626070100841,01/07/2569,BZ-ELC-001,หูฟังบลูทูธไร้สาย,2,1380.00,138.00,1242.00,66.45,39.87,26.58,0.00,1109.11
2626070100842,01/07/2569,BZ-ELC-001,หูฟังบลูทูธไร้สาย,1,690.00,0.00,690.00,36.91,22.15,14.77,15.00,601.17
2626070100843,01/07/2569,BZ-ELC-001,หูฟังบลูทูธไร้สาย,1,690.00,0.00,690.00,36.91,22.15,14.77,0.00,616.17
2626070100844,01/07/2569,BZ-ELC-001,หูฟังบลูทูธไร้สาย,1,690.00,69.00,621.00,33.22,19.93,13.29,0.00,554.55
2626070100845,01/07/2569,BZ-ELC-001,หูฟังบลูทูธไร้สาย,2,1380.00,138.00,1242.00,66.45,39.87,26.58,0.00,1109.11
2626070100846,01/07/2569,BZ-ELC-001,หูฟังบลูทูธไร้สาย,1,690.00,0.00,690.00,36.91,22.15,14.77,0.00,616.17
2626070100847,01/07/2569,BZ-ELC-001,หูฟังบลูทูธไร้สาย,1,690.00,69.00,621.00,33.22,19.93,13.29,15.00,539.55
2626070100848,01/07/2569,BZ-ELC-001,หูฟังบลูทูธไร้สาย,1,690.00,0.00,690.00,36.91,22.15,14.77,0.00,616.17
2626070100849,01/07/2569,BZ-SKN-001,เซรั่มวิตามินซี 30ml,2,1180.00,0.00,1180.00,63.13,37.88,25.25,0.00,1053.74
2626070100850,01/07/2569,BZ-ACC-001,กระเป๋าผ้าแคนวาส,1,320.00,32.00,288.00,15.41,9.24,6.16,0.00,257.18
2626070100851,01/07/2569,BZ-BND-001,เซตของขวัญรวม 3 ชิ้น,1,1190.00,119.00,1071.00,57.30,34.38,22.92,0.00,956.40
2626070100852,01/07/2569,BZ-BND-001,เซตของขวัญรวม 3 ชิ้น,1,1190.00,119.00,1071.00,57.30,34.38,22.92,0.00,956.40
2626070100853,01/07/2569,BZ-BND-001,เซตของขวัญรวม 3 ชิ้น,2,2380.00,238.00,2142.00,114.60,68.76,45.84,15.00,1897.81
2626070100854,01/07/2569,BZ-BND-001,เซตของขวัญรวม 3 ชิ้น,1,1190.00,119.00,1071.00,57.30,34.38,22.92,15.00,941.40
2626070100855,01/07/2569,BZ-BND-001,เซตของขวัญรวม 3 ชิ้น,2,2380.00,238.00,2142.00,114.60,68.76,45.84,15.00,1897.81
2626070100856,01/07/2569,BZ-BND-001,เซตของขวัญรวม 3 ชิ้น,1,1190.00,0.00,1190.00,63.66,38.20,25.47,0.00,1062.67
2626070100857,01/07/2569,BZ-BND-001,เซตของขวัญรวม 3 ชิ้น,2,2380.00,238.00,2142.00,114.60,68.76,45.84,15.00,1897.81
2626070100858,01/07/2569,BZ-BND-001,เซตของขวัญรวม 3 ชิ้น,1,1190.00,0.00,1190.00,63.66,38.20,25.47,15.00,1047.67
2626070100859,01/07/2569,BZ-BND-001,เซตของขวัญรวม 3 ชิ้น,1,1190.00,0.00,1190.00,63.66,38.20,25.47,0.00,1062.67
2626070100860,01/07/2569,BZ-BND-001,เซตของขวัญรวม 3 ชิ้น,1,1190.00,119.00,1071.00,57.30,34.38,22.92,15.00,941.40
2626070100861,01/07/2569,BZ-BND-001,เซตของขวัญรวม 3 ชิ้น,2,2380.00,238.00,2142.00,114.60,68.76,45.84,0.00,1912.81
2626070100862,01/07/2569,BZ-BND-001,เซตของขวัญรวม 3 ชิ้น,1,1190.00,0.00,1190.00,63.66,38.20,25.47,15.00,1047.67
2626070100863,01/07/2569,BZ-SKN-001,เซรั่มวิตามินซี 30ml,1,590.00,0.00,590.00,31.56,18.94,12.63,15.00,511.87
2626070200864,02/07/2569,BZ-SKN-001,เซรั่มวิตามินซี 30ml,1,590.00,0.00,590.00,31.56,18.94,12.63,15.00,511.87
2626070200865,02/07/2569,BZ-SKN-001,เซรั่มวิตามินซี 30ml,1,590.00,59.00,531.00,28.41,17.05,11.36,0.00,474.18
2626070200866,02/07/2569,BZ-SKN-001,เซรั่มวิตามินซี 30ml,1,590.00,59.00,531.00,28.41,17.05,11.36,0.00,474.18
2626070200867,02/07/2569,BZ-SKN-001,เซรั่มวิตามินซี 30ml,2,1180.00,0.00,1180.00,63.13,37.88,25.25,15.00,1038.74
2626070200868,02/07/2569,BZ-SKN-001,เซรั่มวิตามินซี 30ml,2,1180.00,118.00,1062.00,56.82,34.09,22.73,15.00,933.37
2626070200869,02/07/2569,BZ-SKN-001,เซรั่มวิตามินซี 30ml,1,590.00,59.00,531.00,28.41,17.05,11.36,15.00,459.18
2626070200870,02/07/2569,BZ-SKN-001,เซรั่มวิตามินซี 30ml,1,590.00,0.00,590.00,31.56,18.94,12.63,0.00,526.87
2626070200871,02/07/2569,BZ-SKN-001,เซรั่มวิตามินซี 30ml,1,590.00,0.00,590.00,31.56,18.94,12.63,15.00,511.87
2626070200872,02/07/2569,BZ-SKN-001,เซรั่มวิตามินซี 30ml,2,1180.00,118.00,1062.00,56.82,34.09,22.73,15.00,933.37
2626070200873,02/07/2569,BZ-SKN-001,เซรั่มวิตามินซี 30ml,2,1180.00,0.00,1180.00,63.13,37.88,25.25,15.00,1038.74
2626070200874,02/07/2569,BZ-SKN-001,เซรั่มวิตามินซี 30ml,1,590.00,59.00,531.00,28.41,17.05,11.36,15.00,459.18
2626070200875,02/07/2569,BZ-SKN-001,เซรั่มวิตามินซี 30ml,1,590.00,0.00,590.00,31.56,18.94,12.63,0.00,526.87
2626070200876,02/07/2569,BZ-SKN-001,เซรั่มวิตามินซี 30ml,1,590.00,59.00,531.00,28.41,17.05,11.36,0.00,474.18
2626070200877,02/07/2569,BZ-SKN-001,เซรั่มวิตามินซี 30ml,1,590.00,0.00,590.00,31.56,18.94,12.63,0.00,526.87
2626070200878,02/07/2569,BZ-SKN-001,เซรั่มวิตามินซี 30ml,2,1180.00,0.00,1180.00,63.13,37.88,25.25,0.00,1053.74
2626070200879,02/07/2569,BZ-SKN-001,เซรั่มวิตามินซี 30ml,1,590.00,0.00,590.00,31.56,18.94,12.63,0.00,526.87
2626070200880,02/07/2569,BZ-SKN-001,เซรั่มวิตามินซี 30ml,2,1180.00,0.00,1180.00,63.13,37.88,25.25,0.00,1053.74
2626070200881,02/07/2569,BZ-SKN-001,เซรั่มวิตามินซี 30ml,1,590.00,0.00,590.00,31.56,18.94,12.63,0.00,526.87
2626070200882,02/07/2569,BZ-SKN-001,เซรั่มวิตามินซี 30ml,2,1180.00,0.00,1180.00,63.13,37.88,25.25,0.00,1053.74
2626070200883,02/07/2569,BZ-SKN-001,เซรั่มวิตามินซี 30ml,1,590.00,0.00,590.00,31.56,18.94,12.63,0.00,526.87
2626070200884,02/07/2569,BZ-SKN-001,เซรั่มวิตามินซี 30ml,2,1180.00,118.00,1062.00,56.82,34.09,22.73,0.00,948.37
2626070200885,02/07/2569,BZ-SKN-001,เซรั่มวิตามินซี 30ml,1,590.00,59.00,531.00,28.41,17.05,11.36,15.00,459.18
2626070200886,02/07/2569,BZ-ACC-002,ขวดน้ำเก็บความเย็น 500ml,1,380.00,0.00,380.00,20.33,12.20,8.13,0.00,339.34
2626070200887,02/07/2569,BZ-ELC-001,หูฟังบลูทูธไร้สาย,1,690.00,0.00,690.00,36.91,22.15,14.77,0.00,616.17
2626070200888,02/07/2569,BZ-ACC-002,ขวดน้ำเก็บความเย็น 500ml,1,380.00,38.00,342.00,18.30,10.98,7.32,0.00,305.41
2626070200889,02/07/2569,BZ-SUP-001,คอลลาเจนเปปไทด์ 200g,2,1780.00,0.00,1780.00,95.23,57.14,38.09,0.00,1589.54
2626070200890,02/07/2569,BZ-SUP-001,คอลลาเจนเปปไทด์ 200g,1,890.00,0.00,890.00,47.62,28.57,19.05,0.00,794.77
2626070200891,02/07/2569,BZ-SUP-001,คอลลาเจนเปปไทด์ 200g,1,890.00,89.00,801.00,42.85,25.71,17.14,15.00,700.29
2626070200892,02/07/2569,BZ-SKN-001,เซรั่มวิตามินซี 30ml,1,590.00,0.00,590.00,31.56,18.94,12.63,0.00,526.87
2626070200893,02/07/2569,BZ-SUP-001,คอลลาเจนเปปไทด์ 200g,1,890.00,0.00,890.00,47.62,28.57,19.05,15.00,779.77
2626070200894,02/07/2569,BZ-SUP-001,คอลลาเจนเปปไทด์ 200g,1,890.00,0.00,890.00,47.62,28.57,19.05,15.00,779.77
2626070200895,02/07/2569,BZ-SUP-001,คอลลาเจนเปปไทด์ 200g,1,890.00,0.00,890.00,47.62,28.57,19.05,0.00,794.77
2626070200896,02/07/2569,BZ-SUP-001,คอลลาเจนเปปไทด์ 200g,1,890.00,89.00,801.00,42.85,25.71,17.14,15.00,700.29
2626070200897,02/07/2569,BZ-SUP-001,คอลลาเจนเปปไทด์ 200g,1,890.00,0.00,890.00,47.62,28.57,19.05,0.00,794.77
2626070200898,02/07/2569,BZ-SUP-001,คอลลาเจนเปปไทด์ 200g,1,890.00,89.00,801.00,42.85,25.71,17.14,15.00,700.29
2626070200899,02/07/2569,BZ-SUP-001,คอลลาเจนเปปไทด์ 200g,1,890.00,0.00,890.00,47.62,28.57,19.05,15.00,779.77
2626070200900,02/07/2569,BZ-SUP-001,คอลลาเจนเปปไทด์ 200g,1,890.00,0.00,890.00,47.62,28.57,19.05,15.00,779.77
2626070200901,02/07/2569,BZ-SUP-001,คอลลาเจนเปปไทด์ 200g,1,890.00,0.00,890.00,47.62,28.57,19.05,0.00,794.77
2626070200902,02/07/2569,BZ-SUP-001,คอลลาเจนเปปไทด์ 200g,1,890.00,0.00,890.00,47.62,28.57,19.05,15.00,779.77
2626070200903,02/07/2569,BZ-SUP-001,คอลลาเจนเปปไทด์ 200g,2,1780.00,0.00,1780.00,95.23,57.14,38.09,0.00,1589.54
2626070200904,02/07/2569,BZ-SUP-001,คอลลาเจนเปปไทด์ 200g,1,890.00,0.00,890.00,47.62,28.57,19.05,15.00,779.77
2626070200905,02/07/2569,BZ-ELC-001,หูฟังบลูทูธไร้สาย,1,690.00,0.00,690.00,36.91,22.15,14.77,15.00,601.17
2626070200906,02/07/2569,BZ-SUP-001,คอลลาเจนเปปไทด์ 200g,1,890.00,89.00,801.00,42.85,25.71,17.14,0.00,715.29
2626070200907,02/07/2569,BZ-ELC-001,หูฟังบลูทูธไร้สาย,1,690.00,69.00,621.00,33.22,19.93,13.29,0.00,554.55
2626070200908,02/07/2569,BZ-ACC-001,กระเป๋าผ้าแคนวาส,1,320.00,0.00,320.00,17.12,10.27,6.85,15.00,270.76
2626070200909,02/07/2569,BZ-ACC-001,กระเป๋าผ้าแคนวาส,1,320.00,0.00,320.00,17.12,10.27,6.85,0.00,285.76
2626070200910,02/07/2569,BZ-ACC-001,กระเป๋าผ้าแคนวาส,1,320.00,0.00,320.00,17.12,10.27,6.85,0.00,285.76
2626070200911,02/07/2569,BZ-ACC-001,กระเป๋าผ้าแคนวาส,1,320.00,0.00,320.00,17.12,10.27,6.85,15.00,270.76
2626070200912,02/07/2569,BZ-ACC-001,กระเป๋าผ้าแคนวาส,1,320.00,0.00,320.00,17.12,10.27,6.85,0.00,285.76
2626070200913,02/07/2569,BZ-ACC-001,กระเป๋าผ้าแคนวาส,1,320.00,0.00,320.00,17.12,10.27,6.85,15.00,270.76
2626070200914,02/07/2569,BZ-ACC-001,กระเป๋าผ้าแคนวาส,2,640.00,0.00,640.00,34.24,20.54,13.70,0.00,571.52
2626070200915,02/07/2569,BZ-ACC-001,กระเป๋าผ้าแคนวาส,1,320.00,32.00,288.00,15.41,9.24,6.16,0.00,257.18
2626070200916,02/07/2569,BZ-SKN-002,ครีมกันแดด SPF50 50g,1,450.00,0.00,450.00,24.07,14.44,9.63,15.00,386.85
2626070200917,02/07/2569,BZ-ACC-001,กระเป๋าผ้าแคนวาส,1,320.00,32.00,288.00,15.41,9.24,6.16,0.00,257.18
2626070200918,02/07/2569,BZ-ELC-001,หูฟังบลูทูธไร้สาย,1,690.00,69.00,621.00,33.22,19.93,13.29,0.00,554.55
2626070200919,02/07/2569,BZ-ELC-001,หูฟังบลูทูธไร้สาย,1,690.00,0.00,690.00,36.91,22.15,14.77,15.00,601.17
2626070200920,02/07/2569,BZ-ELC-001,หูฟังบลูทูธไร้สาย,1,690.00,69.00,621.00,33.22,19.93,13.29,15.00,539.55
2626070200921,02/07/2569,BZ-ELC-001,หูฟังบลูทูธไร้สาย,2,1380.00,0.00,1380.00,73.83,44.30,29.53,15.00,1217.34
2626070200922,02/07/2569,BZ-ELC-001,หูฟังบลูทูธไร้สาย,1,690.00,0.00,690.00,36.91,22.15,14.77,0.00,616.17
2626070200923,02/07/2569,BZ-ELC-001,หูฟังบลูทูธไร้สาย,1,690.00,0.00,690.00,36.91,22.15,14.77,15.00,601.17
2626070200924,02/07/2569,BZ-ELC-001,หูฟังบลูทูธไร้สาย,1,690.00,0.00,690.00,36.91,22.15,14.77,0.00,616.17
2626070200925,02/07/2569,BZ-ELC-001,หูฟังบลูทูธไร้สาย,1,690.00,0.00,690.00,36.91,22.15,14.77,0.00,616.17
2626070200926,02/07/2569,BZ-ELC-001,หูฟังบลูทูธไร้สาย,1,690.00,0.00,690.00,36.91,22.15,14.77,0.00,616.17
2626070200927,02/07/2569,BZ-ELC-001,หูฟังบลูทูธไร้สาย,2,1380.00,138.00,1242.00,66.45,39.87,26.58,0.00,1109.11
2626070200928,02/07/2569,BZ-ELC-001,หูฟังบลูทูธไร้สาย,1,690.00,69.00,621.00,33.22,19.93,13.29,15.00,539.55
2626070200929,02/07/2569,BZ-ELC-001,หูฟังบลูทูธไร้สาย,1,690.00,0.00,690.00,36.91,22.15,14.77,0.00,616.17
2626070200930,02/07/2569,BZ-ELC-001,หูฟังบลูทูธไร้สาย,1,690.00,69.00,621.00,33.22,19.93,13.29,15.00,539.55
2626070200931,02/07/2569,BZ-ELC-001,หูฟังบลูทูธไร้สาย,1,690.00,0.00,690.00,36.91,22.15,14.77,15.00,601.17
2626070200932,02/07/2569,BZ-ELC-001,หูฟังบลูทูธไร้สาย,1,690.00,0.00,690.00,36.91,22.15,14.77,15.00,601.17
2626070200933,02/07/2569,BZ-ELC-001,หูฟังบลูทูธไร้สาย,1,690.00,0.00,690.00,36.91,22.15,14.77,0.00,616.17
2626070200934,02/07/2569,BZ-ELC-001,หูฟังบลูทูธไร้สาย,1,690.00,0.00,690.00,36.91,22.15,14.77,0.00,616.17
2626070200935,02/07/2569,BZ-ELC-001,หูฟังบลูทูธไร้สาย,1,690.00,0.00,690.00,36.91,22.15,14.77,0.00,616.17
2626070200936,02/07/2569,BZ-ELC-001,หูฟังบลูทูธไร้สาย,2,1380.00,138.00,1242.00,66.45,39.87,26.58,0.00,1109.11
2626070200937,02/07/2569,BZ-ELC-001,หูฟังบลูทูธไร้สาย,1,690.00,0.00,690.00,36.91,22.15,14.77,0.00,616.17
2626070200938,02/07/2569,BZ-ELC-001,หูฟังบลูทูธไร้สาย,1,690.00,0.00,690.00,36.91,22.15,14.77,15.00,601.17
2626070200939,02/07/2569,BZ-ELC-001,หูฟังบลูทูธไร้สาย,1,690.00,0.00,690.00,36.91,22.15,14.77,15.00,601.17
2626070200940,02/07/2569,BZ-ACC-001,กระเป๋าผ้าแคนวาส,2,640.00,64.00,576.00,30.82,18.49,12.33,0.00,514.37
2626070200941,02/07/2569,BZ-SKN-001,เซรั่มวิตามินซี 30ml,1,590.00,59.00,531.00,28.41,17.05,11.36,0.00,474.18
2626070200942,02/07/2569,BZ-BND-001,เซตของขวัญรวม 3 ชิ้น,1,1190.00,0.00,1190.00,63.66,38.20,25.47,15.00,1047.67
2626070200943,02/07/2569,BZ-BND-001,เซตของขวัญรวม 3 ชิ้น,1,1190.00,119.00,1071.00,57.30,34.38,22.92,0.00,956.40
2626070200944,02/07/2569,BZ-BND-001,เซตของขวัญรวม 3 ชิ้น,1,1190.00,0.00,1190.00,63.66,38.20,25.47,0.00,1062.67
2626070200945,02/07/2569,BZ-BND-001,เซตของขวัญรวม 3 ชิ้น,1,1190.00,119.00,1071.00,57.30,34.38,22.92,0.00,956.40
2626070200946,02/07/2569,BZ-BND-001,เซตของขวัญรวม 3 ชิ้น,2,2380.00,0.00,2380.00,127.33,76.40,50.93,0.00,2125.34
2626070200947,02/07/2569,BZ-BND-001,เซตของขวัญรวม 3 ชิ้น,1,1190.00,0.00,1190.00,63.66,38.20,25.47,0.00,1062.67
2626070200948,02/07/2569,BZ-BND-001,เซตของขวัญรวม 3 ชิ้น,1,1190.00,0.00,1190.00,63.66,38.20,25.47,15.00,1047.67
2626070200949,02/07/2569,BZ-BND-001,เซตของขวัญรวม 3 ชิ้น,1,1190.00,0.00,1190.00,63.66,38.20,25.47,15.00,1047.67
2626070300950,03/07/2569,BZ-SKN-001,เซรั่มวิตามินซี 30ml,1,590.00,59.00,531.00,28.41,17.05,11.36,0.00,474.18
2626070300951,03/07/2569,BZ-SKN-001,เซรั่มวิตามินซี 30ml,1,590.00,0.00,590.00,31.56,18.94,12.63,15.00,511.87
2626070300952,03/07/2569,BZ-SKN-001,เซรั่มวิตามินซี 30ml,2,1180.00,118.00,1062.00,56.82,34.09,22.73,0.00,948.37
2626070300953,03/07/2569,BZ-SKN-001,เซรั่มวิตามินซี 30ml,2,1180.00,0.00,1180.00,63.13,37.88,25.25,15.00,1038.74
2626070300954,03/07/2569,BZ-SKN-001,เซรั่มวิตามินซี 30ml,1,590.00,59.00,531.00,28.41,17.05,11.36,0.00,474.18
2626070300955,03/07/2569,BZ-SKN-001,เซรั่มวิตามินซี 30ml,1,590.00,59.00,531.00,28.41,17.05,11.36,0.00,474.18
2626070300956,03/07/2569,BZ-SKN-001,เซรั่มวิตามินซี 30ml,2,1180.00,0.00,1180.00,63.13,37.88,25.25,15.00,1038.74
2626070300957,03/07/2569,BZ-SKN-001,เซรั่มวิตามินซี 30ml,2,1180.00,0.00,1180.00,63.13,37.88,25.25,15.00,1038.74
2626070300958,03/07/2569,BZ-SKN-001,เซรั่มวิตามินซี 30ml,1,590.00,0.00,590.00,31.56,18.94,12.63,15.00,511.87
2626070300959,03/07/2569,BZ-SKN-001,เซรั่มวิตามินซี 30ml,1,590.00,59.00,531.00,28.41,17.05,11.36,0.00,474.18
2626070300960,03/07/2569,BZ-SKN-001,เซรั่มวิตามินซี 30ml,1,590.00,0.00,590.00,31.56,18.94,12.63,15.00,511.87
2626070300961,03/07/2569,BZ-SKN-001,เซรั่มวิตามินซี 30ml,1,590.00,0.00,590.00,31.56,18.94,12.63,15.00,511.87
2626070300962,03/07/2569,BZ-SKN-001,เซรั่มวิตามินซี 30ml,1,590.00,0.00,590.00,31.56,18.94,12.63,0.00,526.87
2626070300963,03/07/2569,BZ-SKN-001,เซรั่มวิตามินซี 30ml,1,590.00,0.00,590.00,31.56,18.94,12.63,15.00,511.87
2626070300964,03/07/2569,BZ-SKN-001,เซรั่มวิตามินซี 30ml,1,590.00,59.00,531.00,28.41,17.05,11.36,15.00,459.18
2626070300965,03/07/2569,BZ-SKN-001,เซรั่มวิตามินซี 30ml,1,590.00,59.00,531.00,28.41,17.05,11.36,0.00,474.18
2626070300966,03/07/2569,BZ-SKN-001,เซรั่มวิตามินซี 30ml,1,590.00,0.00,590.00,31.56,18.94,12.63,0.00,526.87
2626070300967,03/07/2569,BZ-SKN-001,เซรั่มวิตามินซี 30ml,2,1180.00,0.00,1180.00,63.13,37.88,25.25,15.00,1038.74
2626070300968,03/07/2569,BZ-SKN-001,เซรั่มวิตามินซี 30ml,1,590.00,59.00,531.00,28.41,17.05,11.36,0.00,474.18
2626070300969,03/07/2569,BZ-SKN-001,เซรั่มวิตามินซี 30ml,1,590.00,0.00,590.00,31.56,18.94,12.63,0.00,526.87
2626070300970,03/07/2569,BZ-SKN-001,เซรั่มวิตามินซี 30ml,1,590.00,0.00,590.00,31.56,18.94,12.63,0.00,526.87
2626070300971,03/07/2569,BZ-SKN-001,เซรั่มวิตามินซี 30ml,1,590.00,59.00,531.00,28.41,17.05,11.36,0.00,474.18
2626070300972,03/07/2569,BZ-SKN-001,เซรั่มวิตามินซี 30ml,1,590.00,59.00,531.00,28.41,17.05,11.36,0.00,474.18
2626070300973,03/07/2569,BZ-SKN-001,เซรั่มวิตามินซี 30ml,1,590.00,0.00,590.00,31.56,18.94,12.63,0.00,526.87
2626070300974,03/07/2569,BZ-SKN-001,เซรั่มวิตามินซี 30ml,1,590.00,0.00,590.00,31.56,18.94,12.63,0.00,526.87
2626070300975,03/07/2569,BZ-SKN-001,เซรั่มวิตามินซี 30ml,1,590.00,59.00,531.00,28.41,17.05,11.36,15.00,459.18
2626070300976,03/07/2569,BZ-SKN-001,เซรั่มวิตามินซี 30ml,1,590.00,59.00,531.00,28.41,17.05,11.36,0.00,474.18
2626070300977,03/07/2569,BZ-SKN-001,เซรั่มวิตามินซี 30ml,1,590.00,0.00,590.00,31.56,18.94,12.63,0.00,526.87
2626070300978,03/07/2569,BZ-SKN-001,เซรั่มวิตามินซี 30ml,1,590.00,59.00,531.00,28.41,17.05,11.36,0.00,474.18
2626070300979,03/07/2569,BZ-SKN-001,เซรั่มวิตามินซี 30ml,1,590.00,59.00,531.00,28.41,17.05,11.36,0.00,474.18
2626070300980,03/07/2569,BZ-SKN-001,เซรั่มวิตามินซี 30ml,1,590.00,59.00,531.00,28.41,17.05,11.36,0.00,474.18
2626070300981,03/07/2569,BZ-SKN-001,เซรั่มวิตามินซี 30ml,1,590.00,59.00,531.00,28.41,17.05,11.36,0.00,474.18
2626070300982,03/07/2569,BZ-SKN-001,เซรั่มวิตามินซี 30ml,1,590.00,59.00,531.00,28.41,17.05,11.36,0.00,474.18
2626070300983,03/07/2569,BZ-SKN-001,เซรั่มวิตามินซี 30ml,1,590.00,0.00,590.00,31.56,18.94,12.63,0.00,526.87
2626070300984,03/07/2569,BZ-SKN-001,เซรั่มวิตามินซี 30ml,1,590.00,0.00,590.00,31.56,18.94,12.63,0.00,526.87
2626070300985,03/07/2569,BZ-SKN-001,เซรั่มวิตามินซี 30ml,2,1180.00,0.00,1180.00,63.13,37.88,25.25,0.00,1053.74
2626070300986,03/07/2569,BZ-SKN-001,เซรั่มวิตามินซี 30ml,1,590.00,0.00,590.00,31.56,18.94,12.63,15.00,511.87
2626070300987,03/07/2569,BZ-SKN-001,เซรั่มวิตามินซี 30ml,1,590.00,0.00,590.00,31.56,18.94,12.63,15.00,511.87
2626070300988,03/07/2569,BZ-SKN-001,เซรั่มวิตามินซี 30ml,2,1180.00,118.00,1062.00,56.82,34.09,22.73,0.00,948.37
2626070300989,03/07/2569,BZ-SKN-001,เซรั่มวิตามินซี 30ml,2,1180.00,118.00,1062.00,56.82,34.09,22.73,0.00,948.37
2626070300990,03/07/2569,BZ-SKN-001,เซรั่มวิตามินซี 30ml,1,590.00,0.00,590.00,31.56,18.94,12.63,15.00,511.87
2626070300991,03/07/2569,BZ-SKN-001,เซรั่มวิตามินซี 30ml,1,590.00,0.00,590.00,31.56,18.94,12.63,15.00,511.87
2626070300992,03/07/2569,BZ-SKN-001,เซรั่มวิตามินซี 30ml,1,590.00,59.00,531.00,28.41,17.05,11.36,0.00,474.18
2626070300993,03/07/2569,BZ-SKN-001,เซรั่มวิตามินซี 30ml,1,590.00,59.00,531.00,28.41,17.05,11.36,15.00,459.18
2626070300994,03/07/2569,BZ-SKN-001,เซรั่มวิตามินซี 30ml,1,590.00,59.00,531.00,28.41,17.05,11.36,15.00,459.18
2626070300995,03/07/2569,BZ-SKN-001,เซรั่มวิตามินซี 30ml,2,1180.00,0.00,1180.00,63.13,37.88,25.25,15.00,1038.74
2626070300996,03/07/2569,BZ-SKN-001,เซรั่มวิตามินซี 30ml,1,590.00,0.00,590.00,31.56,18.94,12.63,15.00,511.87
2626070300997,03/07/2569,BZ-ACC-002,ขวดน้ำเก็บความเย็น 500ml,1,380.00,38.00,342.00,18.30,10.98,7.32,0.00,305.41
2626070300998,03/07/2569,BZ-ELC-001,หูฟังบลูทูธไร้สาย,1,690.00,69.00,621.00,33.22,19.93,13.29,15.00,539.55
2626070300999,03/07/2569,BZ-ELC-001,หูฟังบลูทูธไร้สาย,1,690.00,0.00,690.00,36.91,22.15,14.77,15.00,601.17
2626070301000,03/07/2569,BZ-ACC-002,ขวดน้ำเก็บความเย็น 500ml,1,380.00,0.00,380.00,20.33,12.20,8.13,0.00,339.34
2626070301001,03/07/2569,BZ-ACC-002,ขวดน้ำเก็บความเย็น 500ml,2,760.00,0.00,760.00,40.66,24.40,16.26,0.00,678.68
2626070301002,03/07/2569,BZ-ACC-002,ขวดน้ำเก็บความเย็น 500ml,1,380.00,0.00,380.00,20.33,12.20,8.13,0.00,339.34
2626070301003,03/07/2569,BZ-ACC-001,กระเป๋าผ้าแคนวาส,2,640.00,0.00,640.00,34.24,20.54,13.70,0.00,571.52
2626070301004,03/07/2569,BZ-BND-001,เซตของขวัญรวม 3 ชิ้น,2,2380.00,238.00,2142.00,114.60,68.76,45.84,0.00,1912.81
2626070301005,03/07/2569,BZ-SKN-002,ครีมกันแดด SPF50 50g,1,450.00,45.00,405.00,21.67,13.00,8.67,0.00,361.67
2626070301006,03/07/2569,BZ-ACC-002,ขวดน้ำเก็บความเย็น 500ml,1,380.00,38.00,342.00,18.30,10.98,7.32,0.00,305.41
2626070301007,03/07/2569,BZ-BND-001,เซตของขวัญรวม 3 ชิ้น,2,2380.00,0.00,2380.00,127.33,76.40,50.93,0.00,2125.34
2626070301008,03/07/2569,BZ-ACC-001,กระเป๋าผ้าแคนวาส,1,320.00,32.00,288.00,15.41,9.24,6.16,0.00,257.18
2626070301009,03/07/2569,BZ-ACC-002,ขวดน้ำเก็บความเย็น 500ml,1,380.00,0.00,380.00,20.33,12.20,8.13,15.00,324.34
2626070301010,03/07/2569,BZ-SUP-001,คอลลาเจนเปปไทด์ 200g,1,890.00,0.00,890.00,47.62,28.57,19.05,0.00,794.77
2626070301011,03/07/2569,BZ-SUP-001,คอลลาเจนเปปไทด์ 200g,1,890.00,0.00,890.00,47.62,28.57,19.05,0.00,794.77
2626070301012,03/07/2569,BZ-SUP-001,คอลลาเจนเปปไทด์ 200g,1,890.00,0.00,890.00,47.62,28.57,19.05,0.00,794.77
2626070301013,03/07/2569,BZ-SUP-001,คอลลาเจนเปปไทด์ 200g,1,890.00,0.00,890.00,47.62,28.57,19.05,15.00,779.77
2626070301014,03/07/2569,BZ-SUP-001,คอลลาเจนเปปไทด์ 200g,2,1780.00,178.00,1602.00,85.71,51.42,34.28,0.00,1430.59
2626070301015,03/07/2569,BZ-SUP-001,คอลลาเจนเปปไทด์ 200g,1,890.00,89.00,801.00,42.85,25.71,17.14,0.00,715.29
2626070301016,03/07/2569,BZ-SUP-001,คอลลาเจนเปปไทด์ 200g,1,890.00,0.00,890.00,47.62,28.57,19.05,0.00,794.77
2626070301017,03/07/2569,BZ-SUP-001,คอลลาเจนเปปไทด์ 200g,1,890.00,0.00,890.00,47.62,28.57,19.05,0.00,794.77
2626070301018,03/07/2569,BZ-SUP-001,คอลลาเจนเปปไทด์ 200g,1,890.00,89.00,801.00,42.85,25.71,17.14,0.00,715.29
2626070301019,03/07/2569,BZ-SUP-001,คอลลาเจนเปปไทด์ 200g,1,890.00,89.00,801.00,42.85,25.71,17.14,0.00,715.29
2626070301020,03/07/2569,BZ-SUP-001,คอลลาเจนเปปไทด์ 200g,1,890.00,0.00,890.00,47.62,28.57,19.05,15.00,779.77
2626070301021,03/07/2569,BZ-SUP-001,คอลลาเจนเปปไทด์ 200g,1,890.00,89.00,801.00,42.85,25.71,17.14,0.00,715.29
2626070301022,03/07/2569,BZ-SUP-001,คอลลาเจนเปปไทด์ 200g,2,1780.00,178.00,1602.00,85.71,51.42,34.28,0.00,1430.59
2626070301023,03/07/2569,BZ-SUP-001,คอลลาเจนเปปไทด์ 200g,2,1780.00,178.00,1602.00,85.71,51.42,34.28,15.00,1415.59
2626070301024,03/07/2569,BZ-SUP-001,คอลลาเจนเปปไทด์ 200g,2,1780.00,0.00,1780.00,95.23,57.14,38.09,15.00,1574.54
2626070301025,03/07/2569,BZ-SUP-001,คอลลาเจนเปปไทด์ 200g,1,890.00,0.00,890.00,47.62,28.57,19.05,15.00,779.77
2626070301026,03/07/2569,BZ-SUP-001,คอลลาเจนเปปไทด์ 200g,1,890.00,0.00,890.00,47.62,28.57,19.05,0.00,794.77
2626070301027,03/07/2569,BZ-SUP-001,คอลลาเจนเปปไทด์ 200g,1,890.00,0.00,890.00,47.62,28.57,19.05,0.00,794.77
2626070301028,03/07/2569,BZ-SUP-001,คอลลาเจนเปปไทด์ 200g,1,890.00,0.00,890.00,47.62,28.57,19.05,15.00,779.77
2626070301029,03/07/2569,BZ-SUP-001,คอลลาเจนเปปไทด์ 200g,2,1780.00,0.00,1780.00,95.23,57.14,38.09,0.00,1589.54
2626070301030,03/07/2569,BZ-SUP-001,คอลลาเจนเปปไทด์ 200g,2,1780.00,178.00,1602.00,85.71,51.42,34.28,15.00,1415.59
2626070301031,03/07/2569,BZ-SUP-001,คอลลาเจนเปปไทด์ 200g,1,890.00,0.00,890.00,47.62,28.57,19.05,0.00,794.77
2626070301032,03/07/2569,BZ-SUP-001,คอลลาเจนเปปไทด์ 200g,1,890.00,89.00,801.00,42.85,25.71,17.14,15.00,700.29
2626070301033,03/07/2569,BZ-SUP-001,คอลลาเจนเปปไทด์ 200g,1,890.00,89.00,801.00,42.85,25.71,17.14,0.00,715.29
2626070301034,03/07/2569,BZ-SUP-001,คอลลาเจนเปปไทด์ 200g,1,890.00,89.00,801.00,42.85,25.71,17.14,0.00,715.29
2626070301035,03/07/2569,BZ-SUP-001,คอลลาเจนเปปไทด์ 200g,2,1780.00,0.00,1780.00,95.23,57.14,38.09,15.00,1574.54
2626070301036,03/07/2569,BZ-ACC-001,กระเป๋าผ้าแคนวาส,1,320.00,32.00,288.00,15.41,9.24,6.16,15.00,242.18
2626070301037,03/07/2569,BZ-ELC-001,หูฟังบลูทูธไร้สาย,1,690.00,69.00,621.00,33.22,19.93,13.29,0.00,554.55
2626070301038,03/07/2569,BZ-ACC-001,กระเป๋าผ้าแคนวาส,1,320.00,0.00,320.00,17.12,10.27,6.85,15.00,270.76
2626070301039,03/07/2569,BZ-ACC-001,กระเป๋าผ้าแคนวาส,2,640.00,0.00,640.00,34.24,20.54,13.70,15.00,556.52
2626070301040,03/07/2569,BZ-ACC-001,กระเป๋าผ้าแคนวาส,1,320.00,0.00,320.00,17.12,10.27,6.85,0.00,285.76
2626070301041,03/07/2569,BZ-ACC-001,กระเป๋าผ้าแคนวาส,2,640.00,0.00,640.00,34.24,20.54,13.70,0.00,571.52
2626070301042,03/07/2569,BZ-ACC-001,กระเป๋าผ้าแคนวาส,1,320.00,32.00,288.00,15.41,9.24,6.16,0.00,257.18
2626070301043,03/07/2569,BZ-ACC-001,กระเป๋าผ้าแคนวาส,2,640.00,64.00,576.00,30.82,18.49,12.33,15.00,499.37
2626070301044,03/07/2569,BZ-ACC-001,กระเป๋าผ้าแคนวาส,2,640.00,64.00,576.00,30.82,18.49,12.33,0.00,514.37
2626070301045,03/07/2569,BZ-ACC-001,กระเป๋าผ้าแคนวาส,1,320.00,0.00,320.00,17.12,10.27,6.85,15.00,270.76
2626070301046,03/07/2569,BZ-ACC-001,กระเป๋าผ้าแคนวาส,1,320.00,0.00,320.00,17.12,10.27,6.85,0.00,285.76
2626070301047,03/07/2569,BZ-ACC-001,กระเป๋าผ้าแคนวาส,1,320.00,32.00,288.00,15.41,9.24,6.16,15.00,242.18
2626070301048,03/07/2569,BZ-ACC-001,กระเป๋าผ้าแคนวาส,1,320.00,0.00,320.00,17.12,10.27,6.85,15.00,270.76
2626070301049,03/07/2569,BZ-ACC-001,กระเป๋าผ้าแคนวาส,1,320.00,0.00,320.00,17.12,10.27,6.85,0.00,285.76
2626070301050,03/07/2569,BZ-ACC-001,กระเป๋าผ้าแคนวาส,1,320.00,0.00,320.00,17.12,10.27,6.85,0.00,285.76
2626070301051,03/07/2569,BZ-ACC-001,กระเป๋าผ้าแคนวาส,1,320.00,32.00,288.00,15.41,9.24,6.16,0.00,257.18
2626070301052,03/07/2569,BZ-SKN-001,เซรั่มวิตามินซี 30ml,2,1180.00,118.00,1062.00,56.82,34.09,22.73,15.00,933.37
2626070301053,03/07/2569,BZ-SUP-001,คอลลาเจนเปปไทด์ 200g,1,890.00,89.00,801.00,42.85,25.71,17.14,15.00,700.29
2626070301054,03/07/2569,BZ-ACC-002,ขวดน้ำเก็บความเย็น 500ml,1,380.00,0.00,380.00,20.33,12.20,8.13,0.00,339.34
2626070301055,03/07/2569,BZ-ELC-001,หูฟังบลูทูธไร้สาย,1,690.00,69.00,621.00,33.22,19.93,13.29,15.00,539.55
2626070301056,03/07/2569,BZ-ELC-001,หูฟังบลูทูธไร้สาย,1,690.00,0.00,690.00,36.91,22.15,14.77,15.00,601.17
2626070301057,03/07/2569,BZ-ELC-001,หูฟังบลูทูธไร้สาย,1,690.00,69.00,621.00,33.22,19.93,13.29,15.00,539.55
2626070301058,03/07/2569,BZ-ELC-001,หูฟังบลูทูธไร้สาย,1,690.00,69.00,621.00,33.22,19.93,13.29,0.00,554.55
2626070301059,03/07/2569,BZ-ELC-001,หูฟังบลูทูธไร้สาย,2,1380.00,0.00,1380.00,73.83,44.30,29.53,0.00,1232.34
2626070301060,03/07/2569,BZ-ELC-001,หูฟังบลูทูธไร้สาย,1,690.00,69.00,621.00,33.22,19.93,13.29,15.00,539.55
2626070301061,03/07/2569,BZ-ELC-001,หูฟังบลูทูธไร้สาย,1,690.00,0.00,690.00,36.91,22.15,14.77,15.00,601.17
2626070301062,03/07/2569,BZ-ELC-001,หูฟังบลูทูธไร้สาย,1,690.00,69.00,621.00,33.22,19.93,13.29,0.00,554.55
2626070301063,03/07/2569,BZ-ELC-001,หูฟังบลูทูธไร้สาย,2,1380.00,138.00,1242.00,66.45,39.87,26.58,0.00,1109.11
2626070301064,03/07/2569,BZ-ELC-001,หูฟังบลูทูธไร้สาย,2,1380.00,0.00,1380.00,73.83,44.30,29.53,15.00,1217.34
2626070301065,03/07/2569,BZ-ELC-001,หูฟังบลูทูธไร้สาย,1,690.00,0.00,690.00,36.91,22.15,14.77,15.00,601.17
2626070301066,03/07/2569,BZ-ELC-001,หูฟังบลูทูธไร้สาย,1,690.00,69.00,621.00,33.22,19.93,13.29,15.00,539.55
2626070301067,03/07/2569,BZ-ELC-001,หูฟังบลูทูธไร้สาย,1,690.00,0.00,690.00,36.91,22.15,14.77,0.00,616.17
2626070301068,03/07/2569,BZ-ELC-001,หูฟังบลูทูธไร้สาย,1,690.00,69.00,621.00,33.22,19.93,13.29,15.00,539.55
2626070301069,03/07/2569,BZ-ELC-001,หูฟังบลูทูธไร้สาย,2,1380.00,0.00,1380.00,73.83,44.30,29.53,15.00,1217.34
2626070301070,03/07/2569,BZ-ELC-001,หูฟังบลูทูธไร้สาย,1,690.00,0.00,690.00,36.91,22.15,14.77,0.00,616.17
2626070301071,03/07/2569,BZ-SKN-001,เซรั่มวิตามินซี 30ml,1,590.00,59.00,531.00,28.41,17.05,11.36,0.00,474.18
2626070301072,03/07/2569,BZ-BND-001,เซตของขวัญรวม 3 ชิ้น,1,1190.00,119.00,1071.00,57.30,34.38,22.92,0.00,956.40
2626070301073,03/07/2569,BZ-BND-001,เซตของขวัญรวม 3 ชิ้น,1,1190.00,119.00,1071.00,57.30,34.38,22.92,0.00,956.40
2626070301074,03/07/2569,BZ-BND-001,เซตของขวัญรวม 3 ชิ้น,1,1190.00,0.00,1190.00,63.66,38.20,25.47,0.00,1062.67
2626070301075,03/07/2569,BZ-BND-001,เซตของขวัญรวม 3 ชิ้น,1,1190.00,0.00,1190.00,63.66,38.20,25.47,15.00,1047.67
2626070301076,03/07/2569,BZ-BND-001,เซตของขวัญรวม 3 ชิ้น,2,2380.00,238.00,2142.00,114.60,68.76,45.84,0.00,1912.81
2626070301077,03/07/2569,BZ-BND-001,เซตของขวัญรวม 3 ชิ้น,2,2380.00,238.00,2142.00,114.60,68.76,45.84,15.00,1897.81
2626070301078,03/07/2569,BZ-BND-001,เซตของขวัญรวม 3 ชิ้น,1,1190.00,119.00,1071.00,57.30,34.38,22.92,15.00,941.40
2626070301079,03/07/2569,BZ-BND-001,เซตของขวัญรวม 3 ชิ้น,1,1190.00,0.00,1190.00,63.66,38.20,25.47,0.00,1062.67
2626070301080,03/07/2569,BZ-BND-001,เซตของขวัญรวม 3 ชิ้น,1,1190.00,0.00,1190.00,63.66,38.20,25.47,0.00,1062.67
2626070301081,03/07/2569,BZ-BND-001,เซตของขวัญรวม 3 ชิ้น,1,1190.00,119.00,1071.00,57.30,34.38,22.92,15.00,941.40
2626070301082,03/07/2569,BZ-BND-001,เซตของขวัญรวม 3 ชิ้น,1,1190.00,119.00,1071.00,57.30,34.38,22.92,15.00,941.40
2626070301083,03/07/2569,BZ-BND-001,เซตของขวัญรวม 3 ชิ้น,1,1190.00,119.00,1071.00,57.30,34.38,22.92,15.00,941.40
2626070301084,03/07/2569,BZ-SUP-001,คอลลาเจนเปปไทด์ 200g,1,890.00,0.00,890.00,47.62,28.57,19.05,0.00,794.77
2626070401085,04/07/2569,BZ-SKN-001,เซรั่มวิตามินซี 30ml,1,590.00,59.00,531.00,28.41,17.05,11.36,0.00,474.18
2626070401086,04/07/2569,BZ-SKN-001,เซรั่มวิตามินซี 30ml,1,590.00,59.00,531.00,28.41,17.05,11.36,0.00,474.18
2626070401087,04/07/2569,BZ-SKN-001,เซรั่มวิตามินซี 30ml,1,590.00,59.00,531.00,28.41,17.05,11.36,0.00,474.18
2626070401088,04/07/2569,BZ-SKN-001,เซรั่มวิตามินซี 30ml,2,1180.00,118.00,1062.00,56.82,34.09,22.73,15.00,933.37
2626070401089,04/07/2569,BZ-SKN-001,เซรั่มวิตามินซี 30ml,2,1180.00,0.00,1180.00,63.13,37.88,25.25,15.00,1038.74
2626070401090,04/07/2569,BZ-SKN-001,เซรั่มวิตามินซี 30ml,1,590.00,0.00,590.00,31.56,18.94,12.63,0.00,526.87
2626070401091,04/07/2569,BZ-SKN-001,เซรั่มวิตามินซี 30ml,1,590.00,0.00,590.00,31.56,18.94,12.63,0.00,526.87
2626070401092,04/07/2569,BZ-SKN-001,เซรั่มวิตามินซี 30ml,1,590.00,59.00,531.00,28.41,17.05,11.36,15.00,459.18
2626070401093,04/07/2569,BZ-SKN-001,เซรั่มวิตามินซี 30ml,1,590.00,0.00,590.00,31.56,18.94,12.63,15.00,511.87
2626070401094,04/07/2569,BZ-SKN-001,เซรั่มวิตามินซี 30ml,1,590.00,0.00,590.00,31.56,18.94,12.63,15.00,511.87
2626070401095,04/07/2569,BZ-SKN-001,เซรั่มวิตามินซี 30ml,1,590.00,0.00,590.00,31.56,18.94,12.63,0.00,526.87
2626070401096,04/07/2569,BZ-SKN-001,เซรั่มวิตามินซี 30ml,1,590.00,0.00,590.00,31.56,18.94,12.63,0.00,526.87
2626070401097,04/07/2569,BZ-SKN-001,เซรั่มวิตามินซี 30ml,1,590.00,59.00,531.00,28.41,17.05,11.36,0.00,474.18
2626070401098,04/07/2569,BZ-SKN-001,เซรั่มวิตามินซี 30ml,2,1180.00,0.00,1180.00,63.13,37.88,25.25,0.00,1053.74
2626070401099,04/07/2569,BZ-SKN-001,เซรั่มวิตามินซี 30ml,2,1180.00,0.00,1180.00,63.13,37.88,25.25,0.00,1053.74
2626070401100,04/07/2569,BZ-SKN-001,เซรั่มวิตามินซี 30ml,1,590.00,59.00,531.00,28.41,17.05,11.36,0.00,474.18
2626070401101,04/07/2569,BZ-SKN-001,เซรั่มวิตามินซี 30ml,1,590.00,0.00,590.00,31.56,18.94,12.63,15.00,511.87
2626070401102,04/07/2569,BZ-SKN-001,เซรั่มวิตามินซี 30ml,1,590.00,0.00,590.00,31.56,18.94,12.63,0.00,526.87
2626070401103,04/07/2569,BZ-SKN-001,เซรั่มวิตามินซี 30ml,1,590.00,0.00,590.00,31.56,18.94,12.63,0.00,526.87
2626070401104,04/07/2569,BZ-SKN-001,เซรั่มวิตามินซี 30ml,2,1180.00,118.00,1062.00,56.82,34.09,22.73,0.00,948.37
2626070401105,04/07/2569,BZ-SKN-001,เซรั่มวิตามินซี 30ml,1,590.00,0.00,590.00,31.56,18.94,12.63,0.00,526.87
2626070401106,04/07/2569,BZ-SKN-001,เซรั่มวิตามินซี 30ml,1,590.00,59.00,531.00,28.41,17.05,11.36,15.00,459.18
2626070401107,04/07/2569,BZ-SKN-001,เซรั่มวิตามินซี 30ml,1,590.00,59.00,531.00,28.41,17.05,11.36,0.00,474.18
2626070401108,04/07/2569,BZ-SKN-001,เซรั่มวิตามินซี 30ml,1,590.00,59.00,531.00,28.41,17.05,11.36,15.00,459.18
2626070401109,04/07/2569,BZ-SKN-001,เซรั่มวิตามินซี 30ml,2,1180.00,118.00,1062.00,56.82,34.09,22.73,0.00,948.37
2626070401110,04/07/2569,BZ-SKN-001,เซรั่มวิตามินซี 30ml,2,1180.00,0.00,1180.00,63.13,37.88,25.25,0.00,1053.74
2626070401111,04/07/2569,BZ-SKN-001,เซรั่มวิตามินซี 30ml,1,590.00,0.00,590.00,31.56,18.94,12.63,15.00,511.87
2626070401112,04/07/2569,BZ-SKN-001,เซรั่มวิตามินซี 30ml,2,1180.00,118.00,1062.00,56.82,34.09,22.73,0.00,948.37
2626070401113,04/07/2569,BZ-SKN-001,เซรั่มวิตามินซี 30ml,1,590.00,0.00,590.00,31.56,18.94,12.63,0.00,526.87
2626070401114,04/07/2569,BZ-SKN-001,เซรั่มวิตามินซี 30ml,1,590.00,59.00,531.00,28.41,17.05,11.36,0.00,474.18
2626070401115,04/07/2569,BZ-SKN-001,เซรั่มวิตามินซี 30ml,2,1180.00,0.00,1180.00,63.13,37.88,25.25,15.00,1038.74
2626070401116,04/07/2569,BZ-SKN-001,เซรั่มวิตามินซี 30ml,1,590.00,59.00,531.00,28.41,17.05,11.36,0.00,474.18
2626070401117,04/07/2569,BZ-SKN-001,เซรั่มวิตามินซี 30ml,2,1180.00,0.00,1180.00,63.13,37.88,25.25,15.00,1038.74
2626070401118,04/07/2569,BZ-SKN-001,เซรั่มวิตามินซี 30ml,1,590.00,59.00,531.00,28.41,17.05,11.36,0.00,474.18
2626070401119,04/07/2569,BZ-SKN-001,เซรั่มวิตามินซี 30ml,1,590.00,0.00,590.00,31.56,18.94,12.63,15.00,511.87
2626070401120,04/07/2569,BZ-SKN-001,เซรั่มวิตามินซี 30ml,1,590.00,0.00,590.00,31.56,18.94,12.63,0.00,526.87
2626070401121,04/07/2569,BZ-SKN-001,เซรั่มวิตามินซี 30ml,1,590.00,0.00,590.00,31.56,18.94,12.63,15.00,511.87
2626070401122,04/07/2569,BZ-SKN-002,ครีมกันแดด SPF50 50g,1,450.00,0.00,450.00,24.07,14.44,9.63,15.00,386.85
2626070401123,04/07/2569,BZ-SKN-001,เซรั่มวิตามินซี 30ml,1,590.00,59.00,531.00,28.41,17.05,11.36,0.00,474.18
2626070401124,04/07/2569,BZ-SKN-002,ครีมกันแดด SPF50 50g,1,450.00,45.00,405.00,21.67,13.00,8.67,0.00,361.67
2626070401125,04/07/2569,BZ-SKN-001,เซรั่มวิตามินซี 30ml,1,590.00,0.00,590.00,31.56,18.94,12.63,15.00,511.87
2626070401126,04/07/2569,BZ-SUP-001,คอลลาเจนเปปไทด์ 200g,1,890.00,0.00,890.00,47.62,28.57,19.05,15.00,779.77
2626070401127,04/07/2569,BZ-SUP-001,คอลลาเจนเปปไทด์ 200g,2,1780.00,0.00,1780.00,95.23,57.14,38.09,0.00,1589.54
2626070401128,04/07/2569,BZ-SUP-001,คอลลาเจนเปปไทด์ 200g,2,1780.00,178.00,1602.00,85.71,51.42,34.28,0.00,1430.59
2626070401129,04/07/2569,BZ-SUP-001,คอลลาเจนเปปไทด์ 200g,2,1780.00,178.00,1602.00,85.71,51.42,34.28,15.00,1415.59
2626070401130,04/07/2569,BZ-SUP-001,คอลลาเจนเปปไทด์ 200g,1,890.00,0.00,890.00,47.62,28.57,19.05,0.00,794.77
2626070401131,04/07/2569,BZ-SUP-001,คอลลาเจนเปปไทด์ 200g,2,1780.00,0.00,1780.00,95.23,57.14,38.09,0.00,1589.54
2626070401132,04/07/2569,BZ-SUP-001,คอลลาเจนเปปไทด์ 200g,1,890.00,0.00,890.00,47.62,28.57,19.05,15.00,779.77
2626070401133,04/07/2569,BZ-SUP-001,คอลลาเจนเปปไทด์ 200g,1,890.00,0.00,890.00,47.62,28.57,19.05,0.00,794.77
2626070401134,04/07/2569,BZ-SUP-001,คอลลาเจนเปปไทด์ 200g,2,1780.00,0.00,1780.00,95.23,57.14,38.09,0.00,1589.54
2626070401135,04/07/2569,BZ-SUP-001,คอลลาเจนเปปไทด์ 200g,1,890.00,0.00,890.00,47.62,28.57,19.05,15.00,779.77
2626070401136,04/07/2569,BZ-SUP-001,คอลลาเจนเปปไทด์ 200g,1,890.00,89.00,801.00,42.85,25.71,17.14,0.00,715.29
2626070401137,04/07/2569,BZ-SUP-001,คอลลาเจนเปปไทด์ 200g,1,890.00,89.00,801.00,42.85,25.71,17.14,0.00,715.29
2626070401138,04/07/2569,BZ-SUP-001,คอลลาเจนเปปไทด์ 200g,1,890.00,0.00,890.00,47.62,28.57,19.05,0.00,794.77
2626070401139,04/07/2569,BZ-SUP-001,คอลลาเจนเปปไทด์ 200g,1,890.00,89.00,801.00,42.85,25.71,17.14,15.00,700.29
2626070401140,04/07/2569,BZ-SUP-001,คอลลาเจนเปปไทด์ 200g,2,1780.00,0.00,1780.00,95.23,57.14,38.09,15.00,1574.54
2626070401141,04/07/2569,BZ-SUP-001,คอลลาเจนเปปไทด์ 200g,1,890.00,89.00,801.00,42.85,25.71,17.14,0.00,715.29
2626070401142,04/07/2569,BZ-SUP-001,คอลลาเจนเปปไทด์ 200g,2,1780.00,178.00,1602.00,85.71,51.42,34.28,0.00,1430.59
2626070401143,04/07/2569,BZ-SUP-001,คอลลาเจนเปปไทด์ 200g,1,890.00,0.00,890.00,47.62,28.57,19.05,15.00,779.77
2626070401144,04/07/2569,BZ-SUP-001,คอลลาเจนเปปไทด์ 200g,1,890.00,89.00,801.00,42.85,25.71,17.14,0.00,715.29
2626070401145,04/07/2569,BZ-SUP-001,คอลลาเจนเปปไทด์ 200g,1,890.00,0.00,890.00,47.62,28.57,19.05,0.00,794.77
2626070401146,04/07/2569,BZ-SUP-001,คอลลาเจนเปปไทด์ 200g,1,890.00,0.00,890.00,47.62,28.57,19.05,0.00,794.77
2626070401147,04/07/2569,BZ-BND-001,เซตของขวัญรวม 3 ชิ้น,1,1190.00,119.00,1071.00,57.30,34.38,22.92,0.00,956.40
2626070401148,04/07/2569,BZ-ACC-002,ขวดน้ำเก็บความเย็น 500ml,2,760.00,76.00,684.00,36.59,21.96,14.64,0.00,610.81
2626070401149,04/07/2569,BZ-SKN-001,เซรั่มวิตามินซี 30ml,1,590.00,0.00,590.00,31.56,18.94,12.63,15.00,511.87
2626070401150,04/07/2569,BZ-ELC-001,หูฟังบลูทูธไร้สาย,1,690.00,0.00,690.00,36.91,22.15,14.77,15.00,601.17
2626070401151,04/07/2569,BZ-ACC-001,กระเป๋าผ้าแคนวาส,1,320.00,0.00,320.00,17.12,10.27,6.85,15.00,270.76
2626070401152,04/07/2569,BZ-ACC-001,กระเป๋าผ้าแคนวาส,1,320.00,0.00,320.00,17.12,10.27,6.85,15.00,270.76
2626070401153,04/07/2569,BZ-ACC-001,กระเป๋าผ้าแคนวาส,1,320.00,32.00,288.00,15.41,9.24,6.16,0.00,257.18
2626070401154,04/07/2569,BZ-ACC-001,กระเป๋าผ้าแคนวาส,2,640.00,64.00,576.00,30.82,18.49,12.33,0.00,514.37
2626070401155,04/07/2569,BZ-ACC-001,กระเป๋าผ้าแคนวาส,1,320.00,0.00,320.00,17.12,10.27,6.85,0.00,285.76
2626070401156,04/07/2569,BZ-ACC-001,กระเป๋าผ้าแคนวาส,1,320.00,0.00,320.00,17.12,10.27,6.85,0.00,285.76
2626070401157,04/07/2569,BZ-ACC-001,กระเป๋าผ้าแคนวาส,1,320.00,32.00,288.00,15.41,9.24,6.16,0.00,257.18
2626070401158,04/07/2569,BZ-ACC-001,กระเป๋าผ้าแคนวาส,1,320.00,0.00,320.00,17.12,10.27,6.85,0.00,285.76
2626070401159,04/07/2569,BZ-ACC-001,กระเป๋าผ้าแคนวาส,2,640.00,64.00,576.00,30.82,18.49,12.33,15.00,499.37
2626070401160,04/07/2569,BZ-ACC-001,กระเป๋าผ้าแคนวาส,1,320.00,0.00,320.00,17.12,10.27,6.85,0.00,285.76
2626070401161,04/07/2569,BZ-ACC-001,กระเป๋าผ้าแคนวาส,1,320.00,0.00,320.00,17.12,10.27,6.85,15.00,270.76
2626070401162,04/07/2569,BZ-ACC-001,กระเป๋าผ้าแคนวาส,1,320.00,0.00,320.00,17.12,10.27,6.85,0.00,285.76
2626070401163,04/07/2569,BZ-ACC-001,กระเป๋าผ้าแคนวาส,1,320.00,0.00,320.00,17.12,10.27,6.85,15.00,270.76
2626070401164,04/07/2569,BZ-ACC-001,กระเป๋าผ้าแคนวาส,1,320.00,0.00,320.00,17.12,10.27,6.85,0.00,285.76
2626070401165,04/07/2569,BZ-ACC-001,กระเป๋าผ้าแคนวาส,1,320.00,0.00,320.00,17.12,10.27,6.85,0.00,285.76
2626070401166,04/07/2569,BZ-SKN-001,เซรั่มวิตามินซี 30ml,1,590.00,0.00,590.00,31.56,18.94,12.63,0.00,526.87
2626070401167,04/07/2569,BZ-SUP-001,คอลลาเจนเปปไทด์ 200g,2,1780.00,0.00,1780.00,95.23,57.14,38.09,15.00,1574.54
2626070401168,04/07/2569,BZ-ACC-001,กระเป๋าผ้าแคนวาส,1,320.00,0.00,320.00,17.12,10.27,6.85,15.00,270.76
2626070401169,04/07/2569,BZ-SUP-001,คอลลาเจนเปปไทด์ 200g,1,890.00,89.00,801.00,42.85,25.71,17.14,0.00,715.29
2626070401170,04/07/2569,BZ-ELC-001,หูฟังบลูทูธไร้สาย,2,1380.00,0.00,1380.00,73.83,44.30,29.53,0.00,1232.34
2626070401171,04/07/2569,BZ-ELC-001,หูฟังบลูทูธไร้สาย,1,690.00,0.00,690.00,36.91,22.15,14.77,15.00,601.17
2626070401172,04/07/2569,BZ-ELC-001,หูฟังบลูทูธไร้สาย,1,690.00,0.00,690.00,36.91,22.15,14.77,0.00,616.17
2626070401173,04/07/2569,BZ-ELC-001,หูฟังบลูทูธไร้สาย,1,690.00,0.00,690.00,36.91,22.15,14.77,0.00,616.17
2626070401174,04/07/2569,BZ-ELC-001,หูฟังบลูทูธไร้สาย,1,690.00,0.00,690.00,36.91,22.15,14.77,0.00,616.17
2626070401175,04/07/2569,BZ-ELC-001,หูฟังบลูทูธไร้สาย,1,690.00,69.00,621.00,33.22,19.93,13.29,15.00,539.55
2626070401176,04/07/2569,BZ-ELC-001,หูฟังบลูทูธไร้สาย,1,690.00,69.00,621.00,33.22,19.93,13.29,15.00,539.55
2626070401177,04/07/2569,BZ-ELC-001,หูฟังบลูทูธไร้สาย,1,690.00,69.00,621.00,33.22,19.93,13.29,15.00,539.55
2626070401178,04/07/2569,BZ-ELC-001,หูฟังบลูทูธไร้สาย,1,690.00,69.00,621.00,33.22,19.93,13.29,15.00,539.55
2626070401179,04/07/2569,BZ-ELC-001,หูฟังบลูทูธไร้สาย,2,1380.00,138.00,1242.00,66.45,39.87,26.58,0.00,1109.11
2626070401180,04/07/2569,BZ-ELC-001,หูฟังบลูทูธไร้สาย,2,1380.00,0.00,1380.00,73.83,44.30,29.53,0.00,1232.34
2626070401181,04/07/2569,BZ-ELC-001,หูฟังบลูทูธไร้สาย,1,690.00,69.00,621.00,33.22,19.93,13.29,0.00,554.55
2626070401182,04/07/2569,BZ-ELC-001,หูฟังบลูทูธไร้สาย,1,690.00,0.00,690.00,36.91,22.15,14.77,0.00,616.17
2626070401183,04/07/2569,BZ-ELC-001,หูฟังบลูทูธไร้สาย,1,690.00,69.00,621.00,33.22,19.93,13.29,15.00,539.55
2626070401184,04/07/2569,BZ-ELC-001,หูฟังบลูทูธไร้สาย,2,1380.00,0.00,1380.00,73.83,44.30,29.53,0.00,1232.34
2626070401185,04/07/2569,BZ-ACC-002,ขวดน้ำเก็บความเย็น 500ml,1,380.00,0.00,380.00,20.33,12.20,8.13,15.00,324.34
2626070401186,04/07/2569,BZ-BND-001,เซตของขวัญรวม 3 ชิ้น,1,1190.00,119.00,1071.00,57.30,34.38,22.92,0.00,956.40
2626070401187,04/07/2569,BZ-BND-001,เซตของขวัญรวม 3 ชิ้น,1,1190.00,0.00,1190.00,63.66,38.20,25.47,0.00,1062.67
2626070401188,04/07/2569,BZ-BND-001,เซตของขวัญรวม 3 ชิ้น,1,1190.00,0.00,1190.00,63.66,38.20,25.47,15.00,1047.67
2626070401189,04/07/2569,BZ-BND-001,เซตของขวัญรวม 3 ชิ้น,1,1190.00,0.00,1190.00,63.66,38.20,25.47,15.00,1047.67
2626070401190,04/07/2569,BZ-BND-001,เซตของขวัญรวม 3 ชิ้น,1,1190.00,0.00,1190.00,63.66,38.20,25.47,0.00,1062.67
2626070401191,04/07/2569,BZ-BND-001,เซตของขวัญรวม 3 ชิ้น,1,1190.00,119.00,1071.00,57.30,34.38,22.92,0.00,956.40
2626070401192,04/07/2569,BZ-BND-001,เซตของขวัญรวม 3 ชิ้น,1,1190.00,0.00,1190.00,63.66,38.20,25.47,15.00,1047.67
2626070401193,04/07/2569,BZ-BND-001,เซตของขวัญรวม 3 ชิ้น,2,2380.00,0.00,2380.00,127.33,76.40,50.93,0.00,2125.34
2626070401194,04/07/2569,BZ-BND-001,เซตของขวัญรวม 3 ชิ้น,1,1190.00,0.00,1190.00,63.66,38.20,25.47,15.00,1047.67
2626070401195,04/07/2569,BZ-BND-001,เซตของขวัญรวม 3 ชิ้น,1,1190.00,0.00,1190.00,63.66,38.20,25.47,15.00,1047.67
2626070401196,04/07/2569,BZ-BND-001,เซตของขวัญรวม 3 ชิ้น,1,1190.00,0.00,1190.00,63.66,38.20,25.47,0.00,1062.67
2626070401197,04/07/2569,BZ-BND-001,เซตของขวัญรวม 3 ชิ้น,2,2380.00,238.00,2142.00,114.60,68.76,45.84,0.00,1912.81
2626070401198,04/07/2569,BZ-BND-001,เซตของขวัญรวม 3 ชิ้น,1,1190.00,119.00,1071.00,57.30,34.38,22.92,15.00,941.40
2626070401199,04/07/2569,BZ-BND-001,เซตของขวัญรวม 3 ชิ้น,1,1190.00,119.00,1071.00,57.30,34.38,22.92,15.00,941.40
2626070401200,04/07/2569,BZ-BND-001,เซตของขวัญรวม 3 ชิ้น,2,2380.00,238.00,2142.00,114.60,68.76,45.84,0.00,1912.81
2626070401201,04/07/2569,BZ-BND-001,เซตของขวัญรวม 3 ชิ้น,1,1190.00,0.00,1190.00,63.66,38.20,25.47,15.00,1047.67
2626070401202,04/07/2569,BZ-BND-001,เซตของขวัญรวม 3 ชิ้น,2,2380.00,0.00,2380.00,127.33,76.40,50.93,15.00,2110.34
2626070401203,04/07/2569,BZ-SKN-002,ครีมกันแดด SPF50 50g,1,450.00,45.00,405.00,21.67,13.00,8.67,0.00,361.67
2626070401204,04/07/2569,BZ-SUP-001,คอลลาเจนเปปไทด์ 200g,1,890.00,89.00,801.00,42.85,25.71,17.14,15.00,700.29
2626070501205,05/07/2569,BZ-SKN-001,เซรั่มวิตามินซี 30ml,2,1180.00,0.00,1180.00,63.13,37.88,25.25,15.00,1038.74
2626070501206,05/07/2569,BZ-SKN-001,เซรั่มวิตามินซี 30ml,2,1180.00,0.00,1180.00,63.13,37.88,25.25,0.00,1053.74
2626070501207,05/07/2569,BZ-SKN-001,เซรั่มวิตามินซี 30ml,1,590.00,0.00,590.00,31.56,18.94,12.63,0.00,526.87
2626070501208,05/07/2569,BZ-SKN-001,เซรั่มวิตามินซี 30ml,2,1180.00,0.00,1180.00,63.13,37.88,25.25,0.00,1053.74
2626070501209,05/07/2569,BZ-SKN-001,เซรั่มวิตามินซี 30ml,1,590.00,0.00,590.00,31.56,18.94,12.63,15.00,511.87
2626070501210,05/07/2569,BZ-SKN-001,เซรั่มวิตามินซี 30ml,1,590.00,0.00,590.00,31.56,18.94,12.63,0.00,526.87
2626070501211,05/07/2569,BZ-SKN-001,เซรั่มวิตามินซี 30ml,1,590.00,0.00,590.00,31.56,18.94,12.63,0.00,526.87
2626070501212,05/07/2569,BZ-SKN-001,เซรั่มวิตามินซี 30ml,1,590.00,59.00,531.00,28.41,17.05,11.36,15.00,459.18
2626070501213,05/07/2569,BZ-SKN-001,เซรั่มวิตามินซี 30ml,1,590.00,59.00,531.00,28.41,17.05,11.36,0.00,474.18
2626070501214,05/07/2569,BZ-SKN-001,เซรั่มวิตามินซี 30ml,1,590.00,59.00,531.00,28.41,17.05,11.36,15.00,459.18
2626070501215,05/07/2569,BZ-SKN-001,เซรั่มวิตามินซี 30ml,1,590.00,0.00,590.00,31.56,18.94,12.63,0.00,526.87
2626070501216,05/07/2569,BZ-SKN-001,เซรั่มวิตามินซี 30ml,2,1180.00,118.00,1062.00,56.82,34.09,22.73,15.00,933.37
2626070501217,05/07/2569,BZ-SKN-001,เซรั่มวิตามินซี 30ml,1,590.00,0.00,590.00,31.56,18.94,12.63,15.00,511.87
2626070501218,05/07/2569,BZ-SKN-001,เซรั่มวิตามินซี 30ml,2,1180.00,0.00,1180.00,63.13,37.88,25.25,15.00,1038.74
2626070501219,05/07/2569,BZ-SKN-001,เซรั่มวิตามินซี 30ml,2,1180.00,118.00,1062.00,56.82,34.09,22.73,0.00,948.37
2626070501220,05/07/2569,BZ-SKN-001,เซรั่มวิตามินซี 30ml,1,590.00,0.00,590.00,31.56,18.94,12.63,15.00,511.87
2626070501221,05/07/2569,BZ-SKN-001,เซรั่มวิตามินซี 30ml,2,1180.00,118.00,1062.00,56.82,34.09,22.73,0.00,948.37
2626070501222,05/07/2569,BZ-SKN-001,เซรั่มวิตามินซี 30ml,1,590.00,0.00,590.00,31.56,18.94,12.63,15.00,511.87
2626070501223,05/07/2569,BZ-SKN-001,เซรั่มวิตามินซี 30ml,1,590.00,59.00,531.00,28.41,17.05,11.36,0.00,474.18
2626070501224,05/07/2569,BZ-SKN-001,เซรั่มวิตามินซี 30ml,1,590.00,0.00,590.00,31.56,18.94,12.63,0.00,526.87
2626070501225,05/07/2569,BZ-SKN-001,เซรั่มวิตามินซี 30ml,1,590.00,0.00,590.00,31.56,18.94,12.63,0.00,526.87
2626070501226,05/07/2569,BZ-SKN-001,เซรั่มวิตามินซี 30ml,1,590.00,0.00,590.00,31.56,18.94,12.63,0.00,526.87
2626070501227,05/07/2569,BZ-SKN-001,เซรั่มวิตามินซี 30ml,1,590.00,0.00,590.00,31.56,18.94,12.63,15.00,511.87
2626070501228,05/07/2569,BZ-SKN-001,เซรั่มวิตามินซี 30ml,1,590.00,0.00,590.00,31.56,18.94,12.63,0.00,526.87
2626070501229,05/07/2569,BZ-SKN-001,เซรั่มวิตามินซี 30ml,1,590.00,59.00,531.00,28.41,17.05,11.36,15.00,459.18
2626070501230,05/07/2569,BZ-SKN-001,เซรั่มวิตามินซี 30ml,1,590.00,0.00,590.00,31.56,18.94,12.63,0.00,526.87
2626070501231,05/07/2569,BZ-ELC-001,หูฟังบลูทูธไร้สาย,2,1380.00,0.00,1380.00,73.83,44.30,29.53,0.00,1232.34
2626070501232,05/07/2569,BZ-ACC-002,ขวดน้ำเก็บความเย็น 500ml,1,380.00,38.00,342.00,18.30,10.98,7.32,15.00,290.41
2626070501233,05/07/2569,BZ-BND-001,เซตของขวัญรวม 3 ชิ้น,1,1190.00,0.00,1190.00,63.66,38.20,25.47,15.00,1047.67
2626070501234,05/07/2569,BZ-ACC-002,ขวดน้ำเก็บความเย็น 500ml,1,380.00,0.00,380.00,20.33,12.20,8.13,15.00,324.34
2626070501235,05/07/2569,BZ-SKN-002,ครีมกันแดด SPF50 50g,1,450.00,0.00,450.00,24.07,14.44,9.63,0.00,401.85
2626070501236,05/07/2569,BZ-SKN-001,เซรั่มวิตามินซี 30ml,1,590.00,0.00,590.00,31.56,18.94,12.63,15.00,511.87
2626070501237,05/07/2569,BZ-ELC-001,หูฟังบลูทูธไร้สาย,1,690.00,0.00,690.00,36.91,22.15,14.77,15.00,601.17
2626070501238,05/07/2569,BZ-SUP-001,คอลลาเจนเปปไทด์ 200g,1,890.00,0.00,890.00,47.62,28.57,19.05,15.00,779.77
2626070501239,05/07/2569,BZ-SUP-001,คอลลาเจนเปปไทด์ 200g,1,890.00,0.00,890.00,47.62,28.57,19.05,0.00,794.77
2626070501240,05/07/2569,BZ-SUP-001,คอลลาเจนเปปไทด์ 200g,1,890.00,0.00,890.00,47.62,28.57,19.05,0.00,794.77
2626070501241,05/07/2569,BZ-SUP-001,คอลลาเจนเปปไทด์ 200g,1,890.00,89.00,801.00,42.85,25.71,17.14,0.00,715.29
2626070501242,05/07/2569,BZ-SUP-001,คอลลาเจนเปปไทด์ 200g,1,890.00,0.00,890.00,47.62,28.57,19.05,0.00,794.77
2626070501243,05/07/2569,BZ-SUP-001,คอลลาเจนเปปไทด์ 200g,2,1780.00,178.00,1602.00,85.71,51.42,34.28,0.00,1430.59
2626070501244,05/07/2569,BZ-SUP-001,คอลลาเจนเปปไทด์ 200g,1,890.00,89.00,801.00,42.85,25.71,17.14,15.00,700.29
2626070501245,05/07/2569,BZ-SUP-001,คอลลาเจนเปปไทด์ 200g,1,890.00,89.00,801.00,42.85,25.71,17.14,0.00,715.29
2626070501246,05/07/2569,BZ-SUP-001,คอลลาเจนเปปไทด์ 200g,2,1780.00,178.00,1602.00,85.71,51.42,34.28,0.00,1430.59
2626070501247,05/07/2569,BZ-SUP-001,คอลลาเจนเปปไทด์ 200g,1,890.00,0.00,890.00,47.62,28.57,19.05,15.00,779.77
2626070501248,05/07/2569,BZ-SUP-001,คอลลาเจนเปปไทด์ 200g,1,890.00,0.00,890.00,47.62,28.57,19.05,15.00,779.77
2626070501249,05/07/2569,BZ-SUP-001,คอลลาเจนเปปไทด์ 200g,2,1780.00,0.00,1780.00,95.23,57.14,38.09,15.00,1574.54
2626070501250,05/07/2569,BZ-SUP-001,คอลลาเจนเปปไทด์ 200g,1,890.00,0.00,890.00,47.62,28.57,19.05,0.00,794.77
2626070501251,05/07/2569,BZ-SUP-001,คอลลาเจนเปปไทด์ 200g,2,1780.00,0.00,1780.00,95.23,57.14,38.09,0.00,1589.54
2626070501252,05/07/2569,BZ-SUP-001,คอลลาเจนเปปไทด์ 200g,2,1780.00,178.00,1602.00,85.71,51.42,34.28,0.00,1430.59
2626070501253,05/07/2569,BZ-SUP-001,คอลลาเจนเปปไทด์ 200g,1,890.00,0.00,890.00,47.62,28.57,19.05,15.00,779.77
2626070501254,05/07/2569,BZ-SUP-001,คอลลาเจนเปปไทด์ 200g,2,1780.00,178.00,1602.00,85.71,51.42,34.28,15.00,1415.59
2626070501255,05/07/2569,BZ-SUP-001,คอลลาเจนเปปไทด์ 200g,2,1780.00,0.00,1780.00,95.23,57.14,38.09,15.00,1574.54
2626070501256,05/07/2569,BZ-SUP-001,คอลลาเจนเปปไทด์ 200g,1,890.00,0.00,890.00,47.62,28.57,19.05,0.00,794.77
2626070501257,05/07/2569,BZ-SUP-001,คอลลาเจนเปปไทด์ 200g,1,890.00,0.00,890.00,47.62,28.57,19.05,0.00,794.77
2626070501258,05/07/2569,BZ-ACC-002,ขวดน้ำเก็บความเย็น 500ml,2,760.00,76.00,684.00,36.59,21.96,14.64,0.00,610.81
2626070501259,05/07/2569,BZ-SKN-001,เซรั่มวิตามินซี 30ml,1,590.00,0.00,590.00,31.56,18.94,12.63,15.00,511.87
2626070501260,05/07/2569,BZ-ACC-001,กระเป๋าผ้าแคนวาส,2,640.00,0.00,640.00,34.24,20.54,13.70,0.00,571.52
2626070501261,05/07/2569,BZ-ACC-001,กระเป๋าผ้าแคนวาส,1,320.00,0.00,320.00,17.12,10.27,6.85,0.00,285.76
2626070501262,05/07/2569,BZ-ACC-001,กระเป๋าผ้าแคนวาส,1,320.00,32.00,288.00,15.41,9.24,6.16,0.00,257.18
2626070501263,05/07/2569,BZ-ACC-001,กระเป๋าผ้าแคนวาส,2,640.00,0.00,640.00,34.24,20.54,13.70,0.00,571.52
2626070501264,05/07/2569,BZ-ACC-001,กระเป๋าผ้าแคนวาส,1,320.00,32.00,288.00,15.41,9.24,6.16,0.00,257.18
2626070501265,05/07/2569,BZ-ACC-001,กระเป๋าผ้าแคนวาส,1,320.00,0.00,320.00,17.12,10.27,6.85,0.00,285.76
2626070501266,05/07/2569,BZ-ACC-001,กระเป๋าผ้าแคนวาส,1,320.00,0.00,320.00,17.12,10.27,6.85,0.00,285.76
2626070501267,05/07/2569,BZ-ACC-001,กระเป๋าผ้าแคนวาส,1,320.00,32.00,288.00,15.41,9.24,6.16,15.00,242.18
2626070501268,05/07/2569,BZ-ACC-001,กระเป๋าผ้าแคนวาส,1,320.00,32.00,288.00,15.41,9.24,6.16,15.00,242.18
2626070501269,05/07/2569,BZ-ACC-001,กระเป๋าผ้าแคนวาส,2,640.00,0.00,640.00,34.24,20.54,13.70,0.00,571.52
2626070501270,05/07/2569,BZ-ACC-001,กระเป๋าผ้าแคนวาส,2,640.00,0.00,640.00,34.24,20.54,13.70,15.00,556.52
2626070501271,05/07/2569,BZ-ACC-001,กระเป๋าผ้าแคนวาส,1,320.00,0.00,320.00,17.12,10.27,6.85,15.00,270.76
2626070501272,05/07/2569,BZ-ACC-001,กระเป๋าผ้าแคนวาส,1,320.00,32.00,288.00,15.41,9.24,6.16,15.00,242.18
2626070501273,05/07/2569,BZ-ACC-001,กระเป๋าผ้าแคนวาส,2,640.00,64.00,576.00,30.82,18.49,12.33,15.00,499.37
2626070501274,05/07/2569,BZ-BND-001,เซตของขวัญรวม 3 ชิ้น,1,1190.00,119.00,1071.00,57.30,34.38,22.92,0.00,956.40
2626070501275,05/07/2569,BZ-SUP-001,คอลลาเจนเปปไทด์ 200g,1,890.00,0.00,890.00,47.62,28.57,19.05,0.00,794.77
2626070501276,05/07/2569,BZ-SUP-001,คอลลาเจนเปปไทด์ 200g,1,890.00,0.00,890.00,47.62,28.57,19.05,0.00,794.77
2626070501277,05/07/2569,BZ-SKN-002,ครีมกันแดด SPF50 50g,1,450.00,0.00,450.00,24.07,14.44,9.63,0.00,401.85
2626070501278,05/07/2569,BZ-ACC-002,ขวดน้ำเก็บความเย็น 500ml,1,380.00,0.00,380.00,20.33,12.20,8.13,0.00,339.34
2626070501279,05/07/2569,BZ-ELC-001,หูฟังบลูทูธไร้สาย,1,690.00,69.00,621.00,33.22,19.93,13.29,0.00,554.55
2626070501280,05/07/2569,BZ-ELC-001,หูฟังบลูทูธไร้สาย,2,1380.00,0.00,1380.00,73.83,44.30,29.53,15.00,1217.34
2626070501281,05/07/2569,BZ-ELC-001,หูฟังบลูทูธไร้สาย,1,690.00,0.00,690.00,36.91,22.15,14.77,0.00,616.17
2626070501282,05/07/2569,BZ-ELC-001,หูฟังบลูทูธไร้สาย,1,690.00,0.00,690.00,36.91,22.15,14.77,0.00,616.17
2626070501283,05/07/2569,BZ-ELC-001,หูฟังบลูทูธไร้สาย,1,690.00,0.00,690.00,36.91,22.15,14.77,0.00,616.17
2626070501284,05/07/2569,BZ-ELC-001,หูฟังบลูทูธไร้สาย,1,690.00,0.00,690.00,36.91,22.15,14.77,0.00,616.17
2626070501285,05/07/2569,BZ-ELC-001,หูฟังบลูทูธไร้สาย,1,690.00,69.00,621.00,33.22,19.93,13.29,0.00,554.55
2626070501286,05/07/2569,BZ-ELC-001,หูฟังบลูทูธไร้สาย,1,690.00,0.00,690.00,36.91,22.15,14.77,15.00,601.17
2626070501287,05/07/2569,BZ-ELC-001,หูฟังบลูทูธไร้สาย,1,690.00,0.00,690.00,36.91,22.15,14.77,0.00,616.17
2626070501288,05/07/2569,BZ-ELC-001,หูฟังบลูทูธไร้สาย,1,690.00,0.00,690.00,36.91,22.15,14.77,0.00,616.17
2626070501289,05/07/2569,BZ-ELC-001,หูฟังบลูทูธไร้สาย,1,690.00,69.00,621.00,33.22,19.93,13.29,15.00,539.55
2626070501290,05/07/2569,BZ-ELC-001,หูฟังบลูทูธไร้สาย,1,690.00,0.00,690.00,36.91,22.15,14.77,0.00,616.17
2626070501291,05/07/2569,BZ-ELC-001,หูฟังบลูทูธไร้สาย,1,690.00,69.00,621.00,33.22,19.93,13.29,15.00,539.55
2626070501292,05/07/2569,BZ-ELC-001,หูฟังบลูทูธไร้สาย,1,690.00,0.00,690.00,36.91,22.15,14.77,15.00,601.17
2626070501293,05/07/2569,BZ-ELC-001,หูฟังบลูทูธไร้สาย,1,690.00,0.00,690.00,36.91,22.15,14.77,0.00,616.17
2626070501294,05/07/2569,BZ-ELC-001,หูฟังบลูทูธไร้สาย,1,690.00,69.00,621.00,33.22,19.93,13.29,0.00,554.55
2626070501295,05/07/2569,BZ-ELC-001,หูฟังบลูทูธไร้สาย,1,690.00,0.00,690.00,36.91,22.15,14.77,0.00,616.17
2626070501296,05/07/2569,BZ-ELC-001,หูฟังบลูทูธไร้สาย,1,690.00,0.00,690.00,36.91,22.15,14.77,15.00,601.17
2626070501297,05/07/2569,BZ-ELC-001,หูฟังบลูทูธไร้สาย,1,690.00,0.00,690.00,36.91,22.15,14.77,15.00,601.17
2626070501298,05/07/2569,BZ-ELC-001,หูฟังบลูทูธไร้สาย,1,690.00,0.00,690.00,36.91,22.15,14.77,15.00,601.17
2626070501299,05/07/2569,BZ-ACC-001,กระเป๋าผ้าแคนวาส,1,320.00,0.00,320.00,17.12,10.27,6.85,0.00,285.76
2626070501300,05/07/2569,BZ-SKN-001,เซรั่มวิตามินซี 30ml,1,590.00,0.00,590.00,31.56,18.94,12.63,0.00,526.87
2626070501301,05/07/2569,BZ-BND-001,เซตของขวัญรวม 3 ชิ้น,1,1190.00,119.00,1071.00,57.30,34.38,22.92,15.00,941.40
2626070501302,05/07/2569,BZ-BND-001,เซตของขวัญรวม 3 ชิ้น,1,1190.00,0.00,1190.00,63.66,38.20,25.47,0.00,1062.67
2626070501303,05/07/2569,BZ-BND-001,เซตของขวัญรวม 3 ชิ้น,1,1190.00,0.00,1190.00,63.66,38.20,25.47,15.00,1047.67
2626070501304,05/07/2569,BZ-BND-001,เซตของขวัญรวม 3 ชิ้น,1,1190.00,119.00,1071.00,57.30,34.38,22.92,0.00,956.40
2626070501305,05/07/2569,BZ-BND-001,เซตของขวัญรวม 3 ชิ้น,1,1190.00,0.00,1190.00,63.66,38.20,25.47,15.00,1047.67
2626070501306,05/07/2569,BZ-BND-001,เซตของขวัญรวม 3 ชิ้น,1,1190.00,0.00,1190.00,63.66,38.20,25.47,0.00,1062.67
2626070501307,05/07/2569,BZ-BND-001,เซตของขวัญรวม 3 ชิ้น,2,2380.00,0.00,2380.00,127.33,76.40,50.93,0.00,2125.34
2626070501308,05/07/2569,BZ-BND-001,เซตของขวัญรวม 3 ชิ้น,2,2380.00,0.00,2380.00,127.33,76.40,50.93,15.00,2110.34
2626070501309,05/07/2569,BZ-BND-001,เซตของขวัญรวม 3 ชิ้น,2,2380.00,238.00,2142.00,114.60,68.76,45.84,15.00,1897.81
2626070501310,05/07/2569,BZ-BND-001,เซตของขวัญรวม 3 ชิ้น,1,1190.00,0.00,1190.00,63.66,38.20,25.47,0.00,1062.67
2626070501311,05/07/2569,BZ-BND-001,เซตของขวัญรวม 3 ชิ้น,1,1190.00,0.00,1190.00,63.66,38.20,25.47,0.00,1062.67
2626070501312,05/07/2569,BZ-BND-001,เซตของขวัญรวม 3 ชิ้น,1,1190.00,119.00,1071.00,57.30,34.38,22.92,15.00,941.40
2626070501313,05/07/2569,BZ-BND-001,เซตของขวัญรวม 3 ชิ้น,1,1190.00,0.00,1190.00,63.66,38.20,25.47,0.00,1062.67
2626070501314,05/07/2569,BZ-BND-001,เซตของขวัญรวม 3 ชิ้น,2,2380.00,0.00,2380.00,127.33,76.40,50.93,0.00,2125.34
2626070501315,05/07/2569,BZ-BND-001,เซตของขวัญรวม 3 ชิ้น,1,1190.00,0.00,1190.00,63.66,38.20,25.47,15.00,1047.67
2626070501316,05/07/2569,BZ-BND-001,เซตของขวัญรวม 3 ชิ้น,2,2380.00,0.00,2380.00,127.33,76.40,50.93,15.00,2110.34
2626070501317,05/07/2569,BZ-BND-001,เซตของขวัญรวม 3 ชิ้น,1,1190.00,0.00,1190.00,63.66,38.20,25.47,0.00,1062.67
2626070501318,05/07/2569,BZ-BND-001,เซตของขวัญรวม 3 ชิ้น,1,1190.00,0.00,1190.00,63.66,38.20,25.47,0.00,1062.67
2626070501319,05/07/2569,BZ-BND-001,เซตของขวัญรวม 3 ชิ้น,1,1190.00,119.00,1071.00,57.30,34.38,22.92,0.00,956.40
2626070501320,05/07/2569,BZ-BND-001,เซตของขวัญรวม 3 ชิ้น,1,1190.00,0.00,1190.00,63.66,38.20,25.47,15.00,1047.67
2626070501321,05/07/2569,BZ-BND-001,เซตของขวัญรวม 3 ชิ้น,1,1190.00,119.00,1071.00,57.30,34.38,22.92,0.00,956.40
2626070501322,05/07/2569,BZ-BND-001,เซตของขวัญรวม 3 ชิ้น,1,1190.00,0.00,1190.00,63.66,38.20,25.47,0.00,1062.67
2626070501323,05/07/2569,BZ-BND-001,เซตของขวัญรวม 3 ชิ้น,1,1190.00,0.00,1190.00,63.66,38.20,25.47,15.00,1047.67
2626070501324,05/07/2569,BZ-BND-001,เซตของขวัญรวม 3 ชิ้น,1,1190.00,0.00,1190.00,63.66,38.20,25.47,15.00,1047.67
2626070501325,05/07/2569,BZ-ACC-001,กระเป๋าผ้าแคนวาส,1,320.00,32.00,288.00,15.41,9.24,6.16,0.00,257.18
2626070601326,06/07/2569,BZ-SKN-001,เซรั่มวิตามินซี 30ml,1,590.00,0.00,590.00,31.56,18.94,12.63,0.00,526.87
2626070601327,06/07/2569,BZ-SKN-001,เซรั่มวิตามินซี 30ml,1,590.00,0.00,590.00,31.56,18.94,12.63,0.00,526.87
2626070601328,06/07/2569,BZ-SKN-001,เซรั่มวิตามินซี 30ml,2,1180.00,118.00,1062.00,56.82,34.09,22.73,0.00,948.37
2626070601329,06/07/2569,BZ-SKN-001,เซรั่มวิตามินซี 30ml,1,590.00,59.00,531.00,28.41,17.05,11.36,0.00,474.18
2626070601330,06/07/2569,BZ-SKN-001,เซรั่มวิตามินซี 30ml,1,590.00,0.00,590.00,31.56,18.94,12.63,0.00,526.87
2626070601331,06/07/2569,BZ-SKN-001,เซรั่มวิตามินซี 30ml,1,590.00,0.00,590.00,31.56,18.94,12.63,15.00,511.87
2626070601332,06/07/2569,BZ-SKN-001,เซรั่มวิตามินซี 30ml,2,1180.00,118.00,1062.00,56.82,34.09,22.73,0.00,948.37
2626070601333,06/07/2569,BZ-SKN-001,เซรั่มวิตามินซี 30ml,2,1180.00,118.00,1062.00,56.82,34.09,22.73,0.00,948.37
2626070601334,06/07/2569,BZ-SKN-001,เซรั่มวิตามินซี 30ml,1,590.00,0.00,590.00,31.56,18.94,12.63,15.00,511.87
2626070601335,06/07/2569,BZ-SKN-001,เซรั่มวิตามินซี 30ml,1,590.00,0.00,590.00,31.56,18.94,12.63,15.00,511.87
2626070601336,06/07/2569,BZ-SKN-001,เซรั่มวิตามินซี 30ml,1,590.00,0.00,590.00,31.56,18.94,12.63,15.00,511.87
2626070601337,06/07/2569,BZ-SKN-001,เซรั่มวิตามินซี 30ml,1,590.00,0.00,590.00,31.56,18.94,12.63,0.00,526.87
2626070601338,06/07/2569,BZ-SKN-001,เซรั่มวิตามินซี 30ml,1,590.00,59.00,531.00,28.41,17.05,11.36,0.00,474.18
2626070601339,06/07/2569,BZ-SKN-001,เซรั่มวิตามินซี 30ml,2,1180.00,0.00,1180.00,63.13,37.88,25.25,15.00,1038.74
2626070601340,06/07/2569,BZ-SKN-001,เซรั่มวิตามินซี 30ml,1,590.00,0.00,590.00,31.56,18.94,12.63,0.00,526.87
2626070601341,06/07/2569,BZ-SKN-001,เซรั่มวิตามินซี 30ml,1,590.00,0.00,590.00,31.56,18.94,12.63,15.00,511.87
2626070601342,06/07/2569,BZ-SKN-001,เซรั่มวิตามินซี 30ml,1,590.00,59.00,531.00,28.41,17.05,11.36,15.00,459.18
2626070601343,06/07/2569,BZ-SKN-001,เซรั่มวิตามินซี 30ml,1,590.00,0.00,590.00,31.56,18.94,12.63,0.00,526.87
2626070601344,06/07/2569,BZ-SKN-001,เซรั่มวิตามินซี 30ml,1,590.00,0.00,590.00,31.56,18.94,12.63,15.00,511.87
2626070601345,06/07/2569,BZ-ACC-001,กระเป๋าผ้าแคนวาส,1,320.00,0.00,320.00,17.12,10.27,6.85,0.00,285.76
2626070601346,06/07/2569,BZ-ACC-002,ขวดน้ำเก็บความเย็น 500ml,1,380.00,0.00,380.00,20.33,12.20,8.13,15.00,324.34
2626070601347,06/07/2569,BZ-SUP-001,คอลลาเจนเปปไทด์ 200g,1,890.00,89.00,801.00,42.85,25.71,17.14,0.00,715.29
2626070601348,06/07/2569,BZ-SUP-001,คอลลาเจนเปปไทด์ 200g,2,1780.00,178.00,1602.00,85.71,51.42,34.28,0.00,1430.59
2626070601349,06/07/2569,BZ-SUP-001,คอลลาเจนเปปไทด์ 200g,1,890.00,89.00,801.00,42.85,25.71,17.14,15.00,700.29
2626070601350,06/07/2569,BZ-SUP-001,คอลลาเจนเปปไทด์ 200g,2,1780.00,178.00,1602.00,85.71,51.42,34.28,0.00,1430.59
2626070601351,06/07/2569,BZ-SUP-001,คอลลาเจนเปปไทด์ 200g,1,890.00,89.00,801.00,42.85,25.71,17.14,15.00,700.29
2626070601352,06/07/2569,BZ-SUP-001,คอลลาเจนเปปไทด์ 200g,1,890.00,0.00,890.00,47.62,28.57,19.05,0.00,794.77
2626070601353,06/07/2569,BZ-SUP-001,คอลลาเจนเปปไทด์ 200g,2,1780.00,0.00,1780.00,95.23,57.14,38.09,0.00,1589.54
2626070601354,06/07/2569,BZ-SUP-001,คอลลาเจนเปปไทด์ 200g,2,1780.00,0.00,1780.00,95.23,57.14,38.09,0.00,1589.54
2626070601355,06/07/2569,BZ-SUP-001,คอลลาเจนเปปไทด์ 200g,1,890.00,89.00,801.00,42.85,25.71,17.14,15.00,700.29
2626070601356,06/07/2569,BZ-SUP-001,คอลลาเจนเปปไทด์ 200g,2,1780.00,178.00,1602.00,85.71,51.42,34.28,0.00,1430.59
2626070601357,06/07/2569,BZ-SUP-001,คอลลาเจนเปปไทด์ 200g,1,890.00,0.00,890.00,47.62,28.57,19.05,0.00,794.77
2626070601358,06/07/2569,BZ-SUP-001,คอลลาเจนเปปไทด์ 200g,2,1780.00,0.00,1780.00,95.23,57.14,38.09,0.00,1589.54
2626070601359,06/07/2569,BZ-SUP-001,คอลลาเจนเปปไทด์ 200g,1,890.00,89.00,801.00,42.85,25.71,17.14,0.00,715.29
2626070601360,06/07/2569,BZ-SUP-001,คอลลาเจนเปปไทด์ 200g,2,1780.00,0.00,1780.00,95.23,57.14,38.09,0.00,1589.54
2626070601361,06/07/2569,BZ-SUP-001,คอลลาเจนเปปไทด์ 200g,1,890.00,0.00,890.00,47.62,28.57,19.05,0.00,794.77
2626070601362,06/07/2569,BZ-SUP-001,คอลลาเจนเปปไทด์ 200g,2,1780.00,0.00,1780.00,95.23,57.14,38.09,0.00,1589.54
2626070601363,06/07/2569,BZ-SUP-001,คอลลาเจนเปปไทด์ 200g,1,890.00,89.00,801.00,42.85,25.71,17.14,0.00,715.29
2626070601364,06/07/2569,BZ-SUP-001,คอลลาเจนเปปไทด์ 200g,1,890.00,89.00,801.00,42.85,25.71,17.14,0.00,715.29
2626070601365,06/07/2569,BZ-SUP-001,คอลลาเจนเปปไทด์ 200g,1,890.00,89.00,801.00,42.85,25.71,17.14,0.00,715.29
2626070601366,06/07/2569,BZ-ACC-001,กระเป๋าผ้าแคนวาส,1,320.00,32.00,288.00,15.41,9.24,6.16,15.00,242.18
2626070601367,06/07/2569,BZ-SUP-001,คอลลาเจนเปปไทด์ 200g,1,890.00,0.00,890.00,47.62,28.57,19.05,0.00,794.77
2626070601368,06/07/2569,BZ-SKN-001,เซรั่มวิตามินซี 30ml,1,590.00,59.00,531.00,28.41,17.05,11.36,0.00,474.18
2626070601369,06/07/2569,BZ-ACC-001,กระเป๋าผ้าแคนวาส,1,320.00,32.00,288.00,15.41,9.24,6.16,15.00,242.18
2626070601370,06/07/2569,BZ-ACC-001,กระเป๋าผ้าแคนวาส,2,640.00,64.00,576.00,30.82,18.49,12.33,0.00,514.37
2626070601371,06/07/2569,BZ-ACC-001,กระเป๋าผ้าแคนวาส,1,320.00,32.00,288.00,15.41,9.24,6.16,15.00,242.18
2626070601372,06/07/2569,BZ-ACC-001,กระเป๋าผ้าแคนวาส,1,320.00,0.00,320.00,17.12,10.27,6.85,0.00,285.76
2626070601373,06/07/2569,BZ-ACC-001,กระเป๋าผ้าแคนวาส,2,640.00,0.00,640.00,34.24,20.54,13.70,15.00,556.52
2626070601374,06/07/2569,BZ-ACC-001,กระเป๋าผ้าแคนวาส,1,320.00,32.00,288.00,15.41,9.24,6.16,15.00,242.18
2626070601375,06/07/2569,BZ-ACC-001,กระเป๋าผ้าแคนวาส,2,640.00,0.00,640.00,34.24,20.54,13.70,0.00,571.52
2626070601376,06/07/2569,BZ-ACC-001,กระเป๋าผ้าแคนวาส,1,320.00,32.00,288.00,15.41,9.24,6.16,0.00,257.18
2626070601377,06/07/2569,BZ-SKN-001,เซรั่มวิตามินซี 30ml,2,1180.00,0.00,1180.00,63.13,37.88,25.25,0.00,1053.74
2626070601378,06/07/2569,BZ-ACC-002,ขวดน้ำเก็บความเย็น 500ml,2,760.00,0.00,760.00,40.66,24.40,16.26,15.00,663.68
2626070601379,06/07/2569,BZ-ELC-001,หูฟังบลูทูธไร้สาย,1,690.00,0.00,690.00,36.91,22.15,14.77,15.00,601.17
2626070601380,06/07/2569,BZ-ELC-001,หูฟังบลูทูธไร้สาย,1,690.00,0.00,690.00,36.91,22.15,14.77,0.00,616.17
2626070601381,06/07/2569,BZ-ELC-001,หูฟังบลูทูธไร้สาย,1,690.00,69.00,621.00,33.22,19.93,13.29,0.00,554.55
2626070601382,06/07/2569,BZ-ELC-001,หูฟังบลูทูธไร้สาย,1,690.00,0.00,690.00,36.91,22.15,14.77,15.00,601.17
2626070601383,06/07/2569,BZ-ELC-001,หูฟังบลูทูธไร้สาย,1,690.00,0.00,690.00,36.91,22.15,14.77,0.00,616.17
2626070601384,06/07/2569,BZ-ELC-001,หูฟังบลูทูธไร้สาย,1,690.00,69.00,621.00,33.22,19.93,13.29,0.00,554.55
2626070601385,06/07/2569,BZ-ELC-001,หูฟังบลูทูธไร้สาย,1,690.00,0.00,690.00,36.91,22.15,14.77,0.00,616.17
2626070601386,06/07/2569,BZ-ELC-001,หูฟังบลูทูธไร้สาย,1,690.00,0.00,690.00,36.91,22.15,14.77,0.00,616.17
2626070601387,06/07/2569,BZ-ELC-001,หูฟังบลูทูธไร้สาย,2,1380.00,0.00,1380.00,73.83,44.30,29.53,0.00,1232.34
2626070601388,06/07/2569,BZ-ELC-001,หูฟังบลูทูธไร้สาย,1,690.00,69.00,621.00,33.22,19.93,13.29,0.00,554.55
2626070601389,06/07/2569,BZ-ELC-001,หูฟังบลูทูธไร้สาย,1,690.00,69.00,621.00,33.22,19.93,13.29,15.00,539.55
2626070601390,06/07/2569,BZ-ELC-001,หูฟังบลูทูธไร้สาย,1,690.00,0.00,690.00,36.91,22.15,14.77,0.00,616.17
2626070601391,06/07/2569,BZ-ELC-001,หูฟังบลูทูธไร้สาย,2,1380.00,0.00,1380.00,73.83,44.30,29.53,0.00,1232.34
2626070601392,06/07/2569,BZ-ACC-002,ขวดน้ำเก็บความเย็น 500ml,1,380.00,38.00,342.00,18.30,10.98,7.32,15.00,290.41
2626070601393,06/07/2569,BZ-BND-001,เซตของขวัญรวม 3 ชิ้น,2,2380.00,0.00,2380.00,127.33,76.40,50.93,0.00,2125.34
2626070601394,06/07/2569,BZ-BND-001,เซตของขวัญรวม 3 ชิ้น,1,1190.00,0.00,1190.00,63.66,38.20,25.47,15.00,1047.67
2626070601395,06/07/2569,BZ-BND-001,เซตของขวัญรวม 3 ชิ้น,2,2380.00,0.00,2380.00,127.33,76.40,50.93,0.00,2125.34
2626070601396,06/07/2569,BZ-BND-001,เซตของขวัญรวม 3 ชิ้น,1,1190.00,0.00,1190.00,63.66,38.20,25.47,0.00,1062.67
2626070601397,06/07/2569,BZ-BND-001,เซตของขวัญรวม 3 ชิ้น,1,1190.00,0.00,1190.00,63.66,38.20,25.47,0.00,1062.67
2626070601398,06/07/2569,BZ-BND-001,เซตของขวัญรวม 3 ชิ้น,1,1190.00,0.00,1190.00,63.66,38.20,25.47,15.00,1047.67
2626070601399,06/07/2569,BZ-BND-001,เซตของขวัญรวม 3 ชิ้น,1,1190.00,0.00,1190.00,63.66,38.20,25.47,15.00,1047.67
2626070601400,06/07/2569,BZ-BND-001,เซตของขวัญรวม 3 ชิ้น,1,1190.00,119.00,1071.00,57.30,34.38,22.92,0.00,956.40
2626070601401,06/07/2569,BZ-BND-001,เซตของขวัญรวม 3 ชิ้น,2,2380.00,0.00,2380.00,127.33,76.40,50.93,0.00,2125.34
2626070601402,06/07/2569,BZ-ACC-002,ขวดน้ำเก็บความเย็น 500ml,1,380.00,38.00,342.00,18.30,10.98,7.32,15.00,290.41
2626070701403,07/07/2569,BZ-SKN-001,เซรั่มวิตามินซี 30ml,1,590.00,0.00,590.00,31.56,18.94,12.63,0.00,526.87
2626070701404,07/07/2569,BZ-SKN-001,เซรั่มวิตามินซี 30ml,2,1180.00,118.00,1062.00,56.82,34.09,22.73,15.00,933.37
2626070701405,07/07/2569,BZ-SKN-001,เซรั่มวิตามินซี 30ml,1,590.00,0.00,590.00,31.56,18.94,12.63,0.00,526.87
2626070701406,07/07/2569,BZ-SKN-001,เซรั่มวิตามินซี 30ml,1,590.00,59.00,531.00,28.41,17.05,11.36,0.00,474.18
2626070701407,07/07/2569,BZ-SKN-001,เซรั่มวิตามินซี 30ml,1,590.00,0.00,590.00,31.56,18.94,12.63,0.00,526.87
2626070701408,07/07/2569,BZ-SKN-001,เซรั่มวิตามินซี 30ml,2,1180.00,0.00,1180.00,63.13,37.88,25.25,15.00,1038.74
2626070701409,07/07/2569,BZ-SKN-001,เซรั่มวิตามินซี 30ml,2,1180.00,118.00,1062.00,56.82,34.09,22.73,0.00,948.37
2626070701410,07/07/2569,BZ-SKN-001,เซรั่มวิตามินซี 30ml,1,590.00,0.00,590.00,31.56,18.94,12.63,0.00,526.87
2626070701411,07/07/2569,BZ-SKN-001,เซรั่มวิตามินซี 30ml,1,590.00,0.00,590.00,31.56,18.94,12.63,0.00,526.87
2626070701412,07/07/2569,BZ-SKN-001,เซรั่มวิตามินซี 30ml,1,590.00,0.00,590.00,31.56,18.94,12.63,15.00,511.87
2626070701413,07/07/2569,BZ-SKN-001,เซรั่มวิตามินซี 30ml,2,1180.00,0.00,1180.00,63.13,37.88,25.25,0.00,1053.74
2626070701414,07/07/2569,BZ-SKN-001,เซรั่มวิตามินซี 30ml,2,1180.00,0.00,1180.00,63.13,37.88,25.25,0.00,1053.74
2626070701415,07/07/2569,BZ-SKN-001,เซรั่มวิตามินซี 30ml,1,590.00,0.00,590.00,31.56,18.94,12.63,15.00,511.87
2626070701416,07/07/2569,BZ-SKN-001,เซรั่มวิตามินซี 30ml,1,590.00,0.00,590.00,31.56,18.94,12.63,15.00,511.87
2626070701417,07/07/2569,BZ-SKN-001,เซรั่มวิตามินซี 30ml,2,1180.00,0.00,1180.00,63.13,37.88,25.25,0.00,1053.74
2626070701418,07/07/2569,BZ-SKN-001,เซรั่มวิตามินซี 30ml,1,590.00,0.00,590.00,31.56,18.94,12.63,0.00,526.87
2626070701419,07/07/2569,BZ-SKN-001,เซรั่มวิตามินซี 30ml,1,590.00,59.00,531.00,28.41,17.05,11.36,15.00,459.18
2626070701420,07/07/2569,BZ-SKN-001,เซรั่มวิตามินซี 30ml,2,1180.00,0.00,1180.00,63.13,37.88,25.25,0.00,1053.74
2626070701421,07/07/2569,BZ-SKN-001,เซรั่มวิตามินซี 30ml,1,590.00,0.00,590.00,31.56,18.94,12.63,0.00,526.87
2626070701422,07/07/2569,BZ-SKN-001,เซรั่มวิตามินซี 30ml,1,590.00,0.00,590.00,31.56,18.94,12.63,15.00,511.87
2626070701423,07/07/2569,BZ-SKN-001,เซรั่มวิตามินซี 30ml,1,590.00,59.00,531.00,28.41,17.05,11.36,15.00,459.18
2626070701424,07/07/2569,BZ-SKN-001,เซรั่มวิตามินซี 30ml,2,1180.00,118.00,1062.00,56.82,34.09,22.73,0.00,948.37
2626070701425,07/07/2569,BZ-SKN-001,เซรั่มวิตามินซี 30ml,1,590.00,0.00,590.00,31.56,18.94,12.63,0.00,526.87
2626070701426,07/07/2569,BZ-SKN-001,เซรั่มวิตามินซี 30ml,2,1180.00,0.00,1180.00,63.13,37.88,25.25,15.00,1038.74
2626070701427,07/07/2569,BZ-SKN-001,เซรั่มวิตามินซี 30ml,1,590.00,0.00,590.00,31.56,18.94,12.63,0.00,526.87
2626070701428,07/07/2569,BZ-SKN-001,เซรั่มวิตามินซี 30ml,2,1180.00,0.00,1180.00,63.13,37.88,25.25,15.00,1038.74
2626070701429,07/07/2569,BZ-SKN-001,เซรั่มวิตามินซี 30ml,2,1180.00,0.00,1180.00,63.13,37.88,25.25,15.00,1038.74
2626070701430,07/07/2569,BZ-SKN-001,เซรั่มวิตามินซี 30ml,1,590.00,59.00,531.00,28.41,17.05,11.36,15.00,459.18
2626070701431,07/07/2569,BZ-SKN-001,เซรั่มวิตามินซี 30ml,1,590.00,0.00,590.00,31.56,18.94,12.63,0.00,526.87
2626070701432,07/07/2569,BZ-SKN-001,เซรั่มวิตามินซี 30ml,1,590.00,0.00,590.00,31.56,18.94,12.63,15.00,511.87
2626070701433,07/07/2569,BZ-SKN-001,เซรั่มวิตามินซี 30ml,2,1180.00,0.00,1180.00,63.13,37.88,25.25,0.00,1053.74
2626070701434,07/07/2569,BZ-ACC-002,ขวดน้ำเก็บความเย็น 500ml,1,380.00,0.00,380.00,20.33,12.20,8.13,0.00,339.34
2626070701435,07/07/2569,BZ-SKN-002,ครีมกันแดด SPF50 50g,1,450.00,45.00,405.00,21.67,13.00,8.67,0.00,361.67
2626070701436,07/07/2569,BZ-SKN-001,เซรั่มวิตามินซี 30ml,1,590.00,0.00,590.00,31.56,18.94,12.63,15.00,511.87
2626070701437,07/07/2569,BZ-ELC-001,หูฟังบลูทูธไร้สาย,1,690.00,0.00,690.00,36.91,22.15,14.77,15.00,601.17
2626070701438,07/07/2569,BZ-SKN-002,ครีมกันแดด SPF50 50g,1,450.00,0.00,450.00,24.07,14.44,9.63,15.00,386.85
2626070701439,07/07/2569,BZ-BND-001,เซตของขวัญรวม 3 ชิ้น,2,2380.00,0.00,2380.00,127.33,76.40,50.93,15.00,2110.34
2626070701440,07/07/2569,BZ-ELC-001,หูฟังบลูทูธไร้สาย,1,690.00,69.00,621.00,33.22,19.93,13.29,15.00,539.55
2626070701441,07/07/2569,BZ-SUP-001,คอลลาเจนเปปไทด์ 200g,2,1780.00,0.00,1780.00,95.23,57.14,38.09,15.00,1574.54
2626070701442,07/07/2569,BZ-SUP-001,คอลลาเจนเปปไทด์ 200g,1,890.00,0.00,890.00,47.62,28.57,19.05,15.00,779.77
2626070701443,07/07/2569,BZ-SUP-001,คอลลาเจนเปปไทด์ 200g,1,890.00,0.00,890.00,47.62,28.57,19.05,0.00,794.77
2626070701444,07/07/2569,BZ-SUP-001,คอลลาเจนเปปไทด์ 200g,1,890.00,89.00,801.00,42.85,25.71,17.14,0.00,715.29
2626070701445,07/07/2569,BZ-SUP-001,คอลลาเจนเปปไทด์ 200g,1,890.00,0.00,890.00,47.62,28.57,19.05,0.00,794.77
2626070701446,07/07/2569,BZ-SUP-001,คอลลาเจนเปปไทด์ 200g,1,890.00,89.00,801.00,42.85,25.71,17.14,15.00,700.29
2626070701447,07/07/2569,BZ-SUP-001,คอลลาเจนเปปไทด์ 200g,1,890.00,0.00,890.00,47.62,28.57,19.05,15.00,779.77
2626070701448,07/07/2569,BZ-SUP-001,คอลลาเจนเปปไทด์ 200g,2,1780.00,0.00,1780.00,95.23,57.14,38.09,0.00,1589.54
2626070701449,07/07/2569,BZ-SUP-001,คอลลาเจนเปปไทด์ 200g,1,890.00,0.00,890.00,47.62,28.57,19.05,0.00,794.77
2626070701450,07/07/2569,BZ-SUP-001,คอลลาเจนเปปไทด์ 200g,1,890.00,0.00,890.00,47.62,28.57,19.05,0.00,794.77
2626070701451,07/07/2569,BZ-SUP-001,คอลลาเจนเปปไทด์ 200g,1,890.00,89.00,801.00,42.85,25.71,17.14,0.00,715.29
2626070701452,07/07/2569,BZ-SUP-001,คอลลาเจนเปปไทด์ 200g,1,890.00,89.00,801.00,42.85,25.71,17.14,15.00,700.29
2626070701453,07/07/2569,BZ-SUP-001,คอลลาเจนเปปไทด์ 200g,2,1780.00,0.00,1780.00,95.23,57.14,38.09,15.00,1574.54
2626070701454,07/07/2569,BZ-SUP-001,คอลลาเจนเปปไทด์ 200g,2,1780.00,0.00,1780.00,95.23,57.14,38.09,15.00,1574.54
2626070701455,07/07/2569,BZ-SUP-001,คอลลาเจนเปปไทด์ 200g,1,890.00,0.00,890.00,47.62,28.57,19.05,0.00,794.77
2626070701456,07/07/2569,BZ-SKN-001,เซรั่มวิตามินซี 30ml,1,590.00,0.00,590.00,31.56,18.94,12.63,15.00,511.87
2626070701457,07/07/2569,BZ-SKN-002,ครีมกันแดด SPF50 50g,1,450.00,45.00,405.00,21.67,13.00,8.67,0.00,361.67
2626070701458,07/07/2569,BZ-SUP-001,คอลลาเจนเปปไทด์ 200g,1,890.00,89.00,801.00,42.85,25.71,17.14,0.00,715.29
2626070701459,07/07/2569,BZ-ACC-001,กระเป๋าผ้าแคนวาส,2,640.00,0.00,640.00,34.24,20.54,13.70,15.00,556.52
2626070701460,07/07/2569,BZ-ACC-001,กระเป๋าผ้าแคนวาส,1,320.00,0.00,320.00,17.12,10.27,6.85,0.00,285.76
2626070701461,07/07/2569,BZ-ACC-001,กระเป๋าผ้าแคนวาส,1,320.00,0.00,320.00,17.12,10.27,6.85,0.00,285.76
2626070701462,07/07/2569,BZ-ACC-001,กระเป๋าผ้าแคนวาส,1,320.00,0.00,320.00,17.12,10.27,6.85,0.00,285.76
2626070701463,07/07/2569,BZ-ACC-001,กระเป๋าผ้าแคนวาส,2,640.00,0.00,640.00,34.24,20.54,13.70,0.00,571.52
2626070701464,07/07/2569,BZ-ACC-001,กระเป๋าผ้าแคนวาส,1,320.00,0.00,320.00,17.12,10.27,6.85,0.00,285.76
2626070701465,07/07/2569,BZ-ACC-001,กระเป๋าผ้าแคนวาส,1,320.00,0.00,320.00,17.12,10.27,6.85,0.00,285.76
2626070701466,07/07/2569,BZ-ACC-001,กระเป๋าผ้าแคนวาส,1,320.00,32.00,288.00,15.41,9.24,6.16,15.00,242.18
2626070701467,07/07/2569,BZ-ACC-001,กระเป๋าผ้าแคนวาส,1,320.00,0.00,320.00,17.12,10.27,6.85,0.00,285.76
2626070701468,07/07/2569,BZ-ACC-002,ขวดน้ำเก็บความเย็น 500ml,1,380.00,0.00,380.00,20.33,12.20,8.13,0.00,339.34
2626070701469,07/07/2569,BZ-ELC-001,หูฟังบลูทูธไร้สาย,1,690.00,0.00,690.00,36.91,22.15,14.77,0.00,616.17
2626070701470,07/07/2569,BZ-SKN-002,ครีมกันแดด SPF50 50g,1,450.00,45.00,405.00,21.67,13.00,8.67,0.00,361.67
2626070701471,07/07/2569,BZ-ELC-001,หูฟังบลูทูธไร้สาย,1,690.00,0.00,690.00,36.91,22.15,14.77,0.00,616.17
2626070701472,07/07/2569,BZ-ELC-001,หูฟังบลูทูธไร้สาย,2,1380.00,138.00,1242.00,66.45,39.87,26.58,0.00,1109.11
2626070701473,07/07/2569,BZ-ELC-001,หูฟังบลูทูธไร้สาย,1,690.00,0.00,690.00,36.91,22.15,14.77,0.00,616.17
2626070701474,07/07/2569,BZ-ELC-001,หูฟังบลูทูธไร้สาย,1,690.00,69.00,621.00,33.22,19.93,13.29,0.00,554.55
2626070701475,07/07/2569,BZ-ELC-001,หูฟังบลูทูธไร้สาย,1,690.00,0.00,690.00,36.91,22.15,14.77,0.00,616.17
2626070701476,07/07/2569,BZ-ELC-001,หูฟังบลูทูธไร้สาย,1,690.00,69.00,621.00,33.22,19.93,13.29,15.00,539.55
2626070701477,07/07/2569,BZ-ELC-001,หูฟังบลูทูธไร้สาย,1,690.00,0.00,690.00,36.91,22.15,14.77,15.00,601.17
2626070701478,07/07/2569,BZ-ELC-001,หูฟังบลูทูธไร้สาย,1,690.00,69.00,621.00,33.22,19.93,13.29,0.00,554.55
2626070701479,07/07/2569,BZ-ELC-001,หูฟังบลูทูธไร้สาย,1,690.00,69.00,621.00,33.22,19.93,13.29,0.00,554.55
2626070701480,07/07/2569,BZ-ELC-001,หูฟังบลูทูธไร้สาย,1,690.00,69.00,621.00,33.22,19.93,13.29,15.00,539.55
2626070701481,07/07/2569,BZ-ELC-001,หูฟังบลูทูธไร้สาย,1,690.00,69.00,621.00,33.22,19.93,13.29,0.00,554.55
2626070701482,07/07/2569,BZ-ELC-001,หูฟังบลูทูธไร้สาย,1,690.00,0.00,690.00,36.91,22.15,14.77,0.00,616.17
2626070701483,07/07/2569,BZ-ELC-001,หูฟังบลูทูธไร้สาย,1,690.00,0.00,690.00,36.91,22.15,14.77,15.00,601.17
2626070701484,07/07/2569,BZ-ELC-001,หูฟังบลูทูธไร้สาย,1,690.00,0.00,690.00,36.91,22.15,14.77,0.00,616.17
2626070701485,07/07/2569,BZ-ELC-001,หูฟังบลูทูธไร้สาย,2,1380.00,138.00,1242.00,66.45,39.87,26.58,15.00,1094.11
2626070701486,07/07/2569,BZ-ELC-001,หูฟังบลูทูธไร้สาย,1,690.00,69.00,621.00,33.22,19.93,13.29,15.00,539.55
2626070701487,07/07/2569,BZ-ELC-001,หูฟังบลูทูธไร้สาย,1,690.00,0.00,690.00,36.91,22.15,14.77,15.00,601.17
2626070701488,07/07/2569,BZ-ELC-001,หูฟังบลูทูธไร้สาย,1,690.00,0.00,690.00,36.91,22.15,14.77,0.00,616.17
2626070701489,07/07/2569,BZ-ELC-001,หูฟังบลูทูธไร้สาย,1,690.00,69.00,621.00,33.22,19.93,13.29,15.00,539.55
2626070701490,07/07/2569,BZ-BND-001,เซตของขวัญรวม 3 ชิ้น,1,1190.00,0.00,1190.00,63.66,38.20,25.47,0.00,1062.67
2626070701491,07/07/2569,BZ-SUP-001,คอลลาเจนเปปไทด์ 200g,2,1780.00,0.00,1780.00,95.23,57.14,38.09,15.00,1574.54
2626070701492,07/07/2569,BZ-BND-001,เซตของขวัญรวม 3 ชิ้น,1,1190.00,119.00,1071.00,57.30,34.38,22.92,0.00,956.40
2626070701493,07/07/2569,BZ-BND-001,เซตของขวัญรวม 3 ชิ้น,1,1190.00,0.00,1190.00,63.66,38.20,25.47,0.00,1062.67
2626070701494,07/07/2569,BZ-BND-001,เซตของขวัญรวม 3 ชิ้น,1,1190.00,119.00,1071.00,57.30,34.38,22.92,15.00,941.40
2626070701495,07/07/2569,BZ-BND-001,เซตของขวัญรวม 3 ชิ้น,1,1190.00,0.00,1190.00,63.66,38.20,25.47,0.00,1062.67
2626070701496,07/07/2569,BZ-BND-001,เซตของขวัญรวม 3 ชิ้น,2,2380.00,0.00,2380.00,127.33,76.40,50.93,0.00,2125.34
2626070701497,07/07/2569,BZ-BND-001,เซตของขวัญรวม 3 ชิ้น,1,1190.00,0.00,1190.00,63.66,38.20,25.47,15.00,1047.67
2626070701498,07/07/2569,BZ-BND-001,เซตของขวัญรวม 3 ชิ้น,2,2380.00,0.00,2380.00,127.33,76.40,50.93,15.00,2110.34
2626070701499,07/07/2569,BZ-BND-001,เซตของขวัญรวม 3 ชิ้น,1,1190.00,0.00,1190.00,63.66,38.20,25.47,15.00,1047.67
2626070701500,07/07/2569,BZ-BND-001,เซตของขวัญรวม 3 ชิ้น,1,1190.00,0.00,1190.00,63.66,38.20,25.47,15.00,1047.67
2626070701501,07/07/2569,BZ-BND-001,เซตของขวัญรวม 3 ชิ้น,1,1190.00,0.00,1190.00,63.66,38.20,25.47,0.00,1062.67
2626070701502,07/07/2569,BZ-BND-001,เซตของขวัญรวม 3 ชิ้น,1,1190.00,0.00,1190.00,63.66,38.20,25.47,0.00,1062.67
2626070701503,07/07/2569,BZ-BND-001,เซตของขวัญรวม 3 ชิ้น,1,1190.00,0.00,1190.00,63.66,38.20,25.47,0.00,1062.67
2626070701504,07/07/2569,BZ-BND-001,เซตของขวัญรวม 3 ชิ้น,1,1190.00,119.00,1071.00,57.30,34.38,22.92,0.00,956.40
2626070701505,07/07/2569,BZ-BND-001,เซตของขวัญรวม 3 ชิ้น,1,1190.00,0.00,1190.00,63.66,38.20,25.47,0.00,1062.67
2626070701506,07/07/2569,BZ-ELC-001,หูฟังบลูทูธไร้สาย,1,690.00,0.00,690.00,36.91,22.15,14.77,15.00,601.17
2626070801507,08/07/2569,BZ-SKN-001,เซรั่มวิตามินซี 30ml,1,590.00,0.00,590.00,31.56,18.94,12.63,0.00,526.87
2626070801508,08/07/2569,BZ-SKN-001,เซรั่มวิตามินซี 30ml,1,590.00,0.00,590.00,31.56,18.94,12.63,15.00,511.87
2626070801509,08/07/2569,BZ-SKN-001,เซรั่มวิตามินซี 30ml,2,1180.00,0.00,1180.00,63.13,37.88,25.25,0.00,1053.74
2626070801510,08/07/2569,BZ-SKN-001,เซรั่มวิตามินซี 30ml,1,590.00,0.00,590.00,31.56,18.94,12.63,0.00,526.87
2626070801511,08/07/2569,BZ-SKN-001,เซรั่มวิตามินซี 30ml,1,590.00,0.00,590.00,31.56,18.94,12.63,0.00,526.87
2626070801512,08/07/2569,BZ-SKN-001,เซรั่มวิตามินซี 30ml,2,1180.00,0.00,1180.00,63.13,37.88,25.25,15.00,1038.74
2626070801513,08/07/2569,BZ-SKN-001,เซรั่มวิตามินซี 30ml,1,590.00,0.00,590.00,31.56,18.94,12.63,15.00,511.87
2626070801514,08/07/2569,BZ-SKN-001,เซรั่มวิตามินซี 30ml,1,590.00,59.00,531.00,28.41,17.05,11.36,0.00,474.18
2626070801515,08/07/2569,BZ-SKN-001,เซรั่มวิตามินซี 30ml,1,590.00,0.00,590.00,31.56,18.94,12.63,0.00,526.87
2626070801516,08/07/2569,BZ-SKN-001,เซรั่มวิตามินซี 30ml,2,1180.00,118.00,1062.00,56.82,34.09,22.73,0.00,948.37
2626070801517,08/07/2569,BZ-SKN-001,เซรั่มวิตามินซี 30ml,1,590.00,0.00,590.00,31.56,18.94,12.63,15.00,511.87
2626070801518,08/07/2569,BZ-SKN-001,เซรั่มวิตามินซี 30ml,1,590.00,0.00,590.00,31.56,18.94,12.63,15.00,511.87
2626070801519,08/07/2569,BZ-SKN-001,เซรั่มวิตามินซี 30ml,1,590.00,0.00,590.00,31.56,18.94,12.63,0.00,526.87
2626070801520,08/07/2569,BZ-SKN-001,เซรั่มวิตามินซี 30ml,1,590.00,0.00,590.00,31.56,18.94,12.63,15.00,511.87
2626070801521,08/07/2569,BZ-SKN-001,เซรั่มวิตามินซี 30ml,1,590.00,0.00,590.00,31.56,18.94,12.63,0.00,526.87
2626070801522,08/07/2569,BZ-SKN-001,เซรั่มวิตามินซี 30ml,1,590.00,0.00,590.00,31.56,18.94,12.63,0.00,526.87
2626070801523,08/07/2569,BZ-SKN-001,เซรั่มวิตามินซี 30ml,1,590.00,0.00,590.00,31.56,18.94,12.63,0.00,526.87
2626070801524,08/07/2569,BZ-SKN-001,เซรั่มวิตามินซี 30ml,1,590.00,0.00,590.00,31.56,18.94,12.63,15.00,511.87
2626070801525,08/07/2569,BZ-SKN-001,เซรั่มวิตามินซี 30ml,1,590.00,0.00,590.00,31.56,18.94,12.63,15.00,511.87
2626070801526,08/07/2569,BZ-SKN-001,เซรั่มวิตามินซี 30ml,1,590.00,0.00,590.00,31.56,18.94,12.63,0.00,526.87
2626070801527,08/07/2569,BZ-SKN-001,เซรั่มวิตามินซี 30ml,1,590.00,0.00,590.00,31.56,18.94,12.63,0.00,526.87
2626070801528,08/07/2569,BZ-SKN-001,เซรั่มวิตามินซี 30ml,1,590.00,0.00,590.00,31.56,18.94,12.63,15.00,511.87
2626070801529,08/07/2569,BZ-SKN-001,เซรั่มวิตามินซี 30ml,1,590.00,0.00,590.00,31.56,18.94,12.63,15.00,511.87
2626070801530,08/07/2569,BZ-SKN-001,เซรั่มวิตามินซี 30ml,1,590.00,0.00,590.00,31.56,18.94,12.63,0.00,526.87
2626070801531,08/07/2569,BZ-SKN-001,เซรั่มวิตามินซี 30ml,1,590.00,0.00,590.00,31.56,18.94,12.63,0.00,526.87
2626070801532,08/07/2569,BZ-SKN-001,เซรั่มวิตามินซี 30ml,1,590.00,59.00,531.00,28.41,17.05,11.36,15.00,459.18
2626070801533,08/07/2569,BZ-SKN-001,เซรั่มวิตามินซี 30ml,1,590.00,0.00,590.00,31.56,18.94,12.63,0.00,526.87
2626070801534,08/07/2569,BZ-SKN-001,เซรั่มวิตามินซี 30ml,1,590.00,0.00,590.00,31.56,18.94,12.63,0.00,526.87
2626070801535,08/07/2569,BZ-SKN-001,เซรั่มวิตามินซี 30ml,1,590.00,59.00,531.00,28.41,17.05,11.36,0.00,474.18
2626070801536,08/07/2569,BZ-SKN-001,เซรั่มวิตามินซี 30ml,1,590.00,0.00,590.00,31.56,18.94,12.63,0.00,526.87
2626070801537,08/07/2569,BZ-SKN-001,เซรั่มวิตามินซี 30ml,1,590.00,59.00,531.00,28.41,17.05,11.36,15.00,459.18
2626070801538,08/07/2569,BZ-SKN-001,เซรั่มวิตามินซี 30ml,1,590.00,0.00,590.00,31.56,18.94,12.63,0.00,526.87
2626070801539,08/07/2569,BZ-ACC-002,ขวดน้ำเก็บความเย็น 500ml,1,380.00,38.00,342.00,18.30,10.98,7.32,15.00,290.41
2626070801540,08/07/2569,BZ-ACC-001,กระเป๋าผ้าแคนวาส,1,320.00,0.00,320.00,17.12,10.27,6.85,15.00,270.76
2626070801541,08/07/2569,BZ-SKN-001,เซรั่มวิตามินซี 30ml,1,590.00,0.00,590.00,31.56,18.94,12.63,0.00,526.87
2626070801542,08/07/2569,BZ-BND-001,เซตของขวัญรวม 3 ชิ้น,1,1190.00,0.00,1190.00,63.66,38.20,25.47,0.00,1062.67
2626070801543,08/07/2569,BZ-ACC-002,ขวดน้ำเก็บความเย็น 500ml,2,760.00,0.00,760.00,40.66,24.40,16.26,0.00,678.68
2626070801544,08/07/2569,BZ-ACC-002,ขวดน้ำเก็บความเย็น 500ml,1,380.00,0.00,380.00,20.33,12.20,8.13,15.00,324.34
2626070801545,08/07/2569,BZ-SUP-001,คอลลาเจนเปปไทด์ 200g,1,890.00,0.00,890.00,47.62,28.57,19.05,0.00,794.77
2626070801546,08/07/2569,BZ-SUP-001,คอลลาเจนเปปไทด์ 200g,1,890.00,0.00,890.00,47.62,28.57,19.05,0.00,794.77
2626070801547,08/07/2569,BZ-SUP-001,คอลลาเจนเปปไทด์ 200g,1,890.00,89.00,801.00,42.85,25.71,17.14,15.00,700.29
2626070801548,08/07/2569,BZ-SUP-001,คอลลาเจนเปปไทด์ 200g,1,890.00,0.00,890.00,47.62,28.57,19.05,15.00,779.77
2626070801549,08/07/2569,BZ-SUP-001,คอลลาเจนเปปไทด์ 200g,1,890.00,89.00,801.00,42.85,25.71,17.14,0.00,715.29
2626070801550,08/07/2569,BZ-SUP-001,คอลลาเจนเปปไทด์ 200g,1,890.00,89.00,801.00,42.85,25.71,17.14,0.00,715.29
2626070801551,08/07/2569,BZ-SUP-001,คอลลาเจนเปปไทด์ 200g,1,890.00,0.00,890.00,47.62,28.57,19.05,15.00,779.77
2626070801552,08/07/2569,BZ-SUP-001,คอลลาเจนเปปไทด์ 200g,1,890.00,0.00,890.00,47.62,28.57,19.05,15.00,779.77
2626070801553,08/07/2569,BZ-SUP-001,คอลลาเจนเปปไทด์ 200g,1,890.00,89.00,801.00,42.85,25.71,17.14,0.00,715.29
2626070801554,08/07/2569,BZ-SUP-001,คอลลาเจนเปปไทด์ 200g,1,890.00,0.00,890.00,47.62,28.57,19.05,0.00,794.77
2626070801555,08/07/2569,BZ-SUP-001,คอลลาเจนเปปไทด์ 200g,1,890.00,0.00,890.00,47.62,28.57,19.05,0.00,794.77
2626070801556,08/07/2569,BZ-SUP-001,คอลลาเจนเปปไทด์ 200g,1,890.00,0.00,890.00,47.62,28.57,19.05,0.00,794.77
2626070801557,08/07/2569,BZ-SUP-001,คอลลาเจนเปปไทด์ 200g,1,890.00,0.00,890.00,47.62,28.57,19.05,15.00,779.77
2626070801558,08/07/2569,BZ-SUP-001,คอลลาเจนเปปไทด์ 200g,1,890.00,0.00,890.00,47.62,28.57,19.05,15.00,779.77
2626070801559,08/07/2569,BZ-SUP-001,คอลลาเจนเปปไทด์ 200g,1,890.00,0.00,890.00,47.62,28.57,19.05,0.00,794.77
2626070801560,08/07/2569,BZ-SUP-001,คอลลาเจนเปปไทด์ 200g,1,890.00,0.00,890.00,47.62,28.57,19.05,0.00,794.77
2626070801561,08/07/2569,BZ-SKN-001,เซรั่มวิตามินซี 30ml,2,1180.00,0.00,1180.00,63.13,37.88,25.25,0.00,1053.74
2626070801562,08/07/2569,BZ-ELC-001,หูฟังบลูทูธไร้สาย,1,690.00,0.00,690.00,36.91,22.15,14.77,0.00,616.17
2626070801563,08/07/2569,BZ-SUP-001,คอลลาเจนเปปไทด์ 200g,1,890.00,89.00,801.00,42.85,25.71,17.14,0.00,715.29
2626070801564,08/07/2569,BZ-ELC-001,หูฟังบลูทูธไร้สาย,1,690.00,69.00,621.00,33.22,19.93,13.29,0.00,554.55
2626070801565,08/07/2569,BZ-ACC-001,กระเป๋าผ้าแคนวาส,1,320.00,0.00,320.00,17.12,10.27,6.85,15.00,270.76
2626070801566,08/07/2569,BZ-ACC-001,กระเป๋าผ้าแคนวาส,1,320.00,0.00,320.00,17.12,10.27,6.85,15.00,270.76
2626070801567,08/07/2569,BZ-ACC-001,กระเป๋าผ้าแคนวาส,1,320.00,0.00,320.00,17.12,10.27,6.85,15.00,270.76
2626070801568,08/07/2569,BZ-ACC-001,กระเป๋าผ้าแคนวาส,1,320.00,0.00,320.00,17.12,10.27,6.85,0.00,285.76
2626070801569,08/07/2569,BZ-ACC-001,กระเป๋าผ้าแคนวาส,1,320.00,32.00,288.00,15.41,9.24,6.16,0.00,257.18
2626070801570,08/07/2569,BZ-ACC-001,กระเป๋าผ้าแคนวาส,2,640.00,64.00,576.00,30.82,18.49,12.33,0.00,514.37
2626070801571,08/07/2569,BZ-ACC-001,กระเป๋าผ้าแคนวาส,1,320.00,32.00,288.00,15.41,9.24,6.16,0.00,257.18
2626070801572,08/07/2569,BZ-ACC-001,กระเป๋าผ้าแคนวาส,1,320.00,0.00,320.00,17.12,10.27,6.85,0.00,285.76
2626070801573,08/07/2569,BZ-ACC-001,กระเป๋าผ้าแคนวาส,1,320.00,0.00,320.00,17.12,10.27,6.85,15.00,270.76
2626070801574,08/07/2569,BZ-ELC-001,หูฟังบลูทูธไร้สาย,1,690.00,69.00,621.00,33.22,19.93,13.29,0.00,554.55
2626070801575,08/07/2569,BZ-ACC-001,กระเป๋าผ้าแคนวาส,2,640.00,64.00,576.00,30.82,18.49,12.33,0.00,514.37
2626070801576,08/07/2569,BZ-ACC-002,ขวดน้ำเก็บความเย็น 500ml,1,380.00,0.00,380.00,20.33,12.20,8.13,0.00,339.34
2626070801577,08/07/2569,BZ-ELC-001,หูฟังบลูทูธไร้สาย,1,690.00,69.00,621.00,33.22,19.93,13.29,0.00,554.55
2626070801578,08/07/2569,BZ-ELC-001,หูฟังบลูทูธไร้สาย,2,1380.00,0.00,1380.00,73.83,44.30,29.53,0.00,1232.34
2626070801579,08/07/2569,BZ-ELC-001,หูฟังบลูทูธไร้สาย,1,690.00,0.00,690.00,36.91,22.15,14.77,0.00,616.17
2626070801580,08/07/2569,BZ-ELC-001,หูฟังบลูทูธไร้สาย,1,690.00,0.00,690.00,36.91,22.15,14.77,15.00,601.17
2626070801581,08/07/2569,BZ-ELC-001,หูฟังบลูทูธไร้สาย,1,690.00,69.00,621.00,33.22,19.93,13.29,0.00,554.55
2626070801582,08/07/2569,BZ-ELC-001,หูฟังบลูทูธไร้สาย,1,690.00,0.00,690.00,36.91,22.15,14.77,0.00,616.17
2626070801583,08/07/2569,BZ-ELC-001,หูฟังบลูทูธไร้สาย,1,690.00,0.00,690.00,36.91,22.15,14.77,0.00,616.17
2626070801584,08/07/2569,BZ-ELC-001,หูฟังบลูทูธไร้สาย,1,690.00,0.00,690.00,36.91,22.15,14.77,0.00,616.17
2626070801585,08/07/2569,BZ-ELC-001,หูฟังบลูทูธไร้สาย,1,690.00,0.00,690.00,36.91,22.15,14.77,15.00,601.17
2626070801586,08/07/2569,BZ-ELC-001,หูฟังบลูทูธไร้สาย,1,690.00,0.00,690.00,36.91,22.15,14.77,0.00,616.17
2626070801587,08/07/2569,BZ-ELC-001,หูฟังบลูทูธไร้สาย,1,690.00,0.00,690.00,36.91,22.15,14.77,0.00,616.17
2626070801588,08/07/2569,BZ-ELC-001,หูฟังบลูทูธไร้สาย,1,690.00,0.00,690.00,36.91,22.15,14.77,15.00,601.17
2626070801589,08/07/2569,BZ-ELC-001,หูฟังบลูทูธไร้สาย,1,690.00,0.00,690.00,36.91,22.15,14.77,0.00,616.17
2626070801590,08/07/2569,BZ-ELC-001,หูฟังบลูทูธไร้สาย,1,690.00,0.00,690.00,36.91,22.15,14.77,0.00,616.17
2626070801591,08/07/2569,BZ-ELC-001,หูฟังบลูทูธไร้สาย,1,690.00,0.00,690.00,36.91,22.15,14.77,0.00,616.17
2626070801592,08/07/2569,BZ-ELC-001,หูฟังบลูทูธไร้สาย,1,690.00,0.00,690.00,36.91,22.15,14.77,15.00,601.17
2626070801593,08/07/2569,BZ-ELC-001,หูฟังบลูทูธไร้สาย,1,690.00,0.00,690.00,36.91,22.15,14.77,0.00,616.17
2626070801594,08/07/2569,BZ-ELC-001,หูฟังบลูทูธไร้สาย,1,690.00,0.00,690.00,36.91,22.15,14.77,15.00,601.17
2626070801595,08/07/2569,BZ-ELC-001,หูฟังบลูทูธไร้สาย,1,690.00,0.00,690.00,36.91,22.15,14.77,15.00,601.17
2626070801596,08/07/2569,BZ-ELC-001,หูฟังบลูทูธไร้สาย,1,690.00,0.00,690.00,36.91,22.15,14.77,0.00,616.17
2626070801597,08/07/2569,BZ-ELC-001,หูฟังบลูทูธไร้สาย,1,690.00,0.00,690.00,36.91,22.15,14.77,15.00,601.17
2626070801598,08/07/2569,BZ-SUP-001,คอลลาเจนเปปไทด์ 200g,1,890.00,0.00,890.00,47.62,28.57,19.05,0.00,794.77
2626070801599,08/07/2569,BZ-BND-001,เซตของขวัญรวม 3 ชิ้น,2,2380.00,0.00,2380.00,127.33,76.40,50.93,15.00,2110.34
2626070801600,08/07/2569,BZ-BND-001,เซตของขวัญรวม 3 ชิ้น,1,1190.00,119.00,1071.00,57.30,34.38,22.92,0.00,956.40
2626070801601,08/07/2569,BZ-BND-001,เซตของขวัญรวม 3 ชิ้น,2,2380.00,0.00,2380.00,127.33,76.40,50.93,0.00,2125.34
2626070801602,08/07/2569,BZ-BND-001,เซตของขวัญรวม 3 ชิ้น,2,2380.00,238.00,2142.00,114.60,68.76,45.84,15.00,1897.81
2626070801603,08/07/2569,BZ-BND-001,เซตของขวัญรวม 3 ชิ้น,1,1190.00,0.00,1190.00,63.66,38.20,25.47,15.00,1047.67
2626070801604,08/07/2569,BZ-BND-001,เซตของขวัญรวม 3 ชิ้น,1,1190.00,0.00,1190.00,63.66,38.20,25.47,0.00,1062.67
2626070801605,08/07/2569,BZ-BND-001,เซตของขวัญรวม 3 ชิ้น,1,1190.00,0.00,1190.00,63.66,38.20,25.47,0.00,1062.67
2626070801606,08/07/2569,BZ-BND-001,เซตของขวัญรวม 3 ชิ้น,1,1190.00,0.00,1190.00,63.66,38.20,25.47,0.00,1062.67
2626070801607,08/07/2569,BZ-BND-001,เซตของขวัญรวม 3 ชิ้น,1,1190.00,0.00,1190.00,63.66,38.20,25.47,15.00,1047.67
2626070801608,08/07/2569,BZ-BND-001,เซตของขวัญรวม 3 ชิ้น,1,1190.00,0.00,1190.00,63.66,38.20,25.47,15.00,1047.67
2626070801609,08/07/2569,BZ-BND-001,เซตของขวัญรวม 3 ชิ้น,1,1190.00,119.00,1071.00,57.30,34.38,22.92,0.00,956.40
2626070801610,08/07/2569,BZ-BND-001,เซตของขวัญรวม 3 ชิ้น,1,1190.00,0.00,1190.00,63.66,38.20,25.47,0.00,1062.67
2626070801611,08/07/2569,BZ-BND-001,เซตของขวัญรวม 3 ชิ้น,1,1190.00,0.00,1190.00,63.66,38.20,25.47,15.00,1047.67
2626070801612,08/07/2569,BZ-BND-001,เซตของขวัญรวม 3 ชิ้น,1,1190.00,119.00,1071.00,57.30,34.38,22.92,0.00,956.40
2626070801613,08/07/2569,BZ-ACC-002,ขวดน้ำเก็บความเย็น 500ml,1,380.00,38.00,342.00,18.30,10.98,7.32,0.00,305.41
2626070901614,09/07/2569,BZ-SKN-001,เซรั่มวิตามินซี 30ml,1,590.00,59.00,531.00,28.41,17.05,11.36,15.00,459.18
2626070901615,09/07/2569,BZ-SKN-001,เซรั่มวิตามินซี 30ml,1,590.00,0.00,590.00,31.56,18.94,12.63,15.00,511.87
2626070901616,09/07/2569,BZ-SKN-001,เซรั่มวิตามินซี 30ml,1,590.00,0.00,590.00,31.56,18.94,12.63,15.00,511.87
2626070901617,09/07/2569,BZ-SKN-001,เซรั่มวิตามินซี 30ml,2,1180.00,118.00,1062.00,56.82,34.09,22.73,15.00,933.37
2626070901618,09/07/2569,BZ-SKN-001,เซรั่มวิตามินซี 30ml,2,1180.00,0.00,1180.00,63.13,37.88,25.25,0.00,1053.74
2626070901619,09/07/2569,BZ-SKN-001,เซรั่มวิตามินซี 30ml,1,590.00,0.00,590.00,31.56,18.94,12.63,0.00,526.87
2626070901620,09/07/2569,BZ-SKN-001,เซรั่มวิตามินซี 30ml,1,590.00,0.00,590.00,31.56,18.94,12.63,15.00,511.87
2626070901621,09/07/2569,BZ-SKN-001,เซรั่มวิตามินซี 30ml,2,1180.00,118.00,1062.00,56.82,34.09,22.73,0.00,948.37
2626070901622,09/07/2569,BZ-SKN-001,เซรั่มวิตามินซี 30ml,1,590.00,0.00,590.00,31.56,18.94,12.63,15.00,511.87
2626070901623,09/07/2569,BZ-SKN-001,เซรั่มวิตามินซี 30ml,1,590.00,0.00,590.00,31.56,18.94,12.63,0.00,526.87
2626070901624,09/07/2569,BZ-SKN-001,เซรั่มวิตามินซี 30ml,1,590.00,59.00,531.00,28.41,17.05,11.36,0.00,474.18
2626070901625,09/07/2569,BZ-SKN-001,เซรั่มวิตามินซี 30ml,1,590.00,0.00,590.00,31.56,18.94,12.63,0.00,526.87
2626070901626,09/07/2569,BZ-SKN-001,เซรั่มวิตามินซี 30ml,1,590.00,0.00,590.00,31.56,18.94,12.63,15.00,511.87
2626070901627,09/07/2569,BZ-SKN-001,เซรั่มวิตามินซี 30ml,1,590.00,59.00,531.00,28.41,17.05,11.36,15.00,459.18
2626070901628,09/07/2569,BZ-SKN-001,เซรั่มวิตามินซี 30ml,1,590.00,0.00,590.00,31.56,18.94,12.63,15.00,511.87
2626070901629,09/07/2569,BZ-SKN-001,เซรั่มวิตามินซี 30ml,1,590.00,59.00,531.00,28.41,17.05,11.36,0.00,474.18
2626070901630,09/07/2569,BZ-SKN-001,เซรั่มวิตามินซี 30ml,1,590.00,59.00,531.00,28.41,17.05,11.36,0.00,474.18
2626070901631,09/07/2569,BZ-SKN-001,เซรั่มวิตามินซี 30ml,1,590.00,0.00,590.00,31.56,18.94,12.63,0.00,526.87
2626070901632,09/07/2569,BZ-SKN-001,เซรั่มวิตามินซี 30ml,1,590.00,59.00,531.00,28.41,17.05,11.36,15.00,459.18
2626070901633,09/07/2569,BZ-SKN-001,เซรั่มวิตามินซี 30ml,1,590.00,59.00,531.00,28.41,17.05,11.36,0.00,474.18
2626070901634,09/07/2569,BZ-SKN-001,เซรั่มวิตามินซี 30ml,1,590.00,59.00,531.00,28.41,17.05,11.36,0.00,474.18
2626070901635,09/07/2569,BZ-SKN-001,เซรั่มวิตามินซี 30ml,1,590.00,0.00,590.00,31.56,18.94,12.63,0.00,526.87
2626070901636,09/07/2569,BZ-SKN-001,เซรั่มวิตามินซี 30ml,1,590.00,59.00,531.00,28.41,17.05,11.36,0.00,474.18
2626070901637,09/07/2569,BZ-SKN-001,เซรั่มวิตามินซี 30ml,2,1180.00,0.00,1180.00,63.13,37.88,25.25,15.00,1038.74
2626070901638,09/07/2569,BZ-SKN-001,เซรั่มวิตามินซี 30ml,1,590.00,59.00,531.00,28.41,17.05,11.36,15.00,459.18
2626070901639,09/07/2569,BZ-SKN-001,เซรั่มวิตามินซี 30ml,1,590.00,59.00,531.00,28.41,17.05,11.36,0.00,474.18
2626070901640,09/07/2569,BZ-SKN-001,เซรั่มวิตามินซี 30ml,1,590.00,0.00,590.00,31.56,18.94,12.63,0.00,526.87
2626070901641,09/07/2569,BZ-SKN-001,เซรั่มวิตามินซี 30ml,2,1180.00,118.00,1062.00,56.82,34.09,22.73,0.00,948.37
2626070901642,09/07/2569,BZ-SKN-001,เซรั่มวิตามินซี 30ml,1,590.00,0.00,590.00,31.56,18.94,12.63,0.00,526.87
2626070901643,09/07/2569,BZ-SKN-001,เซรั่มวิตามินซี 30ml,1,590.00,59.00,531.00,28.41,17.05,11.36,0.00,474.18
2626070901644,09/07/2569,BZ-SKN-001,เซรั่มวิตามินซี 30ml,1,590.00,0.00,590.00,31.56,18.94,12.63,15.00,511.87
2626070901645,09/07/2569,BZ-ACC-002,ขวดน้ำเก็บความเย็น 500ml,2,760.00,0.00,760.00,40.66,24.40,16.26,15.00,663.68
2626070901646,09/07/2569,BZ-ACC-002,ขวดน้ำเก็บความเย็น 500ml,1,380.00,0.00,380.00,20.33,12.20,8.13,15.00,324.34
2626070901647,09/07/2569,BZ-ELC-001,หูฟังบลูทูธไร้สาย,1,690.00,69.00,621.00,33.22,19.93,13.29,0.00,554.55
2626070901648,09/07/2569,BZ-ACC-002,ขวดน้ำเก็บความเย็น 500ml,2,760.00,76.00,684.00,36.59,21.96,14.64,0.00,610.81
2626070901649,09/07/2569,BZ-ELC-001,หูฟังบลูทูธไร้สาย,2,1380.00,138.00,1242.00,66.45,39.87,26.58,15.00,1094.11
2626070901650,09/07/2569,BZ-BND-001,เซตของขวัญรวม 3 ชิ้น,1,1190.00,0.00,1190.00,63.66,38.20,25.47,15.00,1047.67
2626070901651,09/07/2569,BZ-SKN-001,เซรั่มวิตามินซี 30ml,1,590.00,59.00,531.00,28.41,17.05,11.36,0.00,474.18
2626070901652,09/07/2569,BZ-SKN-001,เซรั่มวิตามินซี 30ml,1,590.00,0.00,590.00,31.56,18.94,12.63,0.00,526.87
2626070901653,09/07/2569,BZ-SUP-001,คอลลาเจนเปปไทด์ 200g,1,890.00,0.00,890.00,47.62,28.57,19.05,0.00,794.77
2626070901654,09/07/2569,BZ-SUP-001,คอลลาเจนเปปไทด์ 200g,1,890.00,0.00,890.00,47.62,28.57,19.05,0.00,794.77
2626070901655,09/07/2569,BZ-SUP-001,คอลลาเจนเปปไทด์ 200g,1,890.00,0.00,890.00,47.62,28.57,19.05,15.00,779.77
2626070901656,09/07/2569,BZ-SUP-001,คอลลาเจนเปปไทด์ 200g,1,890.00,0.00,890.00,47.62,28.57,19.05,15.00,779.77
2626070901657,09/07/2569,BZ-SUP-001,คอลลาเจนเปปไทด์ 200g,1,890.00,0.00,890.00,47.62,28.57,19.05,0.00,794.77
2626070901658,09/07/2569,BZ-SUP-001,คอลลาเจนเปปไทด์ 200g,1,890.00,89.00,801.00,42.85,25.71,17.14,15.00,700.29
2626070901659,09/07/2569,BZ-SUP-001,คอลลาเจนเปปไทด์ 200g,1,890.00,89.00,801.00,42.85,25.71,17.14,0.00,715.29
2626070901660,09/07/2569,BZ-SUP-001,คอลลาเจนเปปไทด์ 200g,1,890.00,0.00,890.00,47.62,28.57,19.05,0.00,794.77
2626070901661,09/07/2569,BZ-SUP-001,คอลลาเจนเปปไทด์ 200g,1,890.00,0.00,890.00,47.62,28.57,19.05,0.00,794.77
2626070901662,09/07/2569,BZ-SUP-001,คอลลาเจนเปปไทด์ 200g,1,890.00,0.00,890.00,47.62,28.57,19.05,0.00,794.77
2626070901663,09/07/2569,BZ-SUP-001,คอลลาเจนเปปไทด์ 200g,1,890.00,0.00,890.00,47.62,28.57,19.05,0.00,794.77
2626070901664,09/07/2569,BZ-SUP-001,คอลลาเจนเปปไทด์ 200g,1,890.00,89.00,801.00,42.85,25.71,17.14,15.00,700.29
2626070901665,09/07/2569,BZ-SUP-001,คอลลาเจนเปปไทด์ 200g,1,890.00,0.00,890.00,47.62,28.57,19.05,15.00,779.77
2626070901666,09/07/2569,BZ-SUP-001,คอลลาเจนเปปไทด์ 200g,1,890.00,89.00,801.00,42.85,25.71,17.14,0.00,715.29
2626070901667,09/07/2569,BZ-SUP-001,คอลลาเจนเปปไทด์ 200g,2,1780.00,178.00,1602.00,85.71,51.42,34.28,15.00,1415.59
2626070901668,09/07/2569,BZ-SUP-001,คอลลาเจนเปปไทด์ 200g,1,890.00,0.00,890.00,47.62,28.57,19.05,15.00,779.77
2626070901669,09/07/2569,BZ-SUP-001,คอลลาเจนเปปไทด์ 200g,1,890.00,0.00,890.00,47.62,28.57,19.05,0.00,794.77
2626070901670,09/07/2569,BZ-BND-001,เซตของขวัญรวม 3 ชิ้น,1,1190.00,0.00,1190.00,63.66,38.20,25.47,15.00,1047.67
2626070901671,09/07/2569,BZ-ELC-001,หูฟังบลูทูธไร้สาย,1,690.00,69.00,621.00,33.22,19.93,13.29,0.00,554.55
2626070901672,09/07/2569,BZ-ACC-001,กระเป๋าผ้าแคนวาส,2,640.00,0.00,640.00,34.24,20.54,13.70,0.00,571.52
2626070901673,09/07/2569,BZ-BND-001,เซตของขวัญรวม 3 ชิ้น,1,1190.00,119.00,1071.00,57.30,34.38,22.92,15.00,941.40
2626070901674,09/07/2569,BZ-ACC-001,กระเป๋าผ้าแคนวาส,1,320.00,32.00,288.00,15.41,9.24,6.16,0.00,257.18
2626070901675,09/07/2569,BZ-ACC-001,กระเป๋าผ้าแคนวาส,1,320.00,0.00,320.00,17.12,10.27,6.85,15.00,270.76
2626070901676,09/07/2569,BZ-ACC-001,กระเป๋าผ้าแคนวาส,1,320.00,0.00,320.00,17.12,10.27,6.85,15.00,270.76
2626070901677,09/07/2569,BZ-ACC-001,กระเป๋าผ้าแคนวาส,1,320.00,32.00,288.00,15.41,9.24,6.16,15.00,242.18
2626070901678,09/07/2569,BZ-ACC-001,กระเป๋าผ้าแคนวาส,2,640.00,0.00,640.00,34.24,20.54,13.70,15.00,556.52
2626070901679,09/07/2569,BZ-ACC-001,กระเป๋าผ้าแคนวาส,1,320.00,0.00,320.00,17.12,10.27,6.85,0.00,285.76
2626070901680,09/07/2569,BZ-ACC-001,กระเป๋าผ้าแคนวาส,1,320.00,32.00,288.00,15.41,9.24,6.16,0.00,257.18
2626070901681,09/07/2569,BZ-ACC-001,กระเป๋าผ้าแคนวาส,2,640.00,0.00,640.00,34.24,20.54,13.70,0.00,571.52
2626070901682,09/07/2569,BZ-ACC-001,กระเป๋าผ้าแคนวาส,2,640.00,64.00,576.00,30.82,18.49,12.33,0.00,514.37
2626070901683,09/07/2569,BZ-SUP-001,คอลลาเจนเปปไทด์ 200g,1,890.00,0.00,890.00,47.62,28.57,19.05,15.00,779.77
2626070901684,09/07/2569,BZ-SUP-001,คอลลาเจนเปปไทด์ 200g,2,1780.00,0.00,1780.00,95.23,57.14,38.09,15.00,1574.54
2626070901685,09/07/2569,BZ-ACC-001,กระเป๋าผ้าแคนวาส,1,320.00,0.00,320.00,17.12,10.27,6.85,0.00,285.76
2626070901686,09/07/2569,BZ-ELC-001,หูฟังบลูทูธไร้สาย,1,690.00,0.00,690.00,36.91,22.15,14.77,15.00,601.17
2626070901687,09/07/2569,BZ-ELC-001,หูฟังบลูทูธไร้สาย,2,1380.00,138.00,1242.00,66.45,39.87,26.58,0.00,1109.11
2626070901688,09/07/2569,BZ-ELC-001,หูฟังบลูทูธไร้สาย,1,690.00,0.00,690.00,36.91,22.15,14.77,0.00,616.17
2626070901689,09/07/2569,BZ-ELC-001,หูฟังบลูทูธไร้สาย,1,690.00,0.00,690.00,36.91,22.15,14.77,0.00,616.17
2626070901690,09/07/2569,BZ-ELC-001,หูฟังบลูทูธไร้สาย,1,690.00,69.00,621.00,33.22,19.93,13.29,15.00,539.55
2626070901691,09/07/2569,BZ-ELC-001,หูฟังบลูทูธไร้สาย,1,690.00,69.00,621.00,33.22,19.93,13.29,15.00,539.55
2626070901692,09/07/2569,BZ-ELC-001,หูฟังบลูทูธไร้สาย,2,1380.00,0.00,1380.00,73.83,44.30,29.53,15.00,1217.34
2626070901693,09/07/2569,BZ-ELC-001,หูฟังบลูทูธไร้สาย,2,1380.00,0.00,1380.00,73.83,44.30,29.53,0.00,1232.34
2626070901694,09/07/2569,BZ-ELC-001,หูฟังบลูทูธไร้สาย,1,690.00,0.00,690.00,36.91,22.15,14.77,15.00,601.17
2626070901695,09/07/2569,BZ-ELC-001,หูฟังบลูทูธไร้สาย,1,690.00,0.00,690.00,36.91,22.15,14.77,0.00,616.17
2626070901696,09/07/2569,BZ-ELC-001,หูฟังบลูทูธไร้สาย,2,1380.00,0.00,1380.00,73.83,44.30,29.53,15.00,1217.34
2626070901697,09/07/2569,BZ-BND-001,เซตของขวัญรวม 3 ชิ้น,1,1190.00,0.00,1190.00,63.66,38.20,25.47,0.00,1062.67
2626070901698,09/07/2569,BZ-BND-001,เซตของขวัญรวม 3 ชิ้น,1,1190.00,119.00,1071.00,57.30,34.38,22.92,0.00,956.40
2626070901699,09/07/2569,BZ-BND-001,เซตของขวัญรวม 3 ชิ้น,1,1190.00,0.00,1190.00,63.66,38.20,25.47,0.00,1062.67
2626070901700,09/07/2569,BZ-BND-001,เซตของขวัญรวม 3 ชิ้น,1,1190.00,0.00,1190.00,63.66,38.20,25.47,15.00,1047.67
2626070901701,09/07/2569,BZ-BND-001,เซตของขวัญรวม 3 ชิ้น,1,1190.00,0.00,1190.00,63.66,38.20,25.47,15.00,1047.67
2626070901702,09/07/2569,BZ-BND-001,เซตของขวัญรวม 3 ชิ้น,1,1190.00,0.00,1190.00,63.66,38.20,25.47,0.00,1062.67
2626070901703,09/07/2569,BZ-BND-001,เซตของขวัญรวม 3 ชิ้น,1,1190.00,119.00,1071.00,57.30,34.38,22.92,15.00,941.40
2626070901704,09/07/2569,BZ-BND-001,เซตของขวัญรวม 3 ชิ้น,1,1190.00,119.00,1071.00,57.30,34.38,22.92,15.00,941.40
2626070901705,09/07/2569,BZ-BND-001,เซตของขวัญรวม 3 ชิ้น,1,1190.00,0.00,1190.00,63.66,38.20,25.47,0.00,1062.67
2626070901706,09/07/2569,BZ-BND-001,เซตของขวัญรวม 3 ชิ้น,1,1190.00,119.00,1071.00,57.30,34.38,22.92,0.00,956.40
2626070901707,09/07/2569,BZ-BND-001,เซตของขวัญรวม 3 ชิ้น,1,1190.00,0.00,1190.00,63.66,38.20,25.47,0.00,1062.67
2626070901708,09/07/2569,BZ-BND-001,เซตของขวัญรวม 3 ชิ้น,1,1190.00,0.00,1190.00,63.66,38.20,25.47,0.00,1062.67
2626070901709,09/07/2569,BZ-SKN-001,เซรั่มวิตามินซี 30ml,2,1180.00,0.00,1180.00,63.13,37.88,25.25,15.00,1038.74
2626071001710,10/07/2569,BZ-SKN-001,เซรั่มวิตามินซี 30ml,1,590.00,0.00,590.00,31.56,18.94,12.63,15.00,511.87
2626071001711,10/07/2569,BZ-SKN-001,เซรั่มวิตามินซี 30ml,1,590.00,59.00,531.00,28.41,17.05,11.36,0.00,474.18
2626071001712,10/07/2569,BZ-SKN-001,เซรั่มวิตามินซี 30ml,1,590.00,0.00,590.00,31.56,18.94,12.63,15.00,511.87
2626071001713,10/07/2569,BZ-SKN-001,เซรั่มวิตามินซี 30ml,1,590.00,0.00,590.00,31.56,18.94,12.63,0.00,526.87
2626071001714,10/07/2569,BZ-SKN-001,เซรั่มวิตามินซี 30ml,2,1180.00,118.00,1062.00,56.82,34.09,22.73,0.00,948.37
2626071001715,10/07/2569,BZ-SKN-001,เซรั่มวิตามินซี 30ml,2,1180.00,0.00,1180.00,63.13,37.88,25.25,0.00,1053.74
2626071001716,10/07/2569,BZ-SKN-001,เซรั่มวิตามินซี 30ml,1,590.00,0.00,590.00,31.56,18.94,12.63,15.00,511.87
2626071001717,10/07/2569,BZ-SKN-001,เซรั่มวิตามินซี 30ml,1,590.00,0.00,590.00,31.56,18.94,12.63,15.00,511.87
2626071001718,10/07/2569,BZ-SKN-001,เซรั่มวิตามินซี 30ml,2,1180.00,118.00,1062.00,56.82,34.09,22.73,15.00,933.37
2626071001719,10/07/2569,BZ-SKN-001,เซรั่มวิตามินซี 30ml,1,590.00,0.00,590.00,31.56,18.94,12.63,0.00,526.87
2626071001720,10/07/2569,BZ-SKN-001,เซรั่มวิตามินซี 30ml,1,590.00,0.00,590.00,31.56,18.94,12.63,0.00,526.87
2626071001721,10/07/2569,BZ-SKN-001,เซรั่มวิตามินซี 30ml,1,590.00,59.00,531.00,28.41,17.05,11.36,15.00,459.18
2626071001722,10/07/2569,BZ-SKN-001,เซรั่มวิตามินซี 30ml,1,590.00,0.00,590.00,31.56,18.94,12.63,15.00,511.87
2626071001723,10/07/2569,BZ-SKN-001,เซรั่มวิตามินซี 30ml,1,590.00,0.00,590.00,31.56,18.94,12.63,15.00,511.87
2626071001724,10/07/2569,BZ-SKN-001,เซรั่มวิตามินซี 30ml,1,590.00,0.00,590.00,31.56,18.94,12.63,0.00,526.87
2626071001725,10/07/2569,BZ-SKN-001,เซรั่มวิตามินซี 30ml,1,590.00,59.00,531.00,28.41,17.05,11.36,0.00,474.18
2626071001726,10/07/2569,BZ-SKN-001,เซรั่มวิตามินซี 30ml,1,590.00,59.00,531.00,28.41,17.05,11.36,0.00,474.18
2626071001727,10/07/2569,BZ-SKN-001,เซรั่มวิตามินซี 30ml,2,1180.00,118.00,1062.00,56.82,34.09,22.73,0.00,948.37
2626071001728,10/07/2569,BZ-SKN-001,เซรั่มวิตามินซี 30ml,1,590.00,0.00,590.00,31.56,18.94,12.63,0.00,526.87
2626071001729,10/07/2569,BZ-SKN-001,เซรั่มวิตามินซี 30ml,1,590.00,59.00,531.00,28.41,17.05,11.36,0.00,474.18
2626071001730,10/07/2569,BZ-ELC-001,หูฟังบลูทูธไร้สาย,1,690.00,0.00,690.00,36.91,22.15,14.77,15.00,601.17
2626071001731,10/07/2569,BZ-ELC-001,หูฟังบลูทูธไร้สาย,1,690.00,0.00,690.00,36.91,22.15,14.77,0.00,616.17
2626071001732,10/07/2569,BZ-SKN-001,เซรั่มวิตามินซี 30ml,1,590.00,59.00,531.00,28.41,17.05,11.36,15.00,459.18
2626071001733,10/07/2569,BZ-SUP-001,คอลลาเจนเปปไทด์ 200g,1,890.00,89.00,801.00,42.85,25.71,17.14,0.00,715.29
2626071001734,10/07/2569,BZ-ELC-001,หูฟังบลูทูธไร้สาย,2,1380.00,138.00,1242.00,66.45,39.87,26.58,15.00,1094.11
2626071001735,10/07/2569,BZ-SUP-001,คอลลาเจนเปปไทด์ 200g,1,890.00,0.00,890.00,47.62,28.57,19.05,15.00,779.77
2626071001736,10/07/2569,BZ-SUP-001,คอลลาเจนเปปไทด์ 200g,1,890.00,0.00,890.00,47.62,28.57,19.05,0.00,794.77
2626071001737,10/07/2569,BZ-SUP-001,คอลลาเจนเปปไทด์ 200g,1,890.00,0.00,890.00,47.62,28.57,19.05,0.00,794.77
2626071001738,10/07/2569,BZ-SUP-001,คอลลาเจนเปปไทด์ 200g,1,890.00,89.00,801.00,42.85,25.71,17.14,15.00,700.29
2626071001739,10/07/2569,BZ-SUP-001,คอลลาเจนเปปไทด์ 200g,1,890.00,89.00,801.00,42.85,25.71,17.14,0.00,715.29
2626071001740,10/07/2569,BZ-SUP-001,คอลลาเจนเปปไทด์ 200g,1,890.00,0.00,890.00,47.62,28.57,19.05,15.00,779.77
2626071001741,10/07/2569,BZ-SUP-001,คอลลาเจนเปปไทด์ 200g,1,890.00,0.00,890.00,47.62,28.57,19.05,15.00,779.77
2626071001742,10/07/2569,BZ-SUP-001,คอลลาเจนเปปไทด์ 200g,1,890.00,89.00,801.00,42.85,25.71,17.14,15.00,700.29
2626071001743,10/07/2569,BZ-SUP-001,คอลลาเจนเปปไทด์ 200g,1,890.00,0.00,890.00,47.62,28.57,19.05,0.00,794.77
2626071001744,10/07/2569,BZ-SUP-001,คอลลาเจนเปปไทด์ 200g,1,890.00,89.00,801.00,42.85,25.71,17.14,0.00,715.29
2626071001745,10/07/2569,BZ-SUP-001,คอลลาเจนเปปไทด์ 200g,1,890.00,0.00,890.00,47.62,28.57,19.05,15.00,779.77
2626071001746,10/07/2569,BZ-SUP-001,คอลลาเจนเปปไทด์ 200g,1,890.00,89.00,801.00,42.85,25.71,17.14,0.00,715.29
2626071001747,10/07/2569,BZ-SUP-001,คอลลาเจนเปปไทด์ 200g,1,890.00,89.00,801.00,42.85,25.71,17.14,0.00,715.29
2626071001748,10/07/2569,BZ-SUP-001,คอลลาเจนเปปไทด์ 200g,1,890.00,89.00,801.00,42.85,25.71,17.14,15.00,700.29
2626071001749,10/07/2569,BZ-SUP-001,คอลลาเจนเปปไทด์ 200g,1,890.00,0.00,890.00,47.62,28.57,19.05,15.00,779.77
2626071001750,10/07/2569,BZ-SKN-001,เซรั่มวิตามินซี 30ml,2,1180.00,0.00,1180.00,63.13,37.88,25.25,0.00,1053.74
2626071001751,10/07/2569,BZ-ELC-001,หูฟังบลูทูธไร้สาย,1,690.00,69.00,621.00,33.22,19.93,13.29,15.00,539.55
2626071001752,10/07/2569,BZ-ACC-001,กระเป๋าผ้าแคนวาส,1,320.00,32.00,288.00,15.41,9.24,6.16,0.00,257.18
2626071001753,10/07/2569,BZ-ACC-001,กระเป๋าผ้าแคนวาส,1,320.00,32.00,288.00,15.41,9.24,6.16,15.00,242.18
2626071001754,10/07/2569,BZ-ACC-001,กระเป๋าผ้าแคนวาส,1,320.00,32.00,288.00,15.41,9.24,6.16,0.00,257.18
2626071001755,10/07/2569,BZ-ACC-001,กระเป๋าผ้าแคนวาส,1,320.00,0.00,320.00,17.12,10.27,6.85,15.00,270.76
2626071001756,10/07/2569,BZ-ACC-001,กระเป๋าผ้าแคนวาส,1,320.00,0.00,320.00,17.12,10.27,6.85,0.00,285.76
2626071001757,10/07/2569,BZ-ACC-001,กระเป๋าผ้าแคนวาส,1,320.00,0.00,320.00,17.12,10.27,6.85,15.00,270.76
2626071001758,10/07/2569,BZ-ACC-001,กระเป๋าผ้าแคนวาส,2,640.00,64.00,576.00,30.82,18.49,12.33,0.00,514.37
2626071001759,10/07/2569,BZ-ACC-001,กระเป๋าผ้าแคนวาส,1,320.00,0.00,320.00,17.12,10.27,6.85,0.00,285.76
2626071001760,10/07/2569,BZ-ACC-001,กระเป๋าผ้าแคนวาส,1,320.00,0.00,320.00,17.12,10.27,6.85,0.00,285.76
2626071001761,10/07/2569,BZ-ACC-001,กระเป๋าผ้าแคนวาส,1,320.00,32.00,288.00,15.41,9.24,6.16,0.00,257.18
2626071001762,10/07/2569,BZ-ACC-001,กระเป๋าผ้าแคนวาส,1,320.00,0.00,320.00,17.12,10.27,6.85,15.00,270.76
2626071001763,10/07/2569,BZ-ACC-001,กระเป๋าผ้าแคนวาส,1,320.00,0.00,320.00,17.12,10.27,6.85,0.00,285.76
2626071001764,10/07/2569,BZ-ACC-001,กระเป๋าผ้าแคนวาส,1,320.00,0.00,320.00,17.12,10.27,6.85,0.00,285.76
2626071001765,10/07/2569,BZ-ACC-001,กระเป๋าผ้าแคนวาส,1,320.00,0.00,320.00,17.12,10.27,6.85,0.00,285.76
2626071001766,10/07/2569,BZ-SKN-001,เซรั่มวิตามินซี 30ml,1,590.00,0.00,590.00,31.56,18.94,12.63,0.00,526.87
2626071001767,10/07/2569,BZ-SKN-001,เซรั่มวิตามินซี 30ml,1,590.00,59.00,531.00,28.41,17.05,11.36,0.00,474.18
2626071001768,10/07/2569,BZ-ELC-001,หูฟังบลูทูธไร้สาย,1,690.00,0.00,690.00,36.91,22.15,14.77,15.00,601.17
2626071001769,10/07/2569,BZ-BND-001,เซตของขวัญรวม 3 ชิ้น,1,1190.00,119.00,1071.00,57.30,34.38,22.92,15.00,941.40
2626071001770,10/07/2569,BZ-ELC-001,หูฟังบลูทูธไร้สาย,1,690.00,0.00,690.00,36.91,22.15,14.77,15.00,601.17
2626071001771,10/07/2569,BZ-ELC-001,หูฟังบลูทูธไร้สาย,1,690.00,0.00,690.00,36.91,22.15,14.77,15.00,601.17
2626071001772,10/07/2569,BZ-ELC-001,หูฟังบลูทูธไร้สาย,1,690.00,0.00,690.00,36.91,22.15,14.77,0.00,616.17
2626071001773,10/07/2569,BZ-ELC-001,หูฟังบลูทูธไร้สาย,1,690.00,0.00,690.00,36.91,22.15,14.77,0.00,616.17
2626071001774,10/07/2569,BZ-ELC-001,หูฟังบลูทูธไร้สาย,1,690.00,0.00,690.00,36.91,22.15,14.77,15.00,601.17
2626071001775,10/07/2569,BZ-ELC-001,หูฟังบลูทูธไร้สาย,1,690.00,0.00,690.00,36.91,22.15,14.77,15.00,601.17
2626071001776,10/07/2569,BZ-ELC-001,หูฟังบลูทูธไร้สาย,1,690.00,0.00,690.00,36.91,22.15,14.77,0.00,616.17
2626071001777,10/07/2569,BZ-ELC-001,หูฟังบลูทูธไร้สาย,1,690.00,69.00,621.00,33.22,19.93,13.29,15.00,539.55
2626071001778,10/07/2569,BZ-ELC-001,หูฟังบลูทูธไร้สาย,1,690.00,0.00,690.00,36.91,22.15,14.77,0.00,616.17
2626071001779,10/07/2569,BZ-ELC-001,หูฟังบลูทูธไร้สาย,1,690.00,0.00,690.00,36.91,22.15,14.77,15.00,601.17
2626071001780,10/07/2569,BZ-ELC-001,หูฟังบลูทูธไร้สาย,1,690.00,69.00,621.00,33.22,19.93,13.29,15.00,539.55
2626071001781,10/07/2569,BZ-ELC-001,หูฟังบลูทูธไร้สาย,1,690.00,0.00,690.00,36.91,22.15,14.77,15.00,601.17
2626071001782,10/07/2569,BZ-ELC-001,หูฟังบลูทูธไร้สาย,1,690.00,0.00,690.00,36.91,22.15,14.77,0.00,616.17
2626071001783,10/07/2569,BZ-ELC-001,หูฟังบลูทูธไร้สาย,1,690.00,0.00,690.00,36.91,22.15,14.77,0.00,616.17
2626071001784,10/07/2569,BZ-ELC-001,หูฟังบลูทูธไร้สาย,1,690.00,69.00,621.00,33.22,19.93,13.29,0.00,554.55
2626071001785,10/07/2569,BZ-ELC-001,หูฟังบลูทูธไร้สาย,1,690.00,0.00,690.00,36.91,22.15,14.77,15.00,601.17
2626071001786,10/07/2569,BZ-SKN-001,เซรั่มวิตามินซี 30ml,2,1180.00,118.00,1062.00,56.82,34.09,22.73,0.00,948.37
2626071001787,10/07/2569,BZ-BND-001,เซตของขวัญรวม 3 ชิ้น,1,1190.00,119.00,1071.00,57.30,34.38,22.92,0.00,956.40
2626071001788,10/07/2569,BZ-BND-001,เซตของขวัญรวม 3 ชิ้น,1,1190.00,119.00,1071.00,57.30,34.38,22.92,15.00,941.40
2626071001789,10/07/2569,BZ-BND-001,เซตของขวัญรวม 3 ชิ้น,1,1190.00,0.00,1190.00,63.66,38.20,25.47,0.00,1062.67
2626071001790,10/07/2569,BZ-BND-001,เซตของขวัญรวม 3 ชิ้น,1,1190.00,119.00,1071.00,57.30,34.38,22.92,0.00,956.40
2626071001791,10/07/2569,BZ-BND-001,เซตของขวัญรวม 3 ชิ้น,1,1190.00,0.00,1190.00,63.66,38.20,25.47,15.00,1047.67
2626071001792,10/07/2569,BZ-BND-001,เซตของขวัญรวม 3 ชิ้น,1,1190.00,119.00,1071.00,57.30,34.38,22.92,0.00,956.40
2626071001793,10/07/2569,BZ-BND-001,เซตของขวัญรวม 3 ชิ้น,1,1190.00,0.00,1190.00,63.66,38.20,25.47,0.00,1062.67
2626071001794,10/07/2569,BZ-BND-001,เซตของขวัญรวม 3 ชิ้น,2,2380.00,238.00,2142.00,114.60,68.76,45.84,15.00,1897.81
2626071001795,10/07/2569,BZ-SKN-001,เซรั่มวิตามินซี 30ml,1,590.00,0.00,590.00,31.56,18.94,12.63,0.00,526.87
2626071101796,11/07/2569,BZ-SKN-001,เซรั่มวิตามินซี 30ml,1,590.00,59.00,531.00,28.41,17.05,11.36,15.00,459.18
2626071101797,11/07/2569,BZ-SKN-001,เซรั่มวิตามินซี 30ml,1,590.00,0.00,590.00,31.56,18.94,12.63,0.00,526.87
2626071101798,11/07/2569,BZ-SKN-001,เซรั่มวิตามินซี 30ml,1,590.00,0.00,590.00,31.56,18.94,12.63,0.00,526.87
2626071101799,11/07/2569,BZ-SKN-001,เซรั่มวิตามินซี 30ml,1,590.00,0.00,590.00,31.56,18.94,12.63,15.00,511.87
2626071101800,11/07/2569,BZ-SKN-001,เซรั่มวิตามินซี 30ml,1,590.00,0.00,590.00,31.56,18.94,12.63,0.00,526.87
2626071101801,11/07/2569,BZ-SKN-001,เซรั่มวิตามินซี 30ml,1,590.00,0.00,590.00,31.56,18.94,12.63,0.00,526.87
2626071101802,11/07/2569,BZ-SKN-001,เซรั่มวิตามินซี 30ml,2,1180.00,0.00,1180.00,63.13,37.88,25.25,0.00,1053.74
2626071101803,11/07/2569,BZ-SKN-001,เซรั่มวิตามินซี 30ml,1,590.00,59.00,531.00,28.41,17.05,11.36,0.00,474.18
2626071101804,11/07/2569,BZ-SKN-001,เซรั่มวิตามินซี 30ml,1,590.00,0.00,590.00,31.56,18.94,12.63,15.00,511.87
2626071101805,11/07/2569,BZ-SKN-001,เซรั่มวิตามินซี 30ml,2,1180.00,0.00,1180.00,63.13,37.88,25.25,15.00,1038.74
2626071101806,11/07/2569,BZ-SKN-001,เซรั่มวิตามินซี 30ml,1,590.00,0.00,590.00,31.56,18.94,12.63,0.00,526.87
2626071101807,11/07/2569,BZ-SKN-001,เซรั่มวิตามินซี 30ml,1,590.00,0.00,590.00,31.56,18.94,12.63,15.00,511.87
2626071101808,11/07/2569,BZ-SKN-001,เซรั่มวิตามินซี 30ml,1,590.00,59.00,531.00,28.41,17.05,11.36,0.00,474.18
2626071101809,11/07/2569,BZ-SKN-001,เซรั่มวิตามินซี 30ml,2,1180.00,0.00,1180.00,63.13,37.88,25.25,0.00,1053.74
2626071101810,11/07/2569,BZ-SKN-001,เซรั่มวิตามินซี 30ml,1,590.00,59.00,531.00,28.41,17.05,11.36,0.00,474.18
2626071101811,11/07/2569,BZ-SKN-001,เซรั่มวิตามินซี 30ml,2,1180.00,0.00,1180.00,63.13,37.88,25.25,15.00,1038.74
2626071101812,11/07/2569,BZ-SKN-001,เซรั่มวิตามินซี 30ml,1,590.00,0.00,590.00,31.56,18.94,12.63,0.00,526.87
2626071101813,11/07/2569,BZ-SKN-001,เซรั่มวิตามินซี 30ml,1,590.00,59.00,531.00,28.41,17.05,11.36,0.00,474.18
2626071101814,11/07/2569,BZ-SKN-001,เซรั่มวิตามินซี 30ml,1,590.00,59.00,531.00,28.41,17.05,11.36,0.00,474.18
2626071101815,11/07/2569,BZ-SKN-001,เซรั่มวิตามินซี 30ml,1,590.00,59.00,531.00,28.41,17.05,11.36,15.00,459.18
2626071101816,11/07/2569,BZ-SKN-001,เซรั่มวิตามินซี 30ml,1,590.00,0.00,590.00,31.56,18.94,12.63,0.00,526.87
2626071101817,11/07/2569,BZ-SKN-001,เซรั่มวิตามินซี 30ml,2,1180.00,118.00,1062.00,56.82,34.09,22.73,0.00,948.37
2626071101818,11/07/2569,BZ-SKN-001,เซรั่มวิตามินซี 30ml,1,590.00,0.00,590.00,31.56,18.94,12.63,15.00,511.87
2626071101819,11/07/2569,BZ-SKN-001,เซรั่มวิตามินซี 30ml,1,590.00,59.00,531.00,28.41,17.05,11.36,15.00,459.18
2626071101820,11/07/2569,BZ-SKN-001,เซรั่มวิตามินซี 30ml,1,590.00,59.00,531.00,28.41,17.05,11.36,15.00,459.18
2626071101821,11/07/2569,BZ-SKN-001,เซรั่มวิตามินซี 30ml,1,590.00,0.00,590.00,31.56,18.94,12.63,0.00,526.87
2626071101822,11/07/2569,BZ-SKN-001,เซรั่มวิตามินซี 30ml,1,590.00,0.00,590.00,31.56,18.94,12.63,0.00,526.87
2626071101823,11/07/2569,BZ-SKN-001,เซรั่มวิตามินซี 30ml,1,590.00,0.00,590.00,31.56,18.94,12.63,0.00,526.87
2626071101824,11/07/2569,BZ-SKN-001,เซรั่มวิตามินซี 30ml,1,590.00,59.00,531.00,28.41,17.05,11.36,0.00,474.18
2626071101825,11/07/2569,BZ-SKN-001,เซรั่มวิตามินซี 30ml,1,590.00,0.00,590.00,31.56,18.94,12.63,15.00,511.87
2626071101826,11/07/2569,BZ-SKN-001,เซรั่มวิตามินซี 30ml,1,590.00,0.00,590.00,31.56,18.94,12.63,0.00,526.87
2626071101827,11/07/2569,BZ-SKN-001,เซรั่มวิตามินซี 30ml,1,590.00,0.00,590.00,31.56,18.94,12.63,0.00,526.87
2626071101828,11/07/2569,BZ-SKN-001,เซรั่มวิตามินซี 30ml,1,590.00,0.00,590.00,31.56,18.94,12.63,15.00,511.87
2626071101829,11/07/2569,BZ-SKN-001,เซรั่มวิตามินซี 30ml,1,590.00,0.00,590.00,31.56,18.94,12.63,0.00,526.87
2626071101830,11/07/2569,BZ-SKN-001,เซรั่มวิตามินซี 30ml,1,590.00,0.00,590.00,31.56,18.94,12.63,0.00,526.87
2626071101831,11/07/2569,BZ-SKN-001,เซรั่มวิตามินซี 30ml,2,1180.00,0.00,1180.00,63.13,37.88,25.25,0.00,1053.74
2626071101832,11/07/2569,BZ-SKN-001,เซรั่มวิตามินซี 30ml,1,590.00,0.00,590.00,31.56,18.94,12.63,15.00,511.87
2626071101833,11/07/2569,BZ-ACC-002,ขวดน้ำเก็บความเย็น 500ml,2,760.00,0.00,760.00,40.66,24.40,16.26,0.00,678.68
2626071101834,11/07/2569,BZ-BND-001,เซตของขวัญรวม 3 ชิ้น,1,1190.00,119.00,1071.00,57.30,34.38,22.92,0.00,956.40
2626071101835,11/07/2569,BZ-ACC-002,ขวดน้ำเก็บความเย็น 500ml,2,760.00,0.00,760.00,40.66,24.40,16.26,0.00,678.68
2626071101836,11/07/2569,BZ-ELC-001,หูฟังบลูทูธไร้สาย,2,1380.00,138.00,1242.00,66.45,39.87,26.58,15.00,1094.11
2626071101837,11/07/2569,BZ-ELC-001,หูฟังบลูทูธไร้สาย,2,1380.00,0.00,1380.00,73.83,44.30,29.53,15.00,1217.34
2626071101838,11/07/2569,BZ-ACC-002,ขวดน้ำเก็บความเย็น 500ml,1,380.00,0.00,380.00,20.33,12.20,8.13,0.00,339.34
2626071101839,11/07/2569,BZ-ACC-002,ขวดน้ำเก็บความเย็น 500ml,1,380.00,0.00,380.00,20.33,12.20,8.13,0.00,339.34
2626071101840,11/07/2569,BZ-ACC-002,ขวดน้ำเก็บความเย็น 500ml,1,380.00,0.00,380.00,20.33,12.20,8.13,15.00,324.34
2626071101841,11/07/2569,BZ-BND-001,เซตของขวัญรวม 3 ชิ้น,1,1190.00,119.00,1071.00,57.30,34.38,22.92,15.00,941.40
2626071101842,11/07/2569,BZ-SUP-001,คอลลาเจนเปปไทด์ 200g,1,890.00,0.00,890.00,47.62,28.57,19.05,0.00,794.77
2626071101843,11/07/2569,BZ-ACC-001,กระเป๋าผ้าแคนวาส,1,320.00,0.00,320.00,17.12,10.27,6.85,15.00,270.76
2626071101844,11/07/2569,BZ-SUP-001,คอลลาเจนเปปไทด์ 200g,1,890.00,89.00,801.00,42.85,25.71,17.14,15.00,700.29
2626071101845,11/07/2569,BZ-SUP-001,คอลลาเจนเปปไทด์ 200g,1,890.00,89.00,801.00,42.85,25.71,17.14,0.00,715.29
2626071101846,11/07/2569,BZ-SUP-001,คอลลาเจนเปปไทด์ 200g,1,890.00,0.00,890.00,47.62,28.57,19.05,0.00,794.77
2626071101847,11/07/2569,BZ-SUP-001,คอลลาเจนเปปไทด์ 200g,1,890.00,0.00,890.00,47.62,28.57,19.05,0.00,794.77
2626071101848,11/07/2569,BZ-SUP-001,คอลลาเจนเปปไทด์ 200g,1,890.00,89.00,801.00,42.85,25.71,17.14,0.00,715.29
2626071101849,11/07/2569,BZ-SUP-001,คอลลาเจนเปปไทด์ 200g,1,890.00,0.00,890.00,47.62,28.57,19.05,0.00,794.77
2626071101850,11/07/2569,BZ-SUP-001,คอลลาเจนเปปไทด์ 200g,1,890.00,0.00,890.00,47.62,28.57,19.05,15.00,779.77
2626071101851,11/07/2569,BZ-SUP-001,คอลลาเจนเปปไทด์ 200g,1,890.00,89.00,801.00,42.85,25.71,17.14,0.00,715.29
2626071101852,11/07/2569,BZ-SUP-001,คอลลาเจนเปปไทด์ 200g,2,1780.00,0.00,1780.00,95.23,57.14,38.09,0.00,1589.54
2626071101853,11/07/2569,BZ-SUP-001,คอลลาเจนเปปไทด์ 200g,1,890.00,0.00,890.00,47.62,28.57,19.05,0.00,794.77
2626071101854,11/07/2569,BZ-SUP-001,คอลลาเจนเปปไทด์ 200g,1,890.00,89.00,801.00,42.85,25.71,17.14,0.00,715.29
2626071101855,11/07/2569,BZ-SUP-001,คอลลาเจนเปปไทด์ 200g,1,890.00,0.00,890.00,47.62,28.57,19.05,0.00,794.77
2626071101856,11/07/2569,BZ-SUP-001,คอลลาเจนเปปไทด์ 200g,1,890.00,89.00,801.00,42.85,25.71,17.14,15.00,700.29
2626071101857,11/07/2569,BZ-SUP-001,คอลลาเจนเปปไทด์ 200g,1,890.00,89.00,801.00,42.85,25.71,17.14,0.00,715.29
2626071101858,11/07/2569,BZ-SUP-001,คอลลาเจนเปปไทด์ 200g,1,890.00,0.00,890.00,47.62,28.57,19.05,0.00,794.77
2626071101859,11/07/2569,BZ-SUP-001,คอลลาเจนเปปไทด์ 200g,1,890.00,0.00,890.00,47.62,28.57,19.05,0.00,794.77
2626071101860,11/07/2569,BZ-SUP-001,คอลลาเจนเปปไทด์ 200g,2,1780.00,0.00,1780.00,95.23,57.14,38.09,0.00,1589.54
2626071101861,11/07/2569,BZ-SUP-001,คอลลาเจนเปปไทด์ 200g,2,1780.00,0.00,1780.00,95.23,57.14,38.09,0.00,1589.54
2626071101862,11/07/2569,BZ-SUP-001,คอลลาเจนเปปไทด์ 200g,1,890.00,89.00,801.00,42.85,25.71,17.14,0.00,715.29
2626071101863,11/07/2569,BZ-SUP-001,คอลลาเจนเปปไทด์ 200g,1,890.00,89.00,801.00,42.85,25.71,17.14,0.00,715.29
2626071101864,11/07/2569,BZ-SUP-001,คอลลาเจนเปปไทด์ 200g,2,1780.00,0.00,1780.00,95.23,57.14,38.09,0.00,1589.54
2626071101865,11/07/2569,BZ-SUP-001,คอลลาเจนเปปไทด์ 200g,1,890.00,0.00,890.00,47.62,28.57,19.05,15.00,779.77
2626071101866,11/07/2569,BZ-SUP-001,คอลลาเจนเปปไทด์ 200g,1,890.00,0.00,890.00,47.62,28.57,19.05,0.00,794.77
2626071101867,11/07/2569,BZ-SKN-002,ครีมกันแดด SPF50 50g,1,450.00,45.00,405.00,21.67,13.00,8.67,15.00,346.67
2626071101868,11/07/2569,BZ-ELC-001,หูฟังบลูทูธไร้สาย,2,1380.00,138.00,1242.00,66.45,39.87,26.58,0.00,1109.11
2626071101869,11/07/2569,BZ-SKN-001,เซรั่มวิตามินซี 30ml,1,590.00,0.00,590.00,31.56,18.94,12.63,0.00,526.87
2626071101870,11/07/2569,BZ-SKN-002,ครีมกันแดด SPF50 50g,1,450.00,0.00,450.00,24.07,14.44,9.63,0.00,401.85
2626071101871,11/07/2569,BZ-ACC-001,กระเป๋าผ้าแคนวาส,1,320.00,0.00,320.00,17.12,10.27,6.85,0.00,285.76
2626071101872,11/07/2569,BZ-ACC-001,กระเป๋าผ้าแคนวาส,2,640.00,0.00,640.00,34.24,20.54,13.70,0.00,571.52
2626071101873,11/07/2569,BZ-ACC-001,กระเป๋าผ้าแคนวาส,1,320.00,32.00,288.00,15.41,9.24,6.16,0.00,257.18
2626071101874,11/07/2569,BZ-ACC-001,กระเป๋าผ้าแคนวาส,2,640.00,0.00,640.00,34.24,20.54,13.70,0.00,571.52
2626071101875,11/07/2569,BZ-ACC-001,กระเป๋าผ้าแคนวาส,1,320.00,32.00,288.00,15.41,9.24,6.16,15.00,242.18
2626071101876,11/07/2569,BZ-ACC-001,กระเป๋าผ้าแคนวาส,1,320.00,0.00,320.00,17.12,10.27,6.85,15.00,270.76
2626071101877,11/07/2569,BZ-ACC-001,กระเป๋าผ้าแคนวาส,1,320.00,32.00,288.00,15.41,9.24,6.16,15.00,242.18
2626071101878,11/07/2569,BZ-ACC-001,กระเป๋าผ้าแคนวาส,1,320.00,0.00,320.00,17.12,10.27,6.85,0.00,285.76
2626071101879,11/07/2569,BZ-ACC-001,กระเป๋าผ้าแคนวาส,1,320.00,32.00,288.00,15.41,9.24,6.16,0.00,257.18
2626071101880,11/07/2569,BZ-ACC-001,กระเป๋าผ้าแคนวาส,1,320.00,32.00,288.00,15.41,9.24,6.16,0.00,257.18
2626071101881,11/07/2569,BZ-ACC-001,กระเป๋าผ้าแคนวาส,1,320.00,32.00,288.00,15.41,9.24,6.16,0.00,257.18
2626071101882,11/07/2569,BZ-BND-001,เซตของขวัญรวม 3 ชิ้น,1,1190.00,0.00,1190.00,63.66,38.20,25.47,0.00,1062.67
2626071101883,11/07/2569,BZ-SKN-002,ครีมกันแดด SPF50 50g,1,450.00,0.00,450.00,24.07,14.44,9.63,0.00,401.85
2626071101884,11/07/2569,BZ-BND-001,เซตของขวัญรวม 3 ชิ้น,1,1190.00,119.00,1071.00,57.30,34.38,22.92,0.00,956.40
2626071101885,11/07/2569,BZ-ELC-001,หูฟังบลูทูธไร้สาย,1,690.00,0.00,690.00,36.91,22.15,14.77,0.00,616.17
2626071101886,11/07/2569,BZ-ELC-001,หูฟังบลูทูธไร้สาย,1,690.00,0.00,690.00,36.91,22.15,14.77,0.00,616.17
2626071101887,11/07/2569,BZ-ELC-001,หูฟังบลูทูธไร้สาย,1,690.00,0.00,690.00,36.91,22.15,14.77,0.00,616.17
2626071101888,11/07/2569,BZ-ELC-001,หูฟังบลูทูธไร้สาย,1,690.00,0.00,690.00,36.91,22.15,14.77,0.00,616.17
2626071101889,11/07/2569,BZ-ELC-001,หูฟังบลูทูธไร้สาย,1,690.00,0.00,690.00,36.91,22.15,14.77,0.00,616.17
2626071101890,11/07/2569,BZ-ELC-001,หูฟังบลูทูธไร้สาย,2,1380.00,0.00,1380.00,73.83,44.30,29.53,0.00,1232.34
2626071101891,11/07/2569,BZ-ELC-001,หูฟังบลูทูธไร้สาย,1,690.00,69.00,621.00,33.22,19.93,13.29,0.00,554.55
2626071101892,11/07/2569,BZ-ELC-001,หูฟังบลูทูธไร้สาย,1,690.00,0.00,690.00,36.91,22.15,14.77,15.00,601.17
2626071101893,11/07/2569,BZ-ELC-001,หูฟังบลูทูธไร้สาย,1,690.00,69.00,621.00,33.22,19.93,13.29,0.00,554.55
2626071101894,11/07/2569,BZ-ELC-001,หูฟังบลูทูธไร้สาย,1,690.00,69.00,621.00,33.22,19.93,13.29,0.00,554.55
2626071101895,11/07/2569,BZ-ELC-001,หูฟังบลูทูธไร้สาย,1,690.00,0.00,690.00,36.91,22.15,14.77,0.00,616.17
2626071101896,11/07/2569,BZ-ELC-001,หูฟังบลูทูธไร้สาย,2,1380.00,138.00,1242.00,66.45,39.87,26.58,0.00,1109.11
2626071101897,11/07/2569,BZ-ELC-001,หูฟังบลูทูธไร้สาย,2,1380.00,0.00,1380.00,73.83,44.30,29.53,0.00,1232.34
2626071101898,11/07/2569,BZ-ELC-001,หูฟังบลูทูธไร้สาย,1,690.00,0.00,690.00,36.91,22.15,14.77,0.00,616.17
2626071101899,11/07/2569,BZ-ELC-001,หูฟังบลูทูธไร้สาย,2,1380.00,0.00,1380.00,73.83,44.30,29.53,0.00,1232.34
2626071101900,11/07/2569,BZ-ELC-001,หูฟังบลูทูธไร้สาย,1,690.00,0.00,690.00,36.91,22.15,14.77,0.00,616.17
2626071101901,11/07/2569,BZ-ELC-001,หูฟังบลูทูธไร้สาย,1,690.00,0.00,690.00,36.91,22.15,14.77,0.00,616.17
2626071101902,11/07/2569,BZ-ELC-001,หูฟังบลูทูธไร้สาย,2,1380.00,0.00,1380.00,73.83,44.30,29.53,0.00,1232.34
2626071101903,11/07/2569,BZ-ELC-001,หูฟังบลูทูธไร้สาย,2,1380.00,0.00,1380.00,73.83,44.30,29.53,0.00,1232.34
2626071101904,11/07/2569,BZ-ELC-001,หูฟังบลูทูธไร้สาย,1,690.00,0.00,690.00,36.91,22.15,14.77,15.00,601.17
2626071101905,11/07/2569,BZ-ELC-001,หูฟังบลูทูธไร้สาย,1,690.00,0.00,690.00,36.91,22.15,14.77,15.00,601.17
2626071101906,11/07/2569,BZ-ACC-001,กระเป๋าผ้าแคนวาส,1,320.00,0.00,320.00,17.12,10.27,6.85,0.00,285.76
2626071101907,11/07/2569,BZ-ACC-001,กระเป๋าผ้าแคนวาส,1,320.00,32.00,288.00,15.41,9.24,6.16,0.00,257.18
2626071101908,11/07/2569,BZ-BND-001,เซตของขวัญรวม 3 ชิ้น,1,1190.00,0.00,1190.00,63.66,38.20,25.47,15.00,1047.67
2626071101909,11/07/2569,BZ-BND-001,เซตของขวัญรวม 3 ชิ้น,2,2380.00,0.00,2380.00,127.33,76.40,50.93,0.00,2125.34
2626071101910,11/07/2569,BZ-BND-001,เซตของขวัญรวม 3 ชิ้น,1,1190.00,0.00,1190.00,63.66,38.20,25.47,15.00,1047.67
2626071101911,11/07/2569,BZ-BND-001,เซตของขวัญรวม 3 ชิ้น,1,1190.00,0.00,1190.00,63.66,38.20,25.47,0.00,1062.67
2626071101912,11/07/2569,BZ-BND-001,เซตของขวัญรวม 3 ชิ้น,1,1190.00,0.00,1190.00,63.66,38.20,25.47,15.00,1047.67
2626071101913,11/07/2569,BZ-BND-001,เซตของขวัญรวม 3 ชิ้น,1,1190.00,119.00,1071.00,57.30,34.38,22.92,15.00,941.40
2626071101914,11/07/2569,BZ-BND-001,เซตของขวัญรวม 3 ชิ้น,1,1190.00,0.00,1190.00,63.66,38.20,25.47,0.00,1062.67
2626071101915,11/07/2569,BZ-BND-001,เซตของขวัญรวม 3 ชิ้น,2,2380.00,0.00,2380.00,127.33,76.40,50.93,0.00,2125.34
2626071101916,11/07/2569,BZ-BND-001,เซตของขวัญรวม 3 ชิ้น,1,1190.00,0.00,1190.00,63.66,38.20,25.47,0.00,1062.67
2626071101917,11/07/2569,BZ-BND-001,เซตของขวัญรวม 3 ชิ้น,1,1190.00,119.00,1071.00,57.30,34.38,22.92,15.00,941.40
2626071101918,11/07/2569,BZ-BND-001,เซตของขวัญรวม 3 ชิ้น,2,2380.00,0.00,2380.00,127.33,76.40,50.93,15.00,2110.34
2626071101919,11/07/2569,BZ-BND-001,เซตของขวัญรวม 3 ชิ้น,2,2380.00,238.00,2142.00,114.60,68.76,45.84,0.00,1912.81
2626071101920,11/07/2569,BZ-BND-001,เซตของขวัญรวม 3 ชิ้น,2,2380.00,0.00,2380.00,127.33,76.40,50.93,0.00,2125.34
2626071101921,11/07/2569,BZ-BND-001,เซตของขวัญรวม 3 ชิ้น,1,1190.00,0.00,1190.00,63.66,38.20,25.47,15.00,1047.67
2626071101922,11/07/2569,BZ-BND-001,เซตของขวัญรวม 3 ชิ้น,1,1190.00,119.00,1071.00,57.30,34.38,22.92,0.00,956.40
2626071101923,11/07/2569,BZ-BND-001,เซตของขวัญรวม 3 ชิ้น,1,1190.00,119.00,1071.00,57.30,34.38,22.92,0.00,956.40
2626071101924,11/07/2569,BZ-BND-001,เซตของขวัญรวม 3 ชิ้น,1,1190.00,0.00,1190.00,63.66,38.20,25.47,15.00,1047.67
2626071101925,11/07/2569,BZ-ACC-002,ขวดน้ำเก็บความเย็น 500ml,1,380.00,0.00,380.00,20.33,12.20,8.13,0.00,339.34
2626071101926,11/07/2569,BZ-ACC-001,กระเป๋าผ้าแคนวาส,1,320.00,0.00,320.00,17.12,10.27,6.85,0.00,285.76
2626071201927,12/07/2569,BZ-SKN-001,เซรั่มวิตามินซี 30ml,1,590.00,0.00,590.00,31.56,18.94,12.63,0.00,526.87
2626071201928,12/07/2569,BZ-SKN-001,เซรั่มวิตามินซี 30ml,1,590.00,0.00,590.00,31.56,18.94,12.63,0.00,526.87
2626071201929,12/07/2569,BZ-SKN-001,เซรั่มวิตามินซี 30ml,2,1180.00,0.00,1180.00,63.13,37.88,25.25,15.00,1038.74
2626071201930,12/07/2569,BZ-SKN-001,เซรั่มวิตามินซี 30ml,1,590.00,59.00,531.00,28.41,17.05,11.36,15.00,459.18
2626071201931,12/07/2569,BZ-SKN-001,เซรั่มวิตามินซี 30ml,1,590.00,0.00,590.00,31.56,18.94,12.63,0.00,526.87
2626071201932,12/07/2569,BZ-SKN-001,เซรั่มวิตามินซี 30ml,1,590.00,59.00,531.00,28.41,17.05,11.36,0.00,474.18
2626071201933,12/07/2569,BZ-SKN-001,เซรั่มวิตามินซี 30ml,1,590.00,0.00,590.00,31.56,18.94,12.63,0.00,526.87
2626071201934,12/07/2569,BZ-SKN-001,เซรั่มวิตามินซี 30ml,1,590.00,0.00,590.00,31.56,18.94,12.63,15.00,511.87
2626071201935,12/07/2569,BZ-SKN-001,เซรั่มวิตามินซี 30ml,1,590.00,59.00,531.00,28.41,17.05,11.36,15.00,459.18
2626071201936,12/07/2569,BZ-SKN-001,เซรั่มวิตามินซี 30ml,2,1180.00,118.00,1062.00,56.82,34.09,22.73,0.00,948.37
2626071201937,12/07/2569,BZ-SKN-001,เซรั่มวิตามินซี 30ml,2,1180.00,0.00,1180.00,63.13,37.88,25.25,15.00,1038.74
2626071201938,12/07/2569,BZ-SKN-001,เซรั่มวิตามินซี 30ml,2,1180.00,0.00,1180.00,63.13,37.88,25.25,0.00,1053.74
2626071201939,12/07/2569,BZ-SKN-001,เซรั่มวิตามินซี 30ml,1,590.00,0.00,590.00,31.56,18.94,12.63,15.00,511.87
2626071201940,12/07/2569,BZ-SKN-001,เซรั่มวิตามินซี 30ml,2,1180.00,118.00,1062.00,56.82,34.09,22.73,15.00,933.37
2626071201941,12/07/2569,BZ-SKN-001,เซรั่มวิตามินซี 30ml,1,590.00,0.00,590.00,31.56,18.94,12.63,15.00,511.87
2626071201942,12/07/2569,BZ-SKN-001,เซรั่มวิตามินซี 30ml,1,590.00,0.00,590.00,31.56,18.94,12.63,0.00,526.87
2626071201943,12/07/2569,BZ-SKN-001,เซรั่มวิตามินซี 30ml,2,1180.00,0.00,1180.00,63.13,37.88,25.25,15.00,1038.74
2626071201944,12/07/2569,BZ-SKN-001,เซรั่มวิตามินซี 30ml,2,1180.00,0.00,1180.00,63.13,37.88,25.25,15.00,1038.74
2626071201945,12/07/2569,BZ-SKN-001,เซรั่มวิตามินซี 30ml,1,590.00,59.00,531.00,28.41,17.05,11.36,15.00,459.18
2626071201946,12/07/2569,BZ-SKN-001,เซรั่มวิตามินซี 30ml,1,590.00,0.00,590.00,31.56,18.94,12.63,0.00,526.87
2626071201947,12/07/2569,BZ-SKN-001,เซรั่มวิตามินซี 30ml,1,590.00,59.00,531.00,28.41,17.05,11.36,0.00,474.18
2626071201948,12/07/2569,BZ-SKN-001,เซรั่มวิตามินซี 30ml,1,590.00,0.00,590.00,31.56,18.94,12.63,0.00,526.87
2626071201949,12/07/2569,BZ-SKN-001,เซรั่มวิตามินซี 30ml,2,1180.00,0.00,1180.00,63.13,37.88,25.25,0.00,1053.74
2626071201950,12/07/2569,BZ-SKN-001,เซรั่มวิตามินซี 30ml,1,590.00,59.00,531.00,28.41,17.05,11.36,0.00,474.18
2626071201951,12/07/2569,BZ-SKN-001,เซรั่มวิตามินซี 30ml,1,590.00,0.00,590.00,31.56,18.94,12.63,0.00,526.87
2626071201952,12/07/2569,BZ-SKN-001,เซรั่มวิตามินซี 30ml,1,590.00,59.00,531.00,28.41,17.05,11.36,0.00,474.18
2626071201953,12/07/2569,BZ-SKN-001,เซรั่มวิตามินซี 30ml,1,590.00,0.00,590.00,31.56,18.94,12.63,15.00,511.87
2626071201954,12/07/2569,BZ-SKN-001,เซรั่มวิตามินซี 30ml,1,590.00,0.00,590.00,31.56,18.94,12.63,0.00,526.87
2626071201955,12/07/2569,BZ-SKN-001,เซรั่มวิตามินซี 30ml,1,590.00,0.00,590.00,31.56,18.94,12.63,15.00,511.87
2626071201956,12/07/2569,BZ-SKN-001,เซรั่มวิตามินซี 30ml,1,590.00,0.00,590.00,31.56,18.94,12.63,0.00,526.87
2626071201957,12/07/2569,BZ-SKN-001,เซรั่มวิตามินซี 30ml,1,590.00,0.00,590.00,31.56,18.94,12.63,15.00,511.87
2626071201958,12/07/2569,BZ-SKN-001,เซรั่มวิตามินซี 30ml,1,590.00,0.00,590.00,31.56,18.94,12.63,0.00,526.87
2626071201959,12/07/2569,BZ-SKN-001,เซรั่มวิตามินซี 30ml,1,590.00,0.00,590.00,31.56,18.94,12.63,0.00,526.87
2626071201960,12/07/2569,BZ-SKN-001,เซรั่มวิตามินซี 30ml,1,590.00,59.00,531.00,28.41,17.05,11.36,0.00,474.18
2626071201961,12/07/2569,BZ-SKN-001,เซรั่มวิตามินซี 30ml,1,590.00,59.00,531.00,28.41,17.05,11.36,0.00,474.18
2626071201962,12/07/2569,BZ-SKN-001,เซรั่มวิตามินซี 30ml,1,590.00,59.00,531.00,28.41,17.05,11.36,15.00,459.18
2626071201963,12/07/2569,BZ-SKN-001,เซรั่มวิตามินซี 30ml,1,590.00,59.00,531.00,28.41,17.05,11.36,0.00,474.18
2626071201964,12/07/2569,BZ-SKN-001,เซรั่มวิตามินซี 30ml,1,590.00,59.00,531.00,28.41,17.05,11.36,0.00,474.18
2626071201965,12/07/2569,BZ-SKN-001,เซรั่มวิตามินซี 30ml,2,1180.00,118.00,1062.00,56.82,34.09,22.73,0.00,948.37
2626071201966,12/07/2569,BZ-SKN-001,เซรั่มวิตามินซี 30ml,1,590.00,59.00,531.00,28.41,17.05,11.36,0.00,474.18
2626071201967,12/07/2569,BZ-SKN-001,เซรั่มวิตามินซี 30ml,1,590.00,0.00,590.00,31.56,18.94,12.63,0.00,526.87
2626071201968,12/07/2569,BZ-SKN-001,เซรั่มวิตามินซี 30ml,1,590.00,0.00,590.00,31.56,18.94,12.63,0.00,526.87
2626071201969,12/07/2569,BZ-SKN-001,เซรั่มวิตามินซี 30ml,1,590.00,59.00,531.00,28.41,17.05,11.36,15.00,459.18
2626071201970,12/07/2569,BZ-SKN-001,เซรั่มวิตามินซี 30ml,1,590.00,59.00,531.00,28.41,17.05,11.36,0.00,474.18
2626071201971,12/07/2569,BZ-SKN-001,เซรั่มวิตามินซี 30ml,1,590.00,59.00,531.00,28.41,17.05,11.36,15.00,459.18
2626071201972,12/07/2569,BZ-SKN-001,เซรั่มวิตามินซี 30ml,2,1180.00,0.00,1180.00,63.13,37.88,25.25,0.00,1053.74
2626071201973,12/07/2569,BZ-SKN-001,เซรั่มวิตามินซี 30ml,1,590.00,59.00,531.00,28.41,17.05,11.36,0.00,474.18
2626071201974,12/07/2569,BZ-ACC-001,กระเป๋าผ้าแคนวาส,1,320.00,0.00,320.00,17.12,10.27,6.85,0.00,285.76
2626071201975,12/07/2569,BZ-ELC-001,หูฟังบลูทูธไร้สาย,2,1380.00,138.00,1242.00,66.45,39.87,26.58,0.00,1109.11
2626071201976,12/07/2569,BZ-SKN-001,เซรั่มวิตามินซี 30ml,2,1180.00,0.00,1180.00,63.13,37.88,25.25,0.00,1053.74
2626071201977,12/07/2569,BZ-BND-001,เซตของขวัญรวม 3 ชิ้น,1,1190.00,0.00,1190.00,63.66,38.20,25.47,0.00,1062.67
2626071201978,12/07/2569,BZ-ELC-001,หูฟังบลูทูธไร้สาย,1,690.00,0.00,690.00,36.91,22.15,14.77,15.00,601.17
2626071201979,12/07/2569,BZ-ACC-001,กระเป๋าผ้าแคนวาส,1,320.00,0.00,320.00,17.12,10.27,6.85,15.00,270.76
2626071201980,12/07/2569,BZ-ACC-002,ขวดน้ำเก็บความเย็น 500ml,1,380.00,0.00,380.00,20.33,12.20,8.13,0.00,339.34
2626071201981,12/07/2569,BZ-SKN-001,เซรั่มวิตามินซี 30ml,1,590.00,0.00,590.00,31.56,18.94,12.63,15.00,511.87
2626071201982,12/07/2569,BZ-SKN-001,เซรั่มวิตามินซี 30ml,1,590.00,59.00,531.00,28.41,17.05,11.36,15.00,459.18
2626071201983,12/07/2569,BZ-SUP-001,คอลลาเจนเปปไทด์ 200g,1,890.00,0.00,890.00,47.62,28.57,19.05,0.00,794.77
2626071201984,12/07/2569,BZ-SUP-001,คอลลาเจนเปปไทด์ 200g,1,890.00,89.00,801.00,42.85,25.71,17.14,0.00,715.29
2626071201985,12/07/2569,BZ-SUP-001,คอลลาเจนเปปไทด์ 200g,1,890.00,0.00,890.00,47.62,28.57,19.05,0.00,794.77
2626071201986,12/07/2569,BZ-SUP-001,คอลลาเจนเปปไทด์ 200g,1,890.00,0.00,890.00,47.62,28.57,19.05,15.00,779.77
2626071201987,12/07/2569,BZ-SUP-001,คอลลาเจนเปปไทด์ 200g,1,890.00,0.00,890.00,47.62,28.57,19.05,15.00,779.77
2626071201988,12/07/2569,BZ-SUP-001,คอลลาเจนเปปไทด์ 200g,1,890.00,89.00,801.00,42.85,25.71,17.14,0.00,715.29
2626071201989,12/07/2569,BZ-SUP-001,คอลลาเจนเปปไทด์ 200g,2,1780.00,0.00,1780.00,95.23,57.14,38.09,0.00,1589.54
2626071201990,12/07/2569,BZ-SUP-001,คอลลาเจนเปปไทด์ 200g,1,890.00,0.00,890.00,47.62,28.57,19.05,15.00,779.77
2626071201991,12/07/2569,BZ-SUP-001,คอลลาเจนเปปไทด์ 200g,2,1780.00,0.00,1780.00,95.23,57.14,38.09,15.00,1574.54
2626071201992,12/07/2569,BZ-SUP-001,คอลลาเจนเปปไทด์ 200g,2,1780.00,178.00,1602.00,85.71,51.42,34.28,15.00,1415.59
2626071201993,12/07/2569,BZ-SUP-001,คอลลาเจนเปปไทด์ 200g,1,890.00,89.00,801.00,42.85,25.71,17.14,15.00,700.29
2626071201994,12/07/2569,BZ-SUP-001,คอลลาเจนเปปไทด์ 200g,1,890.00,89.00,801.00,42.85,25.71,17.14,15.00,700.29
2626071201995,12/07/2569,BZ-SUP-001,คอลลาเจนเปปไทด์ 200g,1,890.00,0.00,890.00,47.62,28.57,19.05,15.00,779.77
2626071201996,12/07/2569,BZ-SUP-001,คอลลาเจนเปปไทด์ 200g,2,1780.00,0.00,1780.00,95.23,57.14,38.09,15.00,1574.54
2626071201997,12/07/2569,BZ-SUP-001,คอลลาเจนเปปไทด์ 200g,1,890.00,0.00,890.00,47.62,28.57,19.05,15.00,779.77
2626071201998,12/07/2569,BZ-SUP-001,คอลลาเจนเปปไทด์ 200g,2,1780.00,178.00,1602.00,85.71,51.42,34.28,15.00,1415.59
2626071201999,12/07/2569,BZ-SUP-001,คอลลาเจนเปปไทด์ 200g,1,890.00,0.00,890.00,47.62,28.57,19.05,0.00,794.77
2626071202000,12/07/2569,BZ-SUP-001,คอลลาเจนเปปไทด์ 200g,1,890.00,0.00,890.00,47.62,28.57,19.05,15.00,779.77
2626071202001,12/07/2569,BZ-SUP-001,คอลลาเจนเปปไทด์ 200g,1,890.00,0.00,890.00,47.62,28.57,19.05,15.00,779.77
2626071202002,12/07/2569,BZ-SUP-001,คอลลาเจนเปปไทด์ 200g,1,890.00,0.00,890.00,47.62,28.57,19.05,0.00,794.77
2626071202003,12/07/2569,BZ-SUP-001,คอลลาเจนเปปไทด์ 200g,1,890.00,89.00,801.00,42.85,25.71,17.14,0.00,715.29
2626071202004,12/07/2569,BZ-SUP-001,คอลลาเจนเปปไทด์ 200g,2,1780.00,0.00,1780.00,95.23,57.14,38.09,0.00,1589.54
2626071202005,12/07/2569,BZ-SUP-001,คอลลาเจนเปปไทด์ 200g,1,890.00,0.00,890.00,47.62,28.57,19.05,0.00,794.77
2626071202006,12/07/2569,BZ-BND-001,เซตของขวัญรวม 3 ชิ้น,1,1190.00,119.00,1071.00,57.30,34.38,22.92,15.00,941.40
2626071202007,12/07/2569,BZ-ELC-001,หูฟังบลูทูธไร้สาย,1,690.00,0.00,690.00,36.91,22.15,14.77,15.00,601.17
2626071202008,12/07/2569,BZ-SKN-001,เซรั่มวิตามินซี 30ml,1,590.00,0.00,590.00,31.56,18.94,12.63,0.00,526.87
2626071202009,12/07/2569,BZ-SKN-002,ครีมกันแดด SPF50 50g,2,900.00,0.00,900.00,48.15,28.89,19.26,15.00,788.70
2626071202010,12/07/2569,BZ-ACC-001,กระเป๋าผ้าแคนวาส,1,320.00,32.00,288.00,15.41,9.24,6.16,0.00,257.18
2626071202011,12/07/2569,BZ-ACC-001,กระเป๋าผ้าแคนวาส,1,320.00,32.00,288.00,15.41,9.24,6.16,0.00,257.18
2626071202012,12/07/2569,BZ-ACC-001,กระเป๋าผ้าแคนวาส,1,320.00,32.00,288.00,15.41,9.24,6.16,15.00,242.18
2626071202013,12/07/2569,BZ-ACC-001,กระเป๋าผ้าแคนวาส,1,320.00,0.00,320.00,17.12,10.27,6.85,15.00,270.76
2626071202014,12/07/2569,BZ-ACC-001,กระเป๋าผ้าแคนวาส,1,320.00,0.00,320.00,17.12,10.27,6.85,0.00,285.76
2626071202015,12/07/2569,BZ-ACC-001,กระเป๋าผ้าแคนวาส,1,320.00,32.00,288.00,15.41,9.24,6.16,0.00,257.18
2626071202016,12/07/2569,BZ-ACC-001,กระเป๋าผ้าแคนวาส,1,320.00,32.00,288.00,15.41,9.24,6.16,15.00,242.18
2626071202017,12/07/2569,BZ-ACC-001,กระเป๋าผ้าแคนวาส,1,320.00,0.00,320.00,17.12,10.27,6.85,15.00,270.76
2626071202018,12/07/2569,BZ-ACC-001,กระเป๋าผ้าแคนวาส,1,320.00,32.00,288.00,15.41,9.24,6.16,0.00,257.18
2626071202019,12/07/2569,BZ-ACC-001,กระเป๋าผ้าแคนวาส,1,320.00,32.00,288.00,15.41,9.24,6.16,15.00,242.18
2626071202020,12/07/2569,BZ-ACC-001,กระเป๋าผ้าแคนวาส,2,640.00,0.00,640.00,34.24,20.54,13.70,15.00,556.52
2626071202021,12/07/2569,BZ-ACC-001,กระเป๋าผ้าแคนวาส,1,320.00,32.00,288.00,15.41,9.24,6.16,0.00,257.18
2626071202022,12/07/2569,BZ-ACC-001,กระเป๋าผ้าแคนวาส,1,320.00,0.00,320.00,17.12,10.27,6.85,0.00,285.76
2626071202023,12/07/2569,BZ-ACC-001,กระเป๋าผ้าแคนวาส,1,320.00,0.00,320.00,17.12,10.27,6.85,0.00,285.76
2626071202024,12/07/2569,BZ-SUP-001,คอลลาเจนเปปไทด์ 200g,1,890.00,0.00,890.00,47.62,28.57,19.05,15.00,779.77
2626071202025,12/07/2569,BZ-SKN-001,เซรั่มวิตามินซี 30ml,1,590.00,0.00,590.00,31.56,18.94,12.63,0.00,526.87
2626071202026,12/07/2569,BZ-ELC-001,หูฟังบลูทูธไร้สาย,1,690.00,0.00,690.00,36.91,22.15,14.77,0.00,616.17
2626071202027,12/07/2569,BZ-ELC-001,หูฟังบลูทูธไร้สาย,1,690.00,0.00,690.00,36.91,22.15,14.77,15.00,601.17
2626071202028,12/07/2569,BZ-ELC-001,หูฟังบลูทูธไร้สาย,1,690.00,69.00,621.00,33.22,19.93,13.29,0.00,554.55
2626071202029,12/07/2569,BZ-ELC-001,หูฟังบลูทูธไร้สาย,1,690.00,0.00,690.00,36.91,22.15,14.77,0.00,616.17
2626071202030,12/07/2569,BZ-ELC-001,หูฟังบลูทูธไร้สาย,1,690.00,69.00,621.00,33.22,19.93,13.29,0.00,554.55
2626071202031,12/07/2569,BZ-ELC-001,หูฟังบลูทูธไร้สาย,1,690.00,0.00,690.00,36.91,22.15,14.77,0.00,616.17
2626071202032,12/07/2569,BZ-ELC-001,หูฟังบลูทูธไร้สาย,1,690.00,69.00,621.00,33.22,19.93,13.29,15.00,539.55
2626071202033,12/07/2569,BZ-ELC-001,หูฟังบลูทูธไร้สาย,1,690.00,69.00,621.00,33.22,19.93,13.29,15.00,539.55
2626071202034,12/07/2569,BZ-ELC-001,หูฟังบลูทูธไร้สาย,1,690.00,0.00,690.00,36.91,22.15,14.77,15.00,601.17
2626071202035,12/07/2569,BZ-ELC-001,หูฟังบลูทูธไร้สาย,1,690.00,0.00,690.00,36.91,22.15,14.77,0.00,616.17
2626071202036,12/07/2569,BZ-ELC-001,หูฟังบลูทูธไร้สาย,1,690.00,0.00,690.00,36.91,22.15,14.77,15.00,601.17
2626071202037,12/07/2569,BZ-ELC-001,หูฟังบลูทูธไร้สาย,1,690.00,0.00,690.00,36.91,22.15,14.77,0.00,616.17
2626071202038,12/07/2569,BZ-ELC-001,หูฟังบลูทูธไร้สาย,1,690.00,0.00,690.00,36.91,22.15,14.77,15.00,601.17
2626071202039,12/07/2569,BZ-ELC-001,หูฟังบลูทูธไร้สาย,1,690.00,69.00,621.00,33.22,19.93,13.29,15.00,539.55
2626071202040,12/07/2569,BZ-ELC-001,หูฟังบลูทูธไร้สาย,1,690.00,0.00,690.00,36.91,22.15,14.77,15.00,601.17
2626071202041,12/07/2569,BZ-ELC-001,หูฟังบลูทูธไร้สาย,2,1380.00,0.00,1380.00,73.83,44.30,29.53,0.00,1232.34
2626071202042,12/07/2569,BZ-ELC-001,หูฟังบลูทูธไร้สาย,2,1380.00,0.00,1380.00,73.83,44.30,29.53,15.00,1217.34
2626071202043,12/07/2569,BZ-ELC-001,หูฟังบลูทูธไร้สาย,1,690.00,0.00,690.00,36.91,22.15,14.77,15.00,601.17
2626071202044,12/07/2569,BZ-ELC-001,หูฟังบลูทูธไร้สาย,1,690.00,69.00,621.00,33.22,19.93,13.29,0.00,554.55
2626071202045,12/07/2569,BZ-ELC-001,หูฟังบลูทูธไร้สาย,1,690.00,69.00,621.00,33.22,19.93,13.29,15.00,539.55
2626071202046,12/07/2569,BZ-ELC-001,หูฟังบลูทูธไร้สาย,1,690.00,69.00,621.00,33.22,19.93,13.29,15.00,539.55
2626071202047,12/07/2569,BZ-BND-001,เซตของขวัญรวม 3 ชิ้น,1,1190.00,0.00,1190.00,63.66,38.20,25.47,0.00,1062.67
2626071202048,12/07/2569,BZ-BND-001,เซตของขวัญรวม 3 ชิ้น,1,1190.00,0.00,1190.00,63.66,38.20,25.47,15.00,1047.67
2626071202049,12/07/2569,BZ-BND-001,เซตของขวัญรวม 3 ชิ้น,1,1190.00,0.00,1190.00,63.66,38.20,25.47,0.00,1062.67
2626071202050,12/07/2569,BZ-BND-001,เซตของขวัญรวม 3 ชิ้น,1,1190.00,119.00,1071.00,57.30,34.38,22.92,15.00,941.40
2626071202051,12/07/2569,BZ-BND-001,เซตของขวัญรวม 3 ชิ้น,2,2380.00,238.00,2142.00,114.60,68.76,45.84,15.00,1897.81
2626071202052,12/07/2569,BZ-BND-001,เซตของขวัญรวม 3 ชิ้น,1,1190.00,0.00,1190.00,63.66,38.20,25.47,0.00,1062.67
2626071202053,12/07/2569,BZ-BND-001,เซตของขวัญรวม 3 ชิ้น,1,1190.00,0.00,1190.00,63.66,38.20,25.47,15.00,1047.67
2626071202054,12/07/2569,BZ-BND-001,เซตของขวัญรวม 3 ชิ้น,1,1190.00,0.00,1190.00,63.66,38.20,25.47,0.00,1062.67
2626071202055,12/07/2569,BZ-BND-001,เซตของขวัญรวม 3 ชิ้น,1,1190.00,119.00,1071.00,57.30,34.38,22.92,15.00,941.40
2626071202056,12/07/2569,BZ-BND-001,เซตของขวัญรวม 3 ชิ้น,1,1190.00,119.00,1071.00,57.30,34.38,22.92,0.00,956.40
2626071202057,12/07/2569,BZ-BND-001,เซตของขวัญรวม 3 ชิ้น,2,2380.00,0.00,2380.00,127.33,76.40,50.93,0.00,2125.34
2626071202058,12/07/2569,BZ-BND-001,เซตของขวัญรวม 3 ชิ้น,1,1190.00,119.00,1071.00,57.30,34.38,22.92,15.00,941.40
2626071202059,12/07/2569,BZ-BND-001,เซตของขวัญรวม 3 ชิ้น,1,1190.00,0.00,1190.00,63.66,38.20,25.47,0.00,1062.67
2626071202060,12/07/2569,BZ-BND-001,เซตของขวัญรวม 3 ชิ้น,1,1190.00,119.00,1071.00,57.30,34.38,22.92,0.00,956.40
2626071202061,12/07/2569,BZ-SKN-002,ครีมกันแดด SPF50 50g,2,900.00,0.00,900.00,48.15,28.89,19.26,0.00,803.70
2626071202062,12/07/2569,BZ-ELC-001,หูฟังบลูทูธไร้สาย,1,690.00,0.00,690.00,36.91,22.15,14.77,0.00,616.17
2626071302063,13/07/2569,BZ-SKN-001,เซรั่มวิตามินซี 30ml,1,590.00,59.00,531.00,28.41,17.05,11.36,0.00,474.18
2626071302064,13/07/2569,BZ-SKN-001,เซรั่มวิตามินซี 30ml,1,590.00,0.00,590.00,31.56,18.94,12.63,15.00,511.87
2626071302065,13/07/2569,BZ-SKN-001,เซรั่มวิตามินซี 30ml,1,590.00,59.00,531.00,28.41,17.05,11.36,0.00,474.18
2626071302066,13/07/2569,BZ-SKN-001,เซรั่มวิตามินซี 30ml,2,1180.00,118.00,1062.00,56.82,34.09,22.73,0.00,948.37
2626071302067,13/07/2569,BZ-SKN-001,เซรั่มวิตามินซี 30ml,1,590.00,59.00,531.00,28.41,17.05,11.36,15.00,459.18
2626071302068,13/07/2569,BZ-SKN-001,เซรั่มวิตามินซี 30ml,1,590.00,0.00,590.00,31.56,18.94,12.63,0.00,526.87
2626071302069,13/07/2569,BZ-SKN-001,เซรั่มวิตามินซี 30ml,1,590.00,0.00,590.00,31.56,18.94,12.63,15.00,511.87
2626071302070,13/07/2569,BZ-SKN-001,เซรั่มวิตามินซี 30ml,1,590.00,59.00,531.00,28.41,17.05,11.36,15.00,459.18
2626071302071,13/07/2569,BZ-SKN-001,เซรั่มวิตามินซี 30ml,1,590.00,0.00,590.00,31.56,18.94,12.63,0.00,526.87
2626071302072,13/07/2569,BZ-SKN-001,เซรั่มวิตามินซี 30ml,1,590.00,0.00,590.00,31.56,18.94,12.63,15.00,511.87
2626071302073,13/07/2569,BZ-SKN-001,เซรั่มวิตามินซี 30ml,2,1180.00,0.00,1180.00,63.13,37.88,25.25,0.00,1053.74
2626071302074,13/07/2569,BZ-SKN-001,เซรั่มวิตามินซี 30ml,1,590.00,0.00,590.00,31.56,18.94,12.63,0.00,526.87
2626071302075,13/07/2569,BZ-SKN-001,เซรั่มวิตามินซี 30ml,2,1180.00,0.00,1180.00,63.13,37.88,25.25,0.00,1053.74
2626071302076,13/07/2569,BZ-SKN-001,เซรั่มวิตามินซี 30ml,1,590.00,0.00,590.00,31.56,18.94,12.63,0.00,526.87
2626071302077,13/07/2569,BZ-SKN-001,เซรั่มวิตามินซี 30ml,1,590.00,0.00,590.00,31.56,18.94,12.63,0.00,526.87
2626071302078,13/07/2569,BZ-SKN-001,เซรั่มวิตามินซี 30ml,2,1180.00,118.00,1062.00,56.82,34.09,22.73,0.00,948.37
2626071302079,13/07/2569,BZ-SKN-001,เซรั่มวิตามินซี 30ml,1,590.00,0.00,590.00,31.56,18.94,12.63,0.00,526.87
2626071302080,13/07/2569,BZ-SKN-001,เซรั่มวิตามินซี 30ml,2,1180.00,0.00,1180.00,63.13,37.88,25.25,15.00,1038.74
2626071302081,13/07/2569,BZ-SKN-001,เซรั่มวิตามินซี 30ml,1,590.00,0.00,590.00,31.56,18.94,12.63,0.00,526.87
2626071302082,13/07/2569,BZ-SKN-001,เซรั่มวิตามินซี 30ml,1,590.00,0.00,590.00,31.56,18.94,12.63,0.00,526.87
2626071302083,13/07/2569,BZ-SKN-001,เซรั่มวิตามินซี 30ml,2,1180.00,118.00,1062.00,56.82,34.09,22.73,15.00,933.37
2626071302084,13/07/2569,BZ-SKN-001,เซรั่มวิตามินซี 30ml,2,1180.00,0.00,1180.00,63.13,37.88,25.25,15.00,1038.74
2626071302085,13/07/2569,BZ-SKN-001,เซรั่มวิตามินซี 30ml,1,590.00,0.00,590.00,31.56,18.94,12.63,15.00,511.87
2626071302086,13/07/2569,BZ-SKN-001,เซรั่มวิตามินซี 30ml,1,590.00,0.00,590.00,31.56,18.94,12.63,15.00,511.87
2626071302087,13/07/2569,BZ-SKN-001,เซรั่มวิตามินซี 30ml,1,590.00,0.00,590.00,31.56,18.94,12.63,0.00,526.87
2626071302088,13/07/2569,BZ-SKN-001,เซรั่มวิตามินซี 30ml,1,590.00,0.00,590.00,31.56,18.94,12.63,15.00,511.87
2626071302089,13/07/2569,BZ-SKN-001,เซรั่มวิตามินซี 30ml,1,590.00,0.00,590.00,31.56,18.94,12.63,0.00,526.87
2626071302090,13/07/2569,BZ-SKN-001,เซรั่มวิตามินซี 30ml,1,590.00,0.00,590.00,31.56,18.94,12.63,0.00,526.87
2626071302091,13/07/2569,BZ-SKN-001,เซรั่มวิตามินซี 30ml,2,1180.00,0.00,1180.00,63.13,37.88,25.25,0.00,1053.74
2626071302092,13/07/2569,BZ-SKN-001,เซรั่มวิตามินซี 30ml,2,1180.00,118.00,1062.00,56.82,34.09,22.73,15.00,933.37
2626071302093,13/07/2569,BZ-SKN-001,เซรั่มวิตามินซี 30ml,1,590.00,59.00,531.00,28.41,17.05,11.36,15.00,459.18
2626071302094,13/07/2569,BZ-SKN-001,เซรั่มวิตามินซี 30ml,1,590.00,0.00,590.00,31.56,18.94,12.63,15.00,511.87
2626071302095,13/07/2569,BZ-SKN-001,เซรั่มวิตามินซี 30ml,1,590.00,0.00,590.00,31.56,18.94,12.63,15.00,511.87
2626071302096,13/07/2569,BZ-SKN-001,เซรั่มวิตามินซี 30ml,1,590.00,0.00,590.00,31.56,18.94,12.63,15.00,511.87
2626071302097,13/07/2569,BZ-SKN-001,เซรั่มวิตามินซี 30ml,1,590.00,0.00,590.00,31.56,18.94,12.63,15.00,511.87
2626071302098,13/07/2569,BZ-SKN-001,เซรั่มวิตามินซี 30ml,1,590.00,0.00,590.00,31.56,18.94,12.63,0.00,526.87
2626071302099,13/07/2569,BZ-SKN-001,เซรั่มวิตามินซี 30ml,2,1180.00,118.00,1062.00,56.82,34.09,22.73,0.00,948.37
2626071302100,13/07/2569,BZ-ACC-002,ขวดน้ำเก็บความเย็น 500ml,1,380.00,0.00,380.00,20.33,12.20,8.13,0.00,339.34
2626071302101,13/07/2569,BZ-ACC-001,กระเป๋าผ้าแคนวาส,1,320.00,0.00,320.00,17.12,10.27,6.85,15.00,270.76
2626071302102,13/07/2569,BZ-ACC-001,กระเป๋าผ้าแคนวาส,1,320.00,32.00,288.00,15.41,9.24,6.16,0.00,257.18
2626071302103,13/07/2569,BZ-ACC-002,ขวดน้ำเก็บความเย็น 500ml,1,380.00,0.00,380.00,20.33,12.20,8.13,15.00,324.34
2626071302104,13/07/2569,BZ-ELC-001,หูฟังบลูทูธไร้สาย,1,690.00,0.00,690.00,36.91,22.15,14.77,0.00,616.17
2626071302105,13/07/2569,BZ-SKN-002,ครีมกันแดด SPF50 50g,1,450.00,45.00,405.00,21.67,13.00,8.67,0.00,361.67
2626071302106,13/07/2569,BZ-ELC-001,หูฟังบลูทูธไร้สาย,1,690.00,69.00,621.00,33.22,19.93,13.29,15.00,539.55
2626071302107,13/07/2569,BZ-ELC-001,หูฟังบลูทูธไร้สาย,1,690.00,0.00,690.00,36.91,22.15,14.77,0.00,616.17
2626071302108,13/07/2569,BZ-SKN-002,ครีมกันแดด SPF50 50g,1,450.00,45.00,405.00,21.67,13.00,8.67,0.00,361.67
2626071302109,13/07/2569,BZ-SUP-001,คอลลาเจนเปปไทด์ 200g,1,890.00,0.00,890.00,47.62,28.57,19.05,0.00,794.77
2626071302110,13/07/2569,BZ-SUP-001,คอลลาเจนเปปไทด์ 200g,1,890.00,89.00,801.00,42.85,25.71,17.14,15.00,700.29
2626071302111,13/07/2569,BZ-SUP-001,คอลลาเจนเปปไทด์ 200g,1,890.00,0.00,890.00,47.62,28.57,19.05,0.00,794.77
2626071302112,13/07/2569,BZ-SUP-001,คอลลาเจนเปปไทด์ 200g,1,890.00,0.00,890.00,47.62,28.57,19.05,15.00,779.77
2626071302113,13/07/2569,BZ-SUP-001,คอลลาเจนเปปไทด์ 200g,1,890.00,0.00,890.00,47.62,28.57,19.05,15.00,779.77
2626071302114,13/07/2569,BZ-SUP-001,คอลลาเจนเปปไทด์ 200g,1,890.00,89.00,801.00,42.85,25.71,17.14,0.00,715.29
2626071302115,13/07/2569,BZ-SUP-001,คอลลาเจนเปปไทด์ 200g,1,890.00,89.00,801.00,42.85,25.71,17.14,15.00,700.29
2626071302116,13/07/2569,BZ-SUP-001,คอลลาเจนเปปไทด์ 200g,2,1780.00,0.00,1780.00,95.23,57.14,38.09,0.00,1589.54
2626071302117,13/07/2569,BZ-SUP-001,คอลลาเจนเปปไทด์ 200g,1,890.00,0.00,890.00,47.62,28.57,19.05,0.00,794.77
2626071302118,13/07/2569,BZ-SUP-001,คอลลาเจนเปปไทด์ 200g,1,890.00,0.00,890.00,47.62,28.57,19.05,15.00,779.77
2626071302119,13/07/2569,BZ-SUP-001,คอลลาเจนเปปไทด์ 200g,1,890.00,0.00,890.00,47.62,28.57,19.05,0.00,794.77
2626071302120,13/07/2569,BZ-SUP-001,คอลลาเจนเปปไทด์ 200g,2,1780.00,0.00,1780.00,95.23,57.14,38.09,0.00,1589.54
2626071302121,13/07/2569,BZ-SUP-001,คอลลาเจนเปปไทด์ 200g,1,890.00,0.00,890.00,47.62,28.57,19.05,15.00,779.77
2626071302122,13/07/2569,BZ-SUP-001,คอลลาเจนเปปไทด์ 200g,1,890.00,89.00,801.00,42.85,25.71,17.14,0.00,715.29
2626071302123,13/07/2569,BZ-SUP-001,คอลลาเจนเปปไทด์ 200g,1,890.00,89.00,801.00,42.85,25.71,17.14,0.00,715.29
2626071302124,13/07/2569,BZ-SUP-001,คอลลาเจนเปปไทด์ 200g,1,890.00,89.00,801.00,42.85,25.71,17.14,0.00,715.29
2626071302125,13/07/2569,BZ-SKN-002,ครีมกันแดด SPF50 50g,1,450.00,0.00,450.00,24.07,14.44,9.63,15.00,386.85
2626071302126,13/07/2569,BZ-SKN-002,ครีมกันแดด SPF50 50g,2,900.00,0.00,900.00,48.15,28.89,19.26,15.00,788.70
2626071302127,13/07/2569,BZ-SKN-001,เซรั่มวิตามินซี 30ml,1,590.00,0.00,590.00,31.56,18.94,12.63,0.00,526.87
2626071302128,13/07/2569,BZ-ACC-001,กระเป๋าผ้าแคนวาส,1,320.00,32.00,288.00,15.41,9.24,6.16,0.00,257.18
2626071302129,13/07/2569,BZ-ACC-001,กระเป๋าผ้าแคนวาส,2,640.00,64.00,576.00,30.82,18.49,12.33,15.00,499.37
2626071302130,13/07/2569,BZ-ACC-001,กระเป๋าผ้าแคนวาส,1,320.00,0.00,320.00,17.12,10.27,6.85,0.00,285.76
2626071302131,13/07/2569,BZ-ACC-001,กระเป๋าผ้าแคนวาส,1,320.00,0.00,320.00,17.12,10.27,6.85,0.00,285.76
2626071302132,13/07/2569,BZ-ACC-001,กระเป๋าผ้าแคนวาส,1,320.00,0.00,320.00,17.12,10.27,6.85,15.00,270.76
2626071302133,13/07/2569,BZ-ACC-001,กระเป๋าผ้าแคนวาส,2,640.00,0.00,640.00,34.24,20.54,13.70,0.00,571.52
2626071302134,13/07/2569,BZ-ACC-001,กระเป๋าผ้าแคนวาส,1,320.00,32.00,288.00,15.41,9.24,6.16,0.00,257.18
2626071302135,13/07/2569,BZ-ACC-001,กระเป๋าผ้าแคนวาส,2,640.00,0.00,640.00,34.24,20.54,13.70,0.00,571.52
2626071302136,13/07/2569,BZ-ACC-001,กระเป๋าผ้าแคนวาส,1,320.00,0.00,320.00,17.12,10.27,6.85,0.00,285.76
2626071302137,13/07/2569,BZ-ACC-001,กระเป๋าผ้าแคนวาส,1,320.00,0.00,320.00,17.12,10.27,6.85,15.00,270.76
2626071302138,13/07/2569,BZ-ACC-001,กระเป๋าผ้าแคนวาส,1,320.00,0.00,320.00,17.12,10.27,6.85,0.00,285.76
2626071302139,13/07/2569,BZ-ACC-001,กระเป๋าผ้าแคนวาส,1,320.00,0.00,320.00,17.12,10.27,6.85,0.00,285.76
2626071302140,13/07/2569,BZ-SKN-001,เซรั่มวิตามินซี 30ml,1,590.00,59.00,531.00,28.41,17.05,11.36,15.00,459.18
2626071302141,13/07/2569,BZ-SKN-001,เซรั่มวิตามินซี 30ml,2,1180.00,118.00,1062.00,56.82,34.09,22.73,15.00,933.37
2626071302142,13/07/2569,BZ-SUP-001,คอลลาเจนเปปไทด์ 200g,2,1780.00,0.00,1780.00,95.23,57.14,38.09,15.00,1574.54
2626071302143,13/07/2569,BZ-BND-001,เซตของขวัญรวม 3 ชิ้น,2,2380.00,238.00,2142.00,114.60,68.76,45.84,0.00,1912.81
2626071302144,13/07/2569,BZ-ELC-001,หูฟังบลูทูธไร้สาย,1,690.00,0.00,690.00,36.91,22.15,14.77,0.00,616.17
2626071302145,13/07/2569,BZ-ELC-001,หูฟังบลูทูธไร้สาย,1,690.00,0.00,690.00,36.91,22.15,14.77,15.00,601.17
2626071302146,13/07/2569,BZ-ELC-001,หูฟังบลูทูธไร้สาย,1,690.00,69.00,621.00,33.22,19.93,13.29,0.00,554.55
2626071302147,13/07/2569,BZ-ELC-001,หูฟังบลูทูธไร้สาย,2,1380.00,138.00,1242.00,66.45,39.87,26.58,15.00,1094.11
2626071302148,13/07/2569,BZ-ELC-001,หูฟังบลูทูธไร้สาย,1,690.00,69.00,621.00,33.22,19.93,13.29,0.00,554.55
2626071302149,13/07/2569,BZ-ELC-001,หูฟังบลูทูธไร้สาย,1,690.00,0.00,690.00,36.91,22.15,14.77,0.00,616.17
2626071302150,13/07/2569,BZ-ELC-001,หูฟังบลูทูธไร้สาย,1,690.00,0.00,690.00,36.91,22.15,14.77,15.00,601.17
2626071302151,13/07/2569,BZ-ELC-001,หูฟังบลูทูธไร้สาย,1,690.00,69.00,621.00,33.22,19.93,13.29,0.00,554.55
2626071302152,13/07/2569,BZ-ELC-001,หูฟังบลูทูธไร้สาย,2,1380.00,0.00,1380.00,73.83,44.30,29.53,0.00,1232.34
2626071302153,13/07/2569,BZ-ELC-001,หูฟังบลูทูธไร้สาย,1,690.00,0.00,690.00,36.91,22.15,14.77,0.00,616.17
2626071302154,13/07/2569,BZ-ELC-001,หูฟังบลูทูธไร้สาย,1,690.00,0.00,690.00,36.91,22.15,14.77,15.00,601.17
2626071302155,13/07/2569,BZ-ELC-001,หูฟังบลูทูธไร้สาย,1,690.00,0.00,690.00,36.91,22.15,14.77,15.00,601.17
2626071302156,13/07/2569,BZ-ELC-001,หูฟังบลูทูธไร้สาย,1,690.00,69.00,621.00,33.22,19.93,13.29,0.00,554.55
2626071302157,13/07/2569,BZ-ELC-001,หูฟังบลูทูธไร้สาย,1,690.00,69.00,621.00,33.22,19.93,13.29,15.00,539.55
2626071302158,13/07/2569,BZ-ELC-001,หูฟังบลูทูธไร้สาย,1,690.00,0.00,690.00,36.91,22.15,14.77,0.00,616.17
2626071302159,13/07/2569,BZ-ELC-001,หูฟังบลูทูธไร้สาย,1,690.00,69.00,621.00,33.22,19.93,13.29,15.00,539.55
2626071302160,13/07/2569,BZ-ELC-001,หูฟังบลูทูธไร้สาย,1,690.00,69.00,621.00,33.22,19.93,13.29,0.00,554.55
2626071302161,13/07/2569,BZ-ELC-001,หูฟังบลูทูธไร้สาย,1,690.00,0.00,690.00,36.91,22.15,14.77,0.00,616.17
2626071302162,13/07/2569,BZ-ELC-001,หูฟังบลูทูธไร้สาย,1,690.00,0.00,690.00,36.91,22.15,14.77,0.00,616.17
2626071302163,13/07/2569,BZ-ELC-001,หูฟังบลูทูธไร้สาย,1,690.00,0.00,690.00,36.91,22.15,14.77,15.00,601.17
2626071302164,13/07/2569,BZ-BND-001,เซตของขวัญรวม 3 ชิ้น,1,1190.00,0.00,1190.00,63.66,38.20,25.47,0.00,1062.67
2626071302165,13/07/2569,BZ-BND-001,เซตของขวัญรวม 3 ชิ้น,1,1190.00,119.00,1071.00,57.30,34.38,22.92,0.00,956.40
2626071302166,13/07/2569,BZ-BND-001,เซตของขวัญรวม 3 ชิ้น,2,2380.00,238.00,2142.00,114.60,68.76,45.84,0.00,1912.81
2626071302167,13/07/2569,BZ-BND-001,เซตของขวัญรวม 3 ชิ้น,2,2380.00,0.00,2380.00,127.33,76.40,50.93,15.00,2110.34
2626071302168,13/07/2569,BZ-BND-001,เซตของขวัญรวม 3 ชิ้น,1,1190.00,119.00,1071.00,57.30,34.38,22.92,0.00,956.40
2626071302169,13/07/2569,BZ-BND-001,เซตของขวัญรวม 3 ชิ้น,1,1190.00,0.00,1190.00,63.66,38.20,25.47,0.00,1062.67
2626071302170,13/07/2569,BZ-BND-001,เซตของขวัญรวม 3 ชิ้น,2,2380.00,0.00,2380.00,127.33,76.40,50.93,0.00,2125.34
2626071302171,13/07/2569,BZ-BND-001,เซตของขวัญรวม 3 ชิ้น,1,1190.00,0.00,1190.00,63.66,38.20,25.47,15.00,1047.67
2626071302172,13/07/2569,BZ-BND-001,เซตของขวัญรวม 3 ชิ้น,1,1190.00,119.00,1071.00,57.30,34.38,22.92,0.00,956.40
2626071302173,13/07/2569,BZ-BND-001,เซตของขวัญรวม 3 ชิ้น,1,1190.00,119.00,1071.00,57.30,34.38,22.92,15.00,941.40
2626071302174,13/07/2569,BZ-BND-001,เซตของขวัญรวม 3 ชิ้น,1,1190.00,119.00,1071.00,57.30,34.38,22.92,0.00,956.40
2626071302175,13/07/2569,BZ-BND-001,เซตของขวัญรวม 3 ชิ้น,1,1190.00,119.00,1071.00,57.30,34.38,22.92,15.00,941.40
2626071302176,13/07/2569,BZ-BND-001,เซตของขวัญรวม 3 ชิ้น,2,2380.00,0.00,2380.00,127.33,76.40,50.93,0.00,2125.34
2626071302177,13/07/2569,BZ-BND-001,เซตของขวัญรวม 3 ชิ้น,1,1190.00,119.00,1071.00,57.30,34.38,22.92,0.00,956.40
2626071302178,13/07/2569,BZ-BND-001,เซตของขวัญรวม 3 ชิ้น,1,1190.00,119.00,1071.00,57.30,34.38,22.92,0.00,956.40
2626071302179,13/07/2569,BZ-BND-001,เซตของขวัญรวม 3 ชิ้น,1,1190.00,0.00,1190.00,63.66,38.20,25.47,0.00,1062.67
2626071302180,13/07/2569,BZ-BND-001,เซตของขวัญรวม 3 ชิ้น,1,1190.00,119.00,1071.00,57.30,34.38,22.92,15.00,941.40
2626071302181,13/07/2569,BZ-ACC-001,กระเป๋าผ้าแคนวาส,1,320.00,0.00,320.00,17.12,10.27,6.85,0.00,285.76
2626071402182,14/07/2569,BZ-SKN-001,เซรั่มวิตามินซี 30ml,1,590.00,0.00,590.00,31.56,18.94,12.63,0.00,526.87
2626071402183,14/07/2569,BZ-SKN-001,เซรั่มวิตามินซี 30ml,1,590.00,59.00,531.00,28.41,17.05,11.36,15.00,459.18
2626071402184,14/07/2569,BZ-SKN-001,เซรั่มวิตามินซี 30ml,2,1180.00,0.00,1180.00,63.13,37.88,25.25,15.00,1038.74
2626071402185,14/07/2569,BZ-SKN-001,เซรั่มวิตามินซี 30ml,2,1180.00,118.00,1062.00,56.82,34.09,22.73,15.00,933.37
2626071402186,14/07/2569,BZ-SKN-001,เซรั่มวิตามินซี 30ml,2,1180.00,118.00,1062.00,56.82,34.09,22.73,0.00,948.37
2626071402187,14/07/2569,BZ-SKN-001,เซรั่มวิตามินซี 30ml,1,590.00,59.00,531.00,28.41,17.05,11.36,15.00,459.18
2626071402188,14/07/2569,BZ-SKN-001,เซรั่มวิตามินซี 30ml,1,590.00,59.00,531.00,28.41,17.05,11.36,0.00,474.18
2626071402189,14/07/2569,BZ-SKN-001,เซรั่มวิตามินซี 30ml,2,1180.00,0.00,1180.00,63.13,37.88,25.25,0.00,1053.74
2626071402190,14/07/2569,BZ-SKN-001,เซรั่มวิตามินซี 30ml,2,1180.00,118.00,1062.00,56.82,34.09,22.73,15.00,933.37
2626071402191,14/07/2569,BZ-SKN-001,เซรั่มวิตามินซี 30ml,1,590.00,0.00,590.00,31.56,18.94,12.63,0.00,526.87
2626071402192,14/07/2569,BZ-SKN-001,เซรั่มวิตามินซี 30ml,1,590.00,0.00,590.00,31.56,18.94,12.63,0.00,526.87
2626071402193,14/07/2569,BZ-SKN-001,เซรั่มวิตามินซี 30ml,1,590.00,0.00,590.00,31.56,18.94,12.63,0.00,526.87
2626071402194,14/07/2569,BZ-SKN-001,เซรั่มวิตามินซี 30ml,1,590.00,59.00,531.00,28.41,17.05,11.36,0.00,474.18
2626071402195,14/07/2569,BZ-SKN-001,เซรั่มวิตามินซี 30ml,1,590.00,0.00,590.00,31.56,18.94,12.63,15.00,511.87
2626071402196,14/07/2569,BZ-SKN-001,เซรั่มวิตามินซี 30ml,1,590.00,0.00,590.00,31.56,18.94,12.63,15.00,511.87
2626071402197,14/07/2569,BZ-SKN-001,เซรั่มวิตามินซี 30ml,1,590.00,0.00,590.00,31.56,18.94,12.63,0.00,526.87
2626071402198,14/07/2569,BZ-SKN-001,เซรั่มวิตามินซี 30ml,2,1180.00,118.00,1062.00,56.82,34.09,22.73,15.00,933.37
2626071402199,14/07/2569,BZ-SKN-001,เซรั่มวิตามินซี 30ml,1,590.00,0.00,590.00,31.56,18.94,12.63,0.00,526.87
2626071402200,14/07/2569,BZ-SKN-001,เซรั่มวิตามินซี 30ml,1,590.00,59.00,531.00,28.41,17.05,11.36,0.00,474.18
2626071402201,14/07/2569,BZ-SKN-001,เซรั่มวิตามินซี 30ml,2,1180.00,0.00,1180.00,63.13,37.88,25.25,0.00,1053.74
2626071402202,14/07/2569,BZ-SKN-001,เซรั่มวิตามินซี 30ml,1,590.00,0.00,590.00,31.56,18.94,12.63,15.00,511.87
2626071402203,14/07/2569,BZ-SKN-001,เซรั่มวิตามินซี 30ml,2,1180.00,0.00,1180.00,63.13,37.88,25.25,0.00,1053.74
2626071402204,14/07/2569,BZ-SKN-001,เซรั่มวิตามินซี 30ml,1,590.00,0.00,590.00,31.56,18.94,12.63,15.00,511.87
2626071402205,14/07/2569,BZ-SKN-001,เซรั่มวิตามินซี 30ml,1,590.00,0.00,590.00,31.56,18.94,12.63,0.00,526.87
2626071402206,14/07/2569,BZ-SKN-001,เซรั่มวิตามินซี 30ml,1,590.00,0.00,590.00,31.56,18.94,12.63,15.00,511.87
2626071402207,14/07/2569,BZ-SKN-001,เซรั่มวิตามินซี 30ml,1,590.00,59.00,531.00,28.41,17.05,11.36,0.00,474.18
2626071402208,14/07/2569,BZ-SKN-001,เซรั่มวิตามินซี 30ml,1,590.00,59.00,531.00,28.41,17.05,11.36,15.00,459.18
2626071402209,14/07/2569,BZ-SKN-001,เซรั่มวิตามินซี 30ml,1,590.00,0.00,590.00,31.56,18.94,12.63,0.00,526.87
2626071402210,14/07/2569,BZ-SKN-001,เซรั่มวิตามินซี 30ml,1,590.00,59.00,531.00,28.41,17.05,11.36,15.00,459.18
2626071402211,14/07/2569,BZ-SKN-001,เซรั่มวิตามินซี 30ml,1,590.00,0.00,590.00,31.56,18.94,12.63,0.00,526.87
2626071402212,14/07/2569,BZ-SKN-001,เซรั่มวิตามินซี 30ml,1,590.00,0.00,590.00,31.56,18.94,12.63,15.00,511.87
2626071402213,14/07/2569,BZ-SKN-001,เซรั่มวิตามินซี 30ml,1,590.00,59.00,531.00,28.41,17.05,11.36,0.00,474.18
2626071402214,14/07/2569,BZ-ACC-002,ขวดน้ำเก็บความเย็น 500ml,1,380.00,0.00,380.00,20.33,12.20,8.13,0.00,339.34
2626071402215,14/07/2569,BZ-SKN-001,เซรั่มวิตามินซี 30ml,2,1180.00,0.00,1180.00,63.13,37.88,25.25,15.00,1038.74
2626071402216,14/07/2569,BZ-BND-001,เซตของขวัญรวม 3 ชิ้น,2,2380.00,0.00,2380.00,127.33,76.40,50.93,0.00,2125.34
2626071402217,14/07/2569,BZ-SUP-001,คอลลาเจนเปปไทด์ 200g,1,890.00,89.00,801.00,42.85,25.71,17.14,0.00,715.29
2626071402218,14/07/2569,BZ-SKN-002,ครีมกันแดด SPF50 50g,1,450.00,45.00,405.00,21.67,13.00,8.67,15.00,346.67
2626071402219,14/07/2569,BZ-SUP-001,คอลลาเจนเปปไทด์ 200g,1,890.00,89.00,801.00,42.85,25.71,17.14,0.00,715.29
2626071402220,14/07/2569,BZ-SUP-001,คอลลาเจนเปปไทด์ 200g,2,1780.00,178.00,1602.00,85.71,51.42,34.28,15.00,1415.59
2626071402221,14/07/2569,BZ-SUP-001,คอลลาเจนเปปไทด์ 200g,2,1780.00,0.00,1780.00,95.23,57.14,38.09,15.00,1574.54
2626071402222,14/07/2569,BZ-SUP-001,คอลลาเจนเปปไทด์ 200g,1,890.00,89.00,801.00,42.85,25.71,17.14,0.00,715.29
2626071402223,14/07/2569,BZ-SUP-001,คอลลาเจนเปปไทด์ 200g,1,890.00,0.00,890.00,47.62,28.57,19.05,0.00,794.77
2626071402224,14/07/2569,BZ-SUP-001,คอลลาเจนเปปไทด์ 200g,1,890.00,89.00,801.00,42.85,25.71,17.14,0.00,715.29
2626071402225,14/07/2569,BZ-SUP-001,คอลลาเจนเปปไทด์ 200g,1,890.00,89.00,801.00,42.85,25.71,17.14,0.00,715.29
2626071402226,14/07/2569,BZ-SUP-001,คอลลาเจนเปปไทด์ 200g,2,1780.00,0.00,1780.00,95.23,57.14,38.09,15.00,1574.54
2626071402227,14/07/2569,BZ-SUP-001,คอลลาเจนเปปไทด์ 200g,1,890.00,0.00,890.00,47.62,28.57,19.05,0.00,794.77
2626071402228,14/07/2569,BZ-SUP-001,คอลลาเจนเปปไทด์ 200g,1,890.00,89.00,801.00,42.85,25.71,17.14,15.00,700.29
2626071402229,14/07/2569,BZ-SUP-001,คอลลาเจนเปปไทด์ 200g,1,890.00,0.00,890.00,47.62,28.57,19.05,15.00,779.77
2626071402230,14/07/2569,BZ-SUP-001,คอลลาเจนเปปไทด์ 200g,1,890.00,0.00,890.00,47.62,28.57,19.05,15.00,779.77
2626071402231,14/07/2569,BZ-SUP-001,คอลลาเจนเปปไทด์ 200g,1,890.00,89.00,801.00,42.85,25.71,17.14,15.00,700.29
2626071402232,14/07/2569,BZ-SUP-001,คอลลาเจนเปปไทด์ 200g,1,890.00,0.00,890.00,47.62,28.57,19.05,0.00,794.77
2626071402233,14/07/2569,BZ-SUP-001,คอลลาเจนเปปไทด์ 200g,1,890.00,0.00,890.00,47.62,28.57,19.05,0.00,794.77
2626071402234,14/07/2569,BZ-SUP-001,คอลลาเจนเปปไทด์ 200g,1,890.00,89.00,801.00,42.85,25.71,17.14,0.00,715.29
2626071402235,14/07/2569,BZ-SUP-001,คอลลาเจนเปปไทด์ 200g,2,1780.00,0.00,1780.00,95.23,57.14,38.09,0.00,1589.54
2626071402236,14/07/2569,BZ-SUP-001,คอลลาเจนเปปไทด์ 200g,2,1780.00,0.00,1780.00,95.23,57.14,38.09,15.00,1574.54
2626071402237,14/07/2569,BZ-SUP-001,คอลลาเจนเปปไทด์ 200g,1,890.00,0.00,890.00,47.62,28.57,19.05,15.00,779.77
2626071402238,14/07/2569,BZ-SUP-001,คอลลาเจนเปปไทด์ 200g,1,890.00,89.00,801.00,42.85,25.71,17.14,0.00,715.29
2626071402239,14/07/2569,BZ-SUP-001,คอลลาเจนเปปไทด์ 200g,1,890.00,0.00,890.00,47.62,28.57,19.05,15.00,779.77
2626071402240,14/07/2569,BZ-SUP-001,คอลลาเจนเปปไทด์ 200g,2,1780.00,0.00,1780.00,95.23,57.14,38.09,0.00,1589.54
2626071402241,14/07/2569,BZ-SUP-001,คอลลาเจนเปปไทด์ 200g,1,890.00,0.00,890.00,47.62,28.57,19.05,15.00,779.77
2626071402242,14/07/2569,BZ-SUP-001,คอลลาเจนเปปไทด์ 200g,1,890.00,89.00,801.00,42.85,25.71,17.14,0.00,715.29
2626071402243,14/07/2569,BZ-SUP-001,คอลลาเจนเปปไทด์ 200g,1,890.00,0.00,890.00,47.62,28.57,19.05,0.00,794.77
2626071402244,14/07/2569,BZ-SUP-001,คอลลาเจนเปปไทด์ 200g,1,890.00,0.00,890.00,47.62,28.57,19.05,0.00,794.77
2626071402245,14/07/2569,BZ-SKN-001,เซรั่มวิตามินซี 30ml,2,1180.00,0.00,1180.00,63.13,37.88,25.25,15.00,1038.74
2626071402246,14/07/2569,BZ-SKN-002,ครีมกันแดด SPF50 50g,1,450.00,0.00,450.00,24.07,14.44,9.63,0.00,401.85
2626071402247,14/07/2569,BZ-SUP-001,คอลลาเจนเปปไทด์ 200g,2,1780.00,178.00,1602.00,85.71,51.42,34.28,0.00,1430.59
2626071402248,14/07/2569,BZ-SKN-001,เซรั่มวิตามินซี 30ml,1,590.00,0.00,590.00,31.56,18.94,12.63,0.00,526.87
2626071402249,14/07/2569,BZ-SKN-002,ครีมกันแดด SPF50 50g,1,450.00,0.00,450.00,24.07,14.44,9.63,0.00,401.85
2626071402250,14/07/2569,BZ-ACC-001,กระเป๋าผ้าแคนวาส,1,320.00,32.00,288.00,15.41,9.24,6.16,0.00,257.18
2626071402251,14/07/2569,BZ-ACC-001,กระเป๋าผ้าแคนวาส,1,320.00,32.00,288.00,15.41,9.24,6.16,0.00,257.18
2626071402252,14/07/2569,BZ-ACC-001,กระเป๋าผ้าแคนวาส,1,320.00,0.00,320.00,17.12,10.27,6.85,0.00,285.76
2626071402253,14/07/2569,BZ-ACC-001,กระเป๋าผ้าแคนวาส,1,320.00,0.00,320.00,17.12,10.27,6.85,0.00,285.76
2626071402254,14/07/2569,BZ-ACC-001,กระเป๋าผ้าแคนวาส,1,320.00,0.00,320.00,17.12,10.27,6.85,15.00,270.76
2626071402255,14/07/2569,BZ-ACC-001,กระเป๋าผ้าแคนวาส,2,640.00,0.00,640.00,34.24,20.54,13.70,15.00,556.52
2626071402256,14/07/2569,BZ-ACC-001,กระเป๋าผ้าแคนวาส,2,640.00,64.00,576.00,30.82,18.49,12.33,0.00,514.37
2626071402257,14/07/2569,BZ-ACC-001,กระเป๋าผ้าแคนวาส,2,640.00,0.00,640.00,34.24,20.54,13.70,15.00,556.52
2626071402258,14/07/2569,BZ-ACC-001,กระเป๋าผ้าแคนวาส,1,320.00,0.00,320.00,17.12,10.27,6.85,15.00,270.76
2626071402259,14/07/2569,BZ-ELC-001,หูฟังบลูทูธไร้สาย,2,1380.00,0.00,1380.00,73.83,44.30,29.53,15.00,1217.34
2626071402260,14/07/2569,BZ-SUP-001,คอลลาเจนเปปไทด์ 200g,1,890.00,89.00,801.00,42.85,25.71,17.14,15.00,700.29
2626071402261,14/07/2569,BZ-ELC-001,หูฟังบลูทูธไร้สาย,2,1380.00,0.00,1380.00,73.83,44.30,29.53,0.00,1232.34
2626071402262,14/07/2569,BZ-ELC-001,หูฟังบลูทูธไร้สาย,1,690.00,69.00,621.00,33.22,19.93,13.29,15.00,539.55
2626071402263,14/07/2569,BZ-ELC-001,หูฟังบลูทูธไร้สาย,2,1380.00,0.00,1380.00,73.83,44.30,29.53,0.00,1232.34
2626071402264,14/07/2569,BZ-ELC-001,หูฟังบลูทูธไร้สาย,1,690.00,69.00,621.00,33.22,19.93,13.29,15.00,539.55
2626071402265,14/07/2569,BZ-ELC-001,หูฟังบลูทูธไร้สาย,1,690.00,69.00,621.00,33.22,19.93,13.29,0.00,554.55
2626071402266,14/07/2569,BZ-ELC-001,หูฟังบลูทูธไร้สาย,1,690.00,0.00,690.00,36.91,22.15,14.77,0.00,616.17
2626071402267,14/07/2569,BZ-ELC-001,หูฟังบลูทูธไร้สาย,1,690.00,0.00,690.00,36.91,22.15,14.77,0.00,616.17
2626071402268,14/07/2569,BZ-ELC-001,หูฟังบลูทูธไร้สาย,1,690.00,69.00,621.00,33.22,19.93,13.29,15.00,539.55
2626071402269,14/07/2569,BZ-ELC-001,หูฟังบลูทูธไร้สาย,1,690.00,69.00,621.00,33.22,19.93,13.29,0.00,554.55
2626071402270,14/07/2569,BZ-ELC-001,หูฟังบลูทูธไร้สาย,2,1380.00,0.00,1380.00,73.83,44.30,29.53,15.00,1217.34
2626071402271,14/07/2569,BZ-ELC-001,หูฟังบลูทูธไร้สาย,1,690.00,69.00,621.00,33.22,19.93,13.29,0.00,554.55
2626071402272,14/07/2569,BZ-ELC-001,หูฟังบลูทูธไร้สาย,1,690.00,0.00,690.00,36.91,22.15,14.77,0.00,616.17
2626071402273,14/07/2569,BZ-ELC-001,หูฟังบลูทูธไร้สาย,1,690.00,69.00,621.00,33.22,19.93,13.29,0.00,554.55
2626071402274,14/07/2569,BZ-ELC-001,หูฟังบลูทูธไร้สาย,1,690.00,0.00,690.00,36.91,22.15,14.77,15.00,601.17
2626071402275,14/07/2569,BZ-ELC-001,หูฟังบลูทูธไร้สาย,1,690.00,69.00,621.00,33.22,19.93,13.29,0.00,554.55
2626071402276,14/07/2569,BZ-ELC-001,หูฟังบลูทูธไร้สาย,1,690.00,0.00,690.00,36.91,22.15,14.77,0.00,616.17
2626071402277,14/07/2569,BZ-ELC-001,หูฟังบลูทูธไร้สาย,2,1380.00,0.00,1380.00,73.83,44.30,29.53,0.00,1232.34
2626071402278,14/07/2569,BZ-BND-001,เซตของขวัญรวม 3 ชิ้น,2,2380.00,0.00,2380.00,127.33,76.40,50.93,0.00,2125.34
2626071402279,14/07/2569,BZ-SUP-001,คอลลาเจนเปปไทด์ 200g,1,890.00,0.00,890.00,47.62,28.57,19.05,0.00,794.77
2626071402280,14/07/2569,BZ-BND-001,เซตของขวัญรวม 3 ชิ้น,2,2380.00,238.00,2142.00,114.60,68.76,45.84,15.00,1897.81
2626071402281,14/07/2569,BZ-BND-001,เซตของขวัญรวม 3 ชิ้น,1,1190.00,0.00,1190.00,63.66,38.20,25.47,0.00,1062.67
2626071402282,14/07/2569,BZ-BND-001,เซตของขวัญรวม 3 ชิ้น,1,1190.00,0.00,1190.00,63.66,38.20,25.47,15.00,1047.67
2626071402283,14/07/2569,BZ-BND-001,เซตของขวัญรวม 3 ชิ้น,1,1190.00,119.00,1071.00,57.30,34.38,22.92,15.00,941.40
2626071402284,14/07/2569,BZ-BND-001,เซตของขวัญรวม 3 ชิ้น,1,1190.00,119.00,1071.00,57.30,34.38,22.92,15.00,941.40
2626071402285,14/07/2569,BZ-BND-001,เซตของขวัญรวม 3 ชิ้น,2,2380.00,238.00,2142.00,114.60,68.76,45.84,0.00,1912.81
2626071402286,14/07/2569,BZ-BND-001,เซตของขวัญรวม 3 ชิ้น,2,2380.00,0.00,2380.00,127.33,76.40,50.93,0.00,2125.34
2626071402287,14/07/2569,BZ-BND-001,เซตของขวัญรวม 3 ชิ้น,1,1190.00,0.00,1190.00,63.66,38.20,25.47,15.00,1047.67
2626071402288,14/07/2569,BZ-BND-001,เซตของขวัญรวม 3 ชิ้น,1,1190.00,0.00,1190.00,63.66,38.20,25.47,15.00,1047.67
2626071402289,14/07/2569,BZ-BND-001,เซตของขวัญรวม 3 ชิ้น,1,1190.00,0.00,1190.00,63.66,38.20,25.47,0.00,1062.67
2626071402290,14/07/2569,BZ-BND-001,เซตของขวัญรวม 3 ชิ้น,1,1190.00,0.00,1190.00,63.66,38.20,25.47,0.00,1062.67
2626071502291,15/07/2569,BZ-SKN-001,เซรั่มวิตามินซี 30ml,1,590.00,0.00,590.00,31.56,18.94,12.63,0.00,526.87
2626071502292,15/07/2569,BZ-SKN-001,เซรั่มวิตามินซี 30ml,1,590.00,0.00,590.00,31.56,18.94,12.63,0.00,526.87
2626071502293,15/07/2569,BZ-SKN-001,เซรั่มวิตามินซี 30ml,1,590.00,0.00,590.00,31.56,18.94,12.63,15.00,511.87
2626071502294,15/07/2569,BZ-SKN-001,เซรั่มวิตามินซี 30ml,2,1180.00,0.00,1180.00,63.13,37.88,25.25,15.00,1038.74
2626071502295,15/07/2569,BZ-SKN-001,เซรั่มวิตามินซี 30ml,1,590.00,59.00,531.00,28.41,17.05,11.36,0.00,474.18
2626071502296,15/07/2569,BZ-SKN-001,เซรั่มวิตามินซี 30ml,2,1180.00,118.00,1062.00,56.82,34.09,22.73,15.00,933.37
2626071502297,15/07/2569,BZ-SKN-001,เซรั่มวิตามินซี 30ml,2,1180.00,118.00,1062.00,56.82,34.09,22.73,15.00,933.37
2626071502298,15/07/2569,BZ-SKN-001,เซรั่มวิตามินซี 30ml,1,590.00,59.00,531.00,28.41,17.05,11.36,0.00,474.18
2626071502299,15/07/2569,BZ-SKN-001,เซรั่มวิตามินซี 30ml,1,590.00,0.00,590.00,31.56,18.94,12.63,15.00,511.87
2626071502300,15/07/2569,BZ-SKN-001,เซรั่มวิตามินซี 30ml,1,590.00,0.00,590.00,31.56,18.94,12.63,15.00,511.87
2626071502301,15/07/2569,BZ-SKN-001,เซรั่มวิตามินซี 30ml,1,590.00,0.00,590.00,31.56,18.94,12.63,0.00,526.87
2626071502302,15/07/2569,BZ-SKN-001,เซรั่มวิตามินซี 30ml,1,590.00,59.00,531.00,28.41,17.05,11.36,0.00,474.18
2626071502303,15/07/2569,BZ-SKN-001,เซรั่มวิตามินซี 30ml,1,590.00,0.00,590.00,31.56,18.94,12.63,0.00,526.87
2626071502304,15/07/2569,BZ-SKN-001,เซรั่มวิตามินซี 30ml,1,590.00,0.00,590.00,31.56,18.94,12.63,0.00,526.87
2626071502305,15/07/2569,BZ-SKN-001,เซรั่มวิตามินซี 30ml,1,590.00,59.00,531.00,28.41,17.05,11.36,15.00,459.18
2626071502306,15/07/2569,BZ-SKN-001,เซรั่มวิตามินซี 30ml,1,590.00,0.00,590.00,31.56,18.94,12.63,15.00,511.87
2626071502307,15/07/2569,BZ-SKN-001,เซรั่มวิตามินซี 30ml,1,590.00,59.00,531.00,28.41,17.05,11.36,15.00,459.18
2626071502308,15/07/2569,BZ-SKN-001,เซรั่มวิตามินซี 30ml,1,590.00,0.00,590.00,31.56,18.94,12.63,0.00,526.87
2626071502309,15/07/2569,BZ-SKN-002,ครีมกันแดด SPF50 50g,1,450.00,0.00,450.00,24.07,14.44,9.63,0.00,401.85
2626071502310,15/07/2569,BZ-ELC-001,หูฟังบลูทูธไร้สาย,2,1380.00,0.00,1380.00,73.83,44.30,29.53,0.00,1232.34
2626071502311,15/07/2569,BZ-SKN-001,เซรั่มวิตามินซี 30ml,1,590.00,0.00,590.00,31.56,18.94,12.63,0.00,526.87
2626071502312,15/07/2569,BZ-ACC-001,กระเป๋าผ้าแคนวาส,1,320.00,0.00,320.00,17.12,10.27,6.85,0.00,285.76
2626071502313,15/07/2569,BZ-SUP-001,คอลลาเจนเปปไทด์ 200g,1,890.00,0.00,890.00,47.62,28.57,19.05,0.00,794.77
2626071502314,15/07/2569,BZ-SUP-001,คอลลาเจนเปปไทด์ 200g,1,890.00,0.00,890.00,47.62,28.57,19.05,15.00,779.77
2626071502315,15/07/2569,BZ-SUP-001,คอลลาเจนเปปไทด์ 200g,1,890.00,0.00,890.00,47.62,28.57,19.05,0.00,794.77
2626071502316,15/07/2569,BZ-SUP-001,คอลลาเจนเปปไทด์ 200g,2,1780.00,0.00,1780.00,95.23,57.14,38.09,15.00,1574.54
2626071502317,15/07/2569,BZ-SUP-001,คอลลาเจนเปปไทด์ 200g,1,890.00,0.00,890.00,47.62,28.57,19.05,0.00,794.77
2626071502318,15/07/2569,BZ-SUP-001,คอลลาเจนเปปไทด์ 200g,1,890.00,0.00,890.00,47.62,28.57,19.05,15.00,779.77
2626071502319,15/07/2569,BZ-SUP-001,คอลลาเจนเปปไทด์ 200g,1,890.00,0.00,890.00,47.62,28.57,19.05,0.00,794.77
2626071502320,15/07/2569,BZ-SUP-001,คอลลาเจนเปปไทด์ 200g,1,890.00,89.00,801.00,42.85,25.71,17.14,0.00,715.29
2626071502321,15/07/2569,BZ-SUP-001,คอลลาเจนเปปไทด์ 200g,1,890.00,0.00,890.00,47.62,28.57,19.05,0.00,794.77
2626071502322,15/07/2569,BZ-SUP-001,คอลลาเจนเปปไทด์ 200g,1,890.00,0.00,890.00,47.62,28.57,19.05,0.00,794.77
2626071502323,15/07/2569,BZ-SUP-001,คอลลาเจนเปปไทด์ 200g,2,1780.00,0.00,1780.00,95.23,57.14,38.09,15.00,1574.54
2626071502324,15/07/2569,BZ-SUP-001,คอลลาเจนเปปไทด์ 200g,1,890.00,89.00,801.00,42.85,25.71,17.14,0.00,715.29
2626071502325,15/07/2569,BZ-SUP-001,คอลลาเจนเปปไทด์ 200g,2,1780.00,178.00,1602.00,85.71,51.42,34.28,0.00,1430.59
2626071502326,15/07/2569,BZ-SUP-001,คอลลาเจนเปปไทด์ 200g,1,890.00,89.00,801.00,42.85,25.71,17.14,0.00,715.29
2626071502327,15/07/2569,BZ-ACC-002,ขวดน้ำเก็บความเย็น 500ml,2,760.00,0.00,760.00,40.66,24.40,16.26,15.00,663.68
2626071502328,15/07/2569,BZ-BND-001,เซตของขวัญรวม 3 ชิ้น,1,1190.00,119.00,1071.00,57.30,34.38,22.92,0.00,956.40
2626071502329,15/07/2569,BZ-ACC-001,กระเป๋าผ้าแคนวาส,2,640.00,0.00,640.00,34.24,20.54,13.70,0.00,571.52
2626071502330,15/07/2569,BZ-ACC-001,กระเป๋าผ้าแคนวาส,1,320.00,0.00,320.00,17.12,10.27,6.85,15.00,270.76
2626071502331,15/07/2569,BZ-ACC-001,กระเป๋าผ้าแคนวาส,2,640.00,0.00,640.00,34.24,20.54,13.70,15.00,556.52
2626071502332,15/07/2569,BZ-ACC-001,กระเป๋าผ้าแคนวาส,1,320.00,32.00,288.00,15.41,9.24,6.16,0.00,257.18
2626071502333,15/07/2569,BZ-ACC-001,กระเป๋าผ้าแคนวาส,1,320.00,32.00,288.00,15.41,9.24,6.16,0.00,257.18
2626071502334,15/07/2569,BZ-ACC-001,กระเป๋าผ้าแคนวาส,1,320.00,32.00,288.00,15.41,9.24,6.16,0.00,257.18
2626071502335,15/07/2569,BZ-ACC-001,กระเป๋าผ้าแคนวาส,1,320.00,32.00,288.00,15.41,9.24,6.16,15.00,242.18
2626071502336,15/07/2569,BZ-ACC-001,กระเป๋าผ้าแคนวาส,1,320.00,0.00,320.00,17.12,10.27,6.85,0.00,285.76
2626071502337,15/07/2569,BZ-ACC-001,กระเป๋าผ้าแคนวาส,2,640.00,0.00,640.00,34.24,20.54,13.70,15.00,556.52
2626071502338,15/07/2569,BZ-BND-001,เซตของขวัญรวม 3 ชิ้น,1,1190.00,0.00,1190.00,63.66,38.20,25.47,15.00,1047.67
2626071502339,15/07/2569,BZ-SUP-001,คอลลาเจนเปปไทด์ 200g,1,890.00,89.00,801.00,42.85,25.71,17.14,0.00,715.29
2626071502340,15/07/2569,BZ-ELC-001,หูฟังบลูทูธไร้สาย,1,690.00,69.00,621.00,33.22,19.93,13.29,15.00,539.55
2626071502341,15/07/2569,BZ-ELC-001,หูฟังบลูทูธไร้สาย,1,690.00,69.00,621.00,33.22,19.93,13.29,15.00,539.55
2626071502342,15/07/2569,BZ-ELC-001,หูฟังบลูทูธไร้สาย,1,690.00,69.00,621.00,33.22,19.93,13.29,15.00,539.55
2626071502343,15/07/2569,BZ-ELC-001,หูฟังบลูทูธไร้สาย,1,690.00,69.00,621.00,33.22,19.93,13.29,0.00,554.55
2626071502344,15/07/2569,BZ-ELC-001,หูฟังบลูทูธไร้สาย,1,690.00,0.00,690.00,36.91,22.15,14.77,15.00,601.17
2626071502345,15/07/2569,BZ-ELC-001,หูฟังบลูทูธไร้สาย,1,690.00,0.00,690.00,36.91,22.15,14.77,0.00,616.17
2626071502346,15/07/2569,BZ-ELC-001,หูฟังบลูทูธไร้สาย,1,690.00,69.00,621.00,33.22,19.93,13.29,15.00,539.55
2626071502347,15/07/2569,BZ-ELC-001,หูฟังบลูทูธไร้สาย,1,690.00,69.00,621.00,33.22,19.93,13.29,15.00,539.55
2626071502348,15/07/2569,BZ-ELC-001,หูฟังบลูทูธไร้สาย,1,690.00,0.00,690.00,36.91,22.15,14.77,15.00,601.17
2626071502349,15/07/2569,BZ-ELC-001,หูฟังบลูทูธไร้สาย,1,690.00,69.00,621.00,33.22,19.93,13.29,15.00,539.55
2626071502350,15/07/2569,BZ-ELC-001,หูฟังบลูทูธไร้สาย,2,1380.00,138.00,1242.00,66.45,39.87,26.58,0.00,1109.11
2626071502351,15/07/2569,BZ-ELC-001,หูฟังบลูทูธไร้สาย,1,690.00,0.00,690.00,36.91,22.15,14.77,0.00,616.17
2626071502352,15/07/2569,BZ-ELC-001,หูฟังบลูทูธไร้สาย,1,690.00,0.00,690.00,36.91,22.15,14.77,15.00,601.17
2626071502353,15/07/2569,BZ-ELC-001,หูฟังบลูทูธไร้สาย,1,690.00,69.00,621.00,33.22,19.93,13.29,0.00,554.55
2626071502354,15/07/2569,BZ-ELC-001,หูฟังบลูทูธไร้สาย,2,1380.00,0.00,1380.00,73.83,44.30,29.53,15.00,1217.34
2626071502355,15/07/2569,BZ-ELC-001,หูฟังบลูทูธไร้สาย,1,690.00,0.00,690.00,36.91,22.15,14.77,0.00,616.17
2626071502356,15/07/2569,BZ-ELC-001,หูฟังบลูทูธไร้สาย,1,690.00,0.00,690.00,36.91,22.15,14.77,0.00,616.17
2626071502357,15/07/2569,BZ-ELC-001,หูฟังบลูทูธไร้สาย,1,690.00,0.00,690.00,36.91,22.15,14.77,0.00,616.17
2626071502358,15/07/2569,BZ-ELC-001,หูฟังบลูทูธไร้สาย,1,690.00,0.00,690.00,36.91,22.15,14.77,0.00,616.17
2626071502359,15/07/2569,BZ-ELC-001,หูฟังบลูทูธไร้สาย,1,690.00,0.00,690.00,36.91,22.15,14.77,0.00,616.17
2626071502360,15/07/2569,BZ-ELC-001,หูฟังบลูทูธไร้สาย,2,1380.00,0.00,1380.00,73.83,44.30,29.53,15.00,1217.34
2626071502361,15/07/2569,BZ-SUP-001,คอลลาเจนเปปไทด์ 200g,1,890.00,0.00,890.00,47.62,28.57,19.05,0.00,794.77
2626071502362,15/07/2569,BZ-SKN-001,เซรั่มวิตามินซี 30ml,1,590.00,0.00,590.00,31.56,18.94,12.63,0.00,526.87
2626071502363,15/07/2569,BZ-BND-001,เซตของขวัญรวม 3 ชิ้น,1,1190.00,0.00,1190.00,63.66,38.20,25.47,0.00,1062.67
2626071502364,15/07/2569,BZ-BND-001,เซตของขวัญรวม 3 ชิ้น,2,2380.00,0.00,2380.00,127.33,76.40,50.93,15.00,2110.34
2626071502365,15/07/2569,BZ-BND-001,เซตของขวัญรวม 3 ชิ้น,1,1190.00,0.00,1190.00,63.66,38.20,25.47,15.00,1047.67
2626071502366,15/07/2569,BZ-BND-001,เซตของขวัญรวม 3 ชิ้น,1,1190.00,0.00,1190.00,63.66,38.20,25.47,0.00,1062.67
2626071502367,15/07/2569,BZ-BND-001,เซตของขวัญรวม 3 ชิ้น,1,1190.00,0.00,1190.00,63.66,38.20,25.47,0.00,1062.67
2626071502368,15/07/2569,BZ-BND-001,เซตของขวัญรวม 3 ชิ้น,1,1190.00,0.00,1190.00,63.66,38.20,25.47,0.00,1062.67
2626071502369,15/07/2569,BZ-BND-001,เซตของขวัญรวม 3 ชิ้น,1,1190.00,119.00,1071.00,57.30,34.38,22.92,15.00,941.40
2626071502370,15/07/2569,BZ-BND-001,เซตของขวัญรวม 3 ชิ้น,1,1190.00,119.00,1071.00,57.30,34.38,22.92,0.00,956.40
2626071502371,15/07/2569,BZ-BND-001,เซตของขวัญรวม 3 ชิ้น,1,1190.00,119.00,1071.00,57.30,34.38,22.92,0.00,956.40
2626071502372,15/07/2569,BZ-BND-001,เซตของขวัญรวม 3 ชิ้น,1,1190.00,0.00,1190.00,63.66,38.20,25.47,15.00,1047.67
2626071502373,15/07/2569,BZ-BND-001,เซตของขวัญรวม 3 ชิ้น,1,1190.00,119.00,1071.00,57.30,34.38,22.92,15.00,941.40
2626071502374,15/07/2569,BZ-BND-001,เซตของขวัญรวม 3 ชิ้น,1,1190.00,119.00,1071.00,57.30,34.38,22.92,0.00,956.40
2626071502375,15/07/2569,BZ-BND-001,เซตของขวัญรวม 3 ชิ้น,1,1190.00,0.00,1190.00,63.66,38.20,25.47,0.00,1062.67
2626071502376,15/07/2569,BZ-BND-001,เซตของขวัญรวม 3 ชิ้น,2,2380.00,238.00,2142.00,114.60,68.76,45.84,0.00,1912.81
2626071502377,15/07/2569,BZ-BND-001,เซตของขวัญรวม 3 ชิ้น,1,1190.00,119.00,1071.00,57.30,34.38,22.92,15.00,941.40
2626071502378,15/07/2569,BZ-BND-001,เซตของขวัญรวม 3 ชิ้น,1,1190.00,0.00,1190.00,63.66,38.20,25.47,0.00,1062.67
2626071502379,15/07/2569,BZ-BND-001,เซตของขวัญรวม 3 ชิ้น,1,1190.00,0.00,1190.00,63.66,38.20,25.47,15.00,1047.67
2626071502380,15/07/2569,BZ-BND-001,เซตของขวัญรวม 3 ชิ้น,1,1190.00,119.00,1071.00,57.30,34.38,22.92,15.00,941.40
2626071502381,15/07/2569,BZ-BND-001,เซตของขวัญรวม 3 ชิ้น,1,1190.00,0.00,1190.00,63.66,38.20,25.47,15.00,1047.67
2626071502382,15/07/2569,BZ-BND-001,เซตของขวัญรวม 3 ชิ้น,1,1190.00,0.00,1190.00,63.66,38.20,25.47,15.00,1047.67
2626071502383,15/07/2569,BZ-BND-001,เซตของขวัญรวม 3 ชิ้น,1,1190.00,119.00,1071.00,57.30,34.38,22.92,0.00,956.40
2626071502384,15/07/2569,BZ-SKN-001,เซรั่มวิตามินซี 30ml,1,590.00,0.00,590.00,31.56,18.94,12.63,0.00,526.87
2626071602385,16/07/2569,BZ-SKN-001,เซรั่มวิตามินซี 30ml,1,590.00,0.00,590.00,31.56,18.94,12.63,0.00,526.87
2626071602386,16/07/2569,BZ-SKN-001,เซรั่มวิตามินซี 30ml,1,590.00,0.00,590.00,31.56,18.94,12.63,0.00,526.87
2626071602387,16/07/2569,BZ-SKN-001,เซรั่มวิตามินซี 30ml,1,590.00,0.00,590.00,31.56,18.94,12.63,15.00,511.87
2626071602388,16/07/2569,BZ-SKN-001,เซรั่มวิตามินซี 30ml,1,590.00,0.00,590.00,31.56,18.94,12.63,15.00,511.87
2626071602389,16/07/2569,BZ-SKN-001,เซรั่มวิตามินซี 30ml,1,590.00,59.00,531.00,28.41,17.05,11.36,0.00,474.18
2626071602390,16/07/2569,BZ-SKN-001,เซรั่มวิตามินซี 30ml,1,590.00,0.00,590.00,31.56,18.94,12.63,0.00,526.87
2626071602391,16/07/2569,BZ-SKN-001,เซรั่มวิตามินซี 30ml,1,590.00,59.00,531.00,28.41,17.05,11.36,0.00,474.18
2626071602392,16/07/2569,BZ-SKN-001,เซรั่มวิตามินซี 30ml,1,590.00,59.00,531.00,28.41,17.05,11.36,0.00,474.18
2626071602393,16/07/2569,BZ-SKN-001,เซรั่มวิตามินซี 30ml,1,590.00,0.00,590.00,31.56,18.94,12.63,0.00,526.87
2626071602394,16/07/2569,BZ-SKN-001,เซรั่มวิตามินซี 30ml,1,590.00,59.00,531.00,28.41,17.05,11.36,0.00,474.18
2626071602395,16/07/2569,BZ-SKN-001,เซรั่มวิตามินซี 30ml,1,590.00,0.00,590.00,31.56,18.94,12.63,0.00,526.87
2626071602396,16/07/2569,BZ-SKN-001,เซรั่มวิตามินซี 30ml,1,590.00,0.00,590.00,31.56,18.94,12.63,0.00,526.87
2626071602397,16/07/2569,BZ-SKN-001,เซรั่มวิตามินซี 30ml,1,590.00,0.00,590.00,31.56,18.94,12.63,0.00,526.87
2626071602398,16/07/2569,BZ-SKN-001,เซรั่มวิตามินซี 30ml,1,590.00,0.00,590.00,31.56,18.94,12.63,0.00,526.87
2626071602399,16/07/2569,BZ-SKN-001,เซรั่มวิตามินซี 30ml,1,590.00,0.00,590.00,31.56,18.94,12.63,0.00,526.87
2626071602400,16/07/2569,BZ-SKN-001,เซรั่มวิตามินซี 30ml,1,590.00,0.00,590.00,31.56,18.94,12.63,0.00,526.87
2626071602401,16/07/2569,BZ-SKN-001,เซรั่มวิตามินซี 30ml,1,590.00,0.00,590.00,31.56,18.94,12.63,0.00,526.87
2626071602402,16/07/2569,BZ-SKN-001,เซรั่มวิตามินซี 30ml,1,590.00,0.00,590.00,31.56,18.94,12.63,0.00,526.87
2626071602403,16/07/2569,BZ-SKN-001,เซรั่มวิตามินซี 30ml,1,590.00,0.00,590.00,31.56,18.94,12.63,0.00,526.87
2626071602404,16/07/2569,BZ-SKN-001,เซรั่มวิตามินซี 30ml,2,1180.00,118.00,1062.00,56.82,34.09,22.73,15.00,933.37
2626071602405,16/07/2569,BZ-SKN-001,เซรั่มวิตามินซี 30ml,1,590.00,0.00,590.00,31.56,18.94,12.63,0.00,526.87
2626071602406,16/07/2569,BZ-SKN-001,เซรั่มวิตามินซี 30ml,1,590.00,0.00,590.00,31.56,18.94,12.63,0.00,526.87
2626071602407,16/07/2569,BZ-SKN-001,เซรั่มวิตามินซี 30ml,2,1180.00,0.00,1180.00,63.13,37.88,25.25,15.00,1038.74
2626071602408,16/07/2569,BZ-SKN-001,เซรั่มวิตามินซี 30ml,2,1180.00,118.00,1062.00,56.82,34.09,22.73,0.00,948.37
2626071602409,16/07/2569,BZ-SKN-001,เซรั่มวิตามินซี 30ml,1,590.00,0.00,590.00,31.56,18.94,12.63,0.00,526.87
2626071602410,16/07/2569,BZ-SKN-001,เซรั่มวิตามินซี 30ml,1,590.00,59.00,531.00,28.41,17.05,11.36,15.00,459.18
2626071602411,16/07/2569,BZ-SKN-001,เซรั่มวิตามินซี 30ml,2,1180.00,118.00,1062.00,56.82,34.09,22.73,0.00,948.37
2626071602412,16/07/2569,BZ-SKN-001,เซรั่มวิตามินซี 30ml,2,1180.00,118.00,1062.00,56.82,34.09,22.73,0.00,948.37
2626071602413,16/07/2569,BZ-SKN-001,เซรั่มวิตามินซี 30ml,2,1180.00,0.00,1180.00,63.13,37.88,25.25,0.00,1053.74
2626071602414,16/07/2569,BZ-SKN-001,เซรั่มวิตามินซี 30ml,1,590.00,0.00,590.00,31.56,18.94,12.63,15.00,511.87
2626071602415,16/07/2569,BZ-SKN-001,เซรั่มวิตามินซี 30ml,1,590.00,59.00,531.00,28.41,17.05,11.36,0.00,474.18
2626071602416,16/07/2569,BZ-SKN-001,เซรั่มวิตามินซี 30ml,1,590.00,0.00,590.00,31.56,18.94,12.63,15.00,511.87
2626071602417,16/07/2569,BZ-SKN-001,เซรั่มวิตามินซี 30ml,1,590.00,59.00,531.00,28.41,17.05,11.36,0.00,474.18
2626071602418,16/07/2569,BZ-SKN-001,เซรั่มวิตามินซี 30ml,2,1180.00,118.00,1062.00,56.82,34.09,22.73,15.00,933.37
2626071602419,16/07/2569,BZ-SKN-001,เซรั่มวิตามินซี 30ml,1,590.00,0.00,590.00,31.56,18.94,12.63,0.00,526.87
2626071602420,16/07/2569,BZ-SKN-001,เซรั่มวิตามินซี 30ml,1,590.00,59.00,531.00,28.41,17.05,11.36,15.00,459.18
2626071602421,16/07/2569,BZ-BND-001,เซตของขวัญรวม 3 ชิ้น,2,2380.00,0.00,2380.00,127.33,76.40,50.93,15.00,2110.34
2626071602422,16/07/2569,BZ-BND-001,เซตของขวัญรวม 3 ชิ้น,1,1190.00,119.00,1071.00,57.30,34.38,22.92,0.00,956.40
2626071602423,16/07/2569,BZ-ACC-001,กระเป๋าผ้าแคนวาส,1,320.00,32.00,288.00,15.41,9.24,6.16,15.00,242.18
2626071602424,16/07/2569,BZ-SUP-001,คอลลาเจนเปปไทด์ 200g,1,890.00,0.00,890.00,47.62,28.57,19.05,0.00,794.77
2626071602425,16/07/2569,BZ-SKN-002,ครีมกันแดด SPF50 50g,1,450.00,0.00,450.00,24.07,14.44,9.63,0.00,401.85
2626071602426,16/07/2569,BZ-SKN-001,เซรั่มวิตามินซี 30ml,1,590.00,0.00,590.00,31.56,18.94,12.63,15.00,511.87
2626071602427,16/07/2569,BZ-SUP-001,คอลลาเจนเปปไทด์ 200g,1,890.00,89.00,801.00,42.85,25.71,17.14,15.00,700.29
2626071602428,16/07/2569,BZ-SKN-001,เซรั่มวิตามินซี 30ml,1,590.00,0.00,590.00,31.56,18.94,12.63,15.00,511.87
2626071602429,16/07/2569,BZ-SUP-001,คอลลาเจนเปปไทด์ 200g,2,1780.00,178.00,1602.00,85.71,51.42,34.28,0.00,1430.59
2626071602430,16/07/2569,BZ-SUP-001,คอลลาเจนเปปไทด์ 200g,1,890.00,89.00,801.00,42.85,25.71,17.14,0.00,715.29
2626071602431,16/07/2569,BZ-SUP-001,คอลลาเจนเปปไทด์ 200g,1,890.00,0.00,890.00,47.62,28.57,19.05,0.00,794.77
2626071602432,16/07/2569,BZ-SUP-001,คอลลาเจนเปปไทด์ 200g,2,1780.00,178.00,1602.00,85.71,51.42,34.28,15.00,1415.59
2626071602433,16/07/2569,BZ-SUP-001,คอลลาเจนเปปไทด์ 200g,1,890.00,89.00,801.00,42.85,25.71,17.14,0.00,715.29
2626071602434,16/07/2569,BZ-SUP-001,คอลลาเจนเปปไทด์ 200g,1,890.00,89.00,801.00,42.85,25.71,17.14,0.00,715.29
2626071602435,16/07/2569,BZ-SUP-001,คอลลาเจนเปปไทด์ 200g,1,890.00,0.00,890.00,47.62,28.57,19.05,15.00,779.77
2626071602436,16/07/2569,BZ-SUP-001,คอลลาเจนเปปไทด์ 200g,2,1780.00,0.00,1780.00,95.23,57.14,38.09,0.00,1589.54
2626071602437,16/07/2569,BZ-SUP-001,คอลลาเจนเปปไทด์ 200g,1,890.00,89.00,801.00,42.85,25.71,17.14,0.00,715.29
2626071602438,16/07/2569,BZ-SUP-001,คอลลาเจนเปปไทด์ 200g,1,890.00,89.00,801.00,42.85,25.71,17.14,15.00,700.29
2626071602439,16/07/2569,BZ-SUP-001,คอลลาเจนเปปไทด์ 200g,1,890.00,0.00,890.00,47.62,28.57,19.05,15.00,779.77
2626071602440,16/07/2569,BZ-SUP-001,คอลลาเจนเปปไทด์ 200g,1,890.00,89.00,801.00,42.85,25.71,17.14,15.00,700.29
2626071602441,16/07/2569,BZ-SUP-001,คอลลาเจนเปปไทด์ 200g,1,890.00,89.00,801.00,42.85,25.71,17.14,0.00,715.29
2626071602442,16/07/2569,BZ-SUP-001,คอลลาเจนเปปไทด์ 200g,1,890.00,0.00,890.00,47.62,28.57,19.05,15.00,779.77
2626071602443,16/07/2569,BZ-SUP-001,คอลลาเจนเปปไทด์ 200g,1,890.00,0.00,890.00,47.62,28.57,19.05,15.00,779.77
2626071602444,16/07/2569,BZ-SUP-001,คอลลาเจนเปปไทด์ 200g,2,1780.00,0.00,1780.00,95.23,57.14,38.09,0.00,1589.54
2626071602445,16/07/2569,BZ-SUP-001,คอลลาเจนเปปไทด์ 200g,1,890.00,89.00,801.00,42.85,25.71,17.14,15.00,700.29
2626071602446,16/07/2569,BZ-SUP-001,คอลลาเจนเปปไทด์ 200g,1,890.00,0.00,890.00,47.62,28.57,19.05,15.00,779.77
2626071602447,16/07/2569,BZ-SUP-001,คอลลาเจนเปปไทด์ 200g,1,890.00,0.00,890.00,47.62,28.57,19.05,0.00,794.77
2626071602448,16/07/2569,BZ-SUP-001,คอลลาเจนเปปไทด์ 200g,1,890.00,0.00,890.00,47.62,28.57,19.05,0.00,794.77
2626071602449,16/07/2569,BZ-SUP-001,คอลลาเจนเปปไทด์ 200g,2,1780.00,0.00,1780.00,95.23,57.14,38.09,0.00,1589.54
2626071602450,16/07/2569,BZ-SKN-001,เซรั่มวิตามินซี 30ml,1,590.00,59.00,531.00,28.41,17.05,11.36,0.00,474.18
2626071602451,16/07/2569,BZ-ELC-001,หูฟังบลูทูธไร้สาย,1,690.00,0.00,690.00,36.91,22.15,14.77,0.00,616.17
2626071602452,16/07/2569,BZ-ELC-001,หูฟังบลูทูธไร้สาย,1,690.00,69.00,621.00,33.22,19.93,13.29,0.00,554.55
2626071602453,16/07/2569,BZ-ACC-002,ขวดน้ำเก็บความเย็น 500ml,1,380.00,0.00,380.00,20.33,12.20,8.13,15.00,324.34
2626071602454,16/07/2569,BZ-ACC-001,กระเป๋าผ้าแคนวาส,1,320.00,32.00,288.00,15.41,9.24,6.16,0.00,257.18
2626071602455,16/07/2569,BZ-ACC-001,กระเป๋าผ้าแคนวาส,1,320.00,0.00,320.00,17.12,10.27,6.85,15.00,270.76
2626071602456,16/07/2569,BZ-ACC-001,กระเป๋าผ้าแคนวาส,2,640.00,64.00,576.00,30.82,18.49,12.33,15.00,499.37
2626071602457,16/07/2569,BZ-ACC-001,กระเป๋าผ้าแคนวาส,1,320.00,0.00,320.00,17.12,10.27,6.85,15.00,270.76
2626071602458,16/07/2569,BZ-ACC-001,กระเป๋าผ้าแคนวาส,1,320.00,0.00,320.00,17.12,10.27,6.85,0.00,285.76
2626071602459,16/07/2569,BZ-ACC-001,กระเป๋าผ้าแคนวาส,2,640.00,0.00,640.00,34.24,20.54,13.70,0.00,571.52
2626071602460,16/07/2569,BZ-ACC-001,กระเป๋าผ้าแคนวาส,1,320.00,32.00,288.00,15.41,9.24,6.16,15.00,242.18
2626071602461,16/07/2569,BZ-ACC-001,กระเป๋าผ้าแคนวาส,1,320.00,0.00,320.00,17.12,10.27,6.85,0.00,285.76
2626071602462,16/07/2569,BZ-ACC-001,กระเป๋าผ้าแคนวาส,1,320.00,32.00,288.00,15.41,9.24,6.16,0.00,257.18
2626071602463,16/07/2569,BZ-ACC-001,กระเป๋าผ้าแคนวาส,1,320.00,32.00,288.00,15.41,9.24,6.16,0.00,257.18
2626071602464,16/07/2569,BZ-ACC-001,กระเป๋าผ้าแคนวาส,1,320.00,0.00,320.00,17.12,10.27,6.85,15.00,270.76
2626071602465,16/07/2569,BZ-ACC-001,กระเป๋าผ้าแคนวาส,1,320.00,0.00,320.00,17.12,10.27,6.85,15.00,270.76
2626071602466,16/07/2569,BZ-ACC-001,กระเป๋าผ้าแคนวาส,2,640.00,0.00,640.00,34.24,20.54,13.70,0.00,571.52
2626071602467,16/07/2569,BZ-ACC-001,กระเป๋าผ้าแคนวาส,1,320.00,0.00,320.00,17.12,10.27,6.85,0.00,285.76
2626071602468,16/07/2569,BZ-SUP-001,คอลลาเจนเปปไทด์ 200g,1,890.00,89.00,801.00,42.85,25.71,17.14,0.00,715.29
2626071602469,16/07/2569,BZ-ACC-002,ขวดน้ำเก็บความเย็น 500ml,1,380.00,0.00,380.00,20.33,12.20,8.13,0.00,339.34
2626071602470,16/07/2569,BZ-SKN-001,เซรั่มวิตามินซี 30ml,2,1180.00,0.00,1180.00,63.13,37.88,25.25,0.00,1053.74
2626071602471,16/07/2569,BZ-ELC-001,หูฟังบลูทูธไร้สาย,1,690.00,69.00,621.00,33.22,19.93,13.29,0.00,554.55
2626071602472,16/07/2569,BZ-ELC-001,หูฟังบลูทูธไร้สาย,1,690.00,69.00,621.00,33.22,19.93,13.29,0.00,554.55
2626071602473,16/07/2569,BZ-ELC-001,หูฟังบลูทูธไร้สาย,1,690.00,0.00,690.00,36.91,22.15,14.77,0.00,616.17
2626071602474,16/07/2569,BZ-ELC-001,หูฟังบลูทูธไร้สาย,1,690.00,69.00,621.00,33.22,19.93,13.29,0.00,554.55
2626071602475,16/07/2569,BZ-ELC-001,หูฟังบลูทูธไร้สาย,1,690.00,0.00,690.00,36.91,22.15,14.77,15.00,601.17
2626071602476,16/07/2569,BZ-ELC-001,หูฟังบลูทูธไร้สาย,1,690.00,69.00,621.00,33.22,19.93,13.29,0.00,554.55
2626071602477,16/07/2569,BZ-ELC-001,หูฟังบลูทูธไร้สาย,1,690.00,0.00,690.00,36.91,22.15,14.77,15.00,601.17
2626071602478,16/07/2569,BZ-ELC-001,หูฟังบลูทูธไร้สาย,1,690.00,0.00,690.00,36.91,22.15,14.77,0.00,616.17
2626071602479,16/07/2569,BZ-ELC-001,หูฟังบลูทูธไร้สาย,2,1380.00,138.00,1242.00,66.45,39.87,26.58,0.00,1109.11
2626071602480,16/07/2569,BZ-ELC-001,หูฟังบลูทูธไร้สาย,1,690.00,0.00,690.00,36.91,22.15,14.77,0.00,616.17
2626071602481,16/07/2569,BZ-ELC-001,หูฟังบลูทูธไร้สาย,2,1380.00,138.00,1242.00,66.45,39.87,26.58,0.00,1109.11
2626071602482,16/07/2569,BZ-ELC-001,หูฟังบลูทูธไร้สาย,1,690.00,0.00,690.00,36.91,22.15,14.77,0.00,616.17
2626071602483,16/07/2569,BZ-ELC-001,หูฟังบลูทูธไร้สาย,2,1380.00,0.00,1380.00,73.83,44.30,29.53,15.00,1217.34
2626071602484,16/07/2569,BZ-ELC-001,หูฟังบลูทูธไร้สาย,1,690.00,0.00,690.00,36.91,22.15,14.77,0.00,616.17
2626071602485,16/07/2569,BZ-ELC-001,หูฟังบลูทูธไร้สาย,1,690.00,0.00,690.00,36.91,22.15,14.77,0.00,616.17
2626071602486,16/07/2569,BZ-ELC-001,หูฟังบลูทูธไร้สาย,1,690.00,69.00,621.00,33.22,19.93,13.29,0.00,554.55
2626071602487,16/07/2569,BZ-ELC-001,หูฟังบลูทูธไร้สาย,1,690.00,69.00,621.00,33.22,19.93,13.29,0.00,554.55
2626071602488,16/07/2569,BZ-ELC-001,หูฟังบลูทูธไร้สาย,1,690.00,0.00,690.00,36.91,22.15,14.77,0.00,616.17
2626071602489,16/07/2569,BZ-ELC-001,หูฟังบลูทูธไร้สาย,1,690.00,0.00,690.00,36.91,22.15,14.77,0.00,616.17
2626071602490,16/07/2569,BZ-ELC-001,หูฟังบลูทูธไร้สาย,2,1380.00,138.00,1242.00,66.45,39.87,26.58,0.00,1109.11
2626071602491,16/07/2569,BZ-ELC-001,หูฟังบลูทูธไร้สาย,2,1380.00,138.00,1242.00,66.45,39.87,26.58,15.00,1094.11
2626071602492,16/07/2569,BZ-ELC-001,หูฟังบลูทูธไร้สาย,1,690.00,69.00,621.00,33.22,19.93,13.29,0.00,554.55
2626071602493,16/07/2569,BZ-ELC-001,หูฟังบลูทูธไร้สาย,2,1380.00,0.00,1380.00,73.83,44.30,29.53,0.00,1232.34
2626071602494,16/07/2569,BZ-SKN-001,เซรั่มวิตามินซี 30ml,1,590.00,0.00,590.00,31.56,18.94,12.63,15.00,511.87
2626071602495,16/07/2569,BZ-BND-001,เซตของขวัญรวม 3 ชิ้น,1,1190.00,0.00,1190.00,63.66,38.20,25.47,0.00,1062.67
2626071602496,16/07/2569,BZ-BND-001,เซตของขวัญรวม 3 ชิ้น,2,2380.00,0.00,2380.00,127.33,76.40,50.93,0.00,2125.34
2626071602497,16/07/2569,BZ-BND-001,เซตของขวัญรวม 3 ชิ้น,2,2380.00,0.00,2380.00,127.33,76.40,50.93,15.00,2110.34
2626071602498,16/07/2569,BZ-BND-001,เซตของขวัญรวม 3 ชิ้น,1,1190.00,119.00,1071.00,57.30,34.38,22.92,0.00,956.40
2626071602499,16/07/2569,BZ-BND-001,เซตของขวัญรวม 3 ชิ้น,2,2380.00,0.00,2380.00,127.33,76.40,50.93,0.00,2125.34
2626071602500,16/07/2569,BZ-BND-001,เซตของขวัญรวม 3 ชิ้น,1,1190.00,119.00,1071.00,57.30,34.38,22.92,0.00,956.40
2626071602501,16/07/2569,BZ-BND-001,เซตของขวัญรวม 3 ชิ้น,2,2380.00,0.00,2380.00,127.33,76.40,50.93,0.00,2125.34
2626071602502,16/07/2569,BZ-BND-001,เซตของขวัญรวม 3 ชิ้น,1,1190.00,0.00,1190.00,63.66,38.20,25.47,0.00,1062.67
2626071602503,16/07/2569,BZ-BND-001,เซตของขวัญรวม 3 ชิ้น,1,1190.00,119.00,1071.00,57.30,34.38,22.92,0.00,956.40
2626071602504,16/07/2569,BZ-BND-001,เซตของขวัญรวม 3 ชิ้น,1,1190.00,119.00,1071.00,57.30,34.38,22.92,0.00,956.40
2626071602505,16/07/2569,BZ-BND-001,เซตของขวัญรวม 3 ชิ้น,1,1190.00,0.00,1190.00,63.66,38.20,25.47,0.00,1062.67
2626071602506,16/07/2569,BZ-BND-001,เซตของขวัญรวม 3 ชิ้น,1,1190.00,0.00,1190.00,63.66,38.20,25.47,0.00,1062.67
2626071602507,16/07/2569,BZ-BND-001,เซตของขวัญรวม 3 ชิ้น,1,1190.00,119.00,1071.00,57.30,34.38,22.92,15.00,941.40
2626071602508,16/07/2569,BZ-BND-001,เซตของขวัญรวม 3 ชิ้น,1,1190.00,0.00,1190.00,63.66,38.20,25.47,0.00,1062.67
2626071602509,16/07/2569,BZ-ACC-002,ขวดน้ำเก็บความเย็น 500ml,1,380.00,0.00,380.00,20.33,12.20,8.13,15.00,324.34
2626071702510,17/07/2569,BZ-SKN-001,เซรั่มวิตามินซี 30ml,1,590.00,0.00,590.00,31.56,18.94,12.63,0.00,526.87
2626071702511,17/07/2569,BZ-SKN-001,เซรั่มวิตามินซี 30ml,1,590.00,59.00,531.00,28.41,17.05,11.36,0.00,474.18
2626071702512,17/07/2569,BZ-SKN-001,เซรั่มวิตามินซี 30ml,1,590.00,59.00,531.00,28.41,17.05,11.36,15.00,459.18
2626071702513,17/07/2569,BZ-SKN-001,เซรั่มวิตามินซี 30ml,1,590.00,59.00,531.00,28.41,17.05,11.36,0.00,474.18
2626071702514,17/07/2569,BZ-SKN-001,เซรั่มวิตามินซี 30ml,1,590.00,0.00,590.00,31.56,18.94,12.63,15.00,511.87
2626071702515,17/07/2569,BZ-SKN-001,เซรั่มวิตามินซี 30ml,1,590.00,59.00,531.00,28.41,17.05,11.36,0.00,474.18
2626071702516,17/07/2569,BZ-SKN-001,เซรั่มวิตามินซี 30ml,2,1180.00,0.00,1180.00,63.13,37.88,25.25,15.00,1038.74
2626071702517,17/07/2569,BZ-SKN-001,เซรั่มวิตามินซี 30ml,1,590.00,0.00,590.00,31.56,18.94,12.63,15.00,511.87
2626071702518,17/07/2569,BZ-SKN-001,เซรั่มวิตามินซี 30ml,1,590.00,0.00,590.00,31.56,18.94,12.63,0.00,526.87
2626071702519,17/07/2569,BZ-SKN-001,เซรั่มวิตามินซี 30ml,1,590.00,59.00,531.00,28.41,17.05,11.36,15.00,459.18
2626071702520,17/07/2569,BZ-SKN-001,เซรั่มวิตามินซี 30ml,1,590.00,0.00,590.00,31.56,18.94,12.63,0.00,526.87
2626071702521,17/07/2569,BZ-SKN-001,เซรั่มวิตามินซี 30ml,1,590.00,0.00,590.00,31.56,18.94,12.63,0.00,526.87
2626071702522,17/07/2569,BZ-SKN-001,เซรั่มวิตามินซี 30ml,1,590.00,0.00,590.00,31.56,18.94,12.63,0.00,526.87
2626071702523,17/07/2569,BZ-SKN-001,เซรั่มวิตามินซี 30ml,1,590.00,0.00,590.00,31.56,18.94,12.63,15.00,511.87
2626071702524,17/07/2569,BZ-SKN-001,เซรั่มวิตามินซี 30ml,1,590.00,0.00,590.00,31.56,18.94,12.63,0.00,526.87
2626071702525,17/07/2569,BZ-SKN-001,เซรั่มวิตามินซี 30ml,2,1180.00,118.00,1062.00,56.82,34.09,22.73,15.00,933.37
2626071702526,17/07/2569,BZ-SKN-001,เซรั่มวิตามินซี 30ml,1,590.00,0.00,590.00,31.56,18.94,12.63,15.00,511.87
2626071702527,17/07/2569,BZ-SKN-001,เซรั่มวิตามินซี 30ml,1,590.00,0.00,590.00,31.56,18.94,12.63,15.00,511.87
2626071702528,17/07/2569,BZ-SKN-001,เซรั่มวิตามินซี 30ml,1,590.00,59.00,531.00,28.41,17.05,11.36,15.00,459.18
2626071702529,17/07/2569,BZ-SKN-001,เซรั่มวิตามินซี 30ml,2,1180.00,118.00,1062.00,56.82,34.09,22.73,0.00,948.37
2626071702530,17/07/2569,BZ-SKN-001,เซรั่มวิตามินซี 30ml,1,590.00,59.00,531.00,28.41,17.05,11.36,15.00,459.18
2626071702531,17/07/2569,BZ-SKN-001,เซรั่มวิตามินซี 30ml,1,590.00,0.00,590.00,31.56,18.94,12.63,0.00,526.87
2626071702532,17/07/2569,BZ-SKN-001,เซรั่มวิตามินซี 30ml,1,590.00,0.00,590.00,31.56,18.94,12.63,15.00,511.87
2626071702533,17/07/2569,BZ-SKN-001,เซรั่มวิตามินซี 30ml,2,1180.00,0.00,1180.00,63.13,37.88,25.25,0.00,1053.74
2626071702534,17/07/2569,BZ-SKN-001,เซรั่มวิตามินซี 30ml,1,590.00,59.00,531.00,28.41,17.05,11.36,15.00,459.18
2626071702535,17/07/2569,BZ-SKN-001,เซรั่มวิตามินซี 30ml,1,590.00,0.00,590.00,31.56,18.94,12.63,15.00,511.87
2626071702536,17/07/2569,BZ-SKN-001,เซรั่มวิตามินซี 30ml,2,1180.00,0.00,1180.00,63.13,37.88,25.25,0.00,1053.74
2626071702537,17/07/2569,BZ-SKN-001,เซรั่มวิตามินซี 30ml,1,590.00,0.00,590.00,31.56,18.94,12.63,0.00,526.87
2626071702538,17/07/2569,BZ-SKN-001,เซรั่มวิตามินซี 30ml,1,590.00,0.00,590.00,31.56,18.94,12.63,15.00,511.87
2626071702539,17/07/2569,BZ-SKN-001,เซรั่มวิตามินซี 30ml,1,590.00,59.00,531.00,28.41,17.05,11.36,0.00,474.18
2626071702540,17/07/2569,BZ-SKN-001,เซรั่มวิตามินซี 30ml,2,1180.00,0.00,1180.00,63.13,37.88,25.25,15.00,1038.74
2626071702541,17/07/2569,BZ-SKN-001,เซรั่มวิตามินซี 30ml,2,1180.00,118.00,1062.00,56.82,34.09,22.73,15.00,933.37
2626071702542,17/07/2569,BZ-SKN-001,เซรั่มวิตามินซี 30ml,1,590.00,0.00,590.00,31.56,18.94,12.63,0.00,526.87
2626071702543,17/07/2569,BZ-SKN-001,เซรั่มวิตามินซี 30ml,1,590.00,0.00,590.00,31.56,18.94,12.63,15.00,511.87
2626071702544,17/07/2569,BZ-SKN-001,เซรั่มวิตามินซี 30ml,1,590.00,59.00,531.00,28.41,17.05,11.36,0.00,474.18
2626071702545,17/07/2569,BZ-SKN-001,เซรั่มวิตามินซี 30ml,1,590.00,59.00,531.00,28.41,17.05,11.36,0.00,474.18
2626071702546,17/07/2569,BZ-SKN-001,เซรั่มวิตามินซี 30ml,1,590.00,0.00,590.00,31.56,18.94,12.63,0.00,526.87
2626071702547,17/07/2569,BZ-SKN-001,เซรั่มวิตามินซี 30ml,1,590.00,0.00,590.00,31.56,18.94,12.63,0.00,526.87
2626071702548,17/07/2569,BZ-SKN-001,เซรั่มวิตามินซี 30ml,1,590.00,0.00,590.00,31.56,18.94,12.63,15.00,511.87
2626071702549,17/07/2569,BZ-SKN-001,เซรั่มวิตามินซี 30ml,1,590.00,0.00,590.00,31.56,18.94,12.63,0.00,526.87
2626071702550,17/07/2569,BZ-SKN-001,เซรั่มวิตามินซี 30ml,1,590.00,0.00,590.00,31.56,18.94,12.63,0.00,526.87
2626071702551,17/07/2569,BZ-SKN-001,เซรั่มวิตามินซี 30ml,1,590.00,0.00,590.00,31.56,18.94,12.63,0.00,526.87
2626071702552,17/07/2569,BZ-SKN-001,เซรั่มวิตามินซี 30ml,1,590.00,59.00,531.00,28.41,17.05,11.36,15.00,459.18
2626071702553,17/07/2569,BZ-SKN-001,เซรั่มวิตามินซี 30ml,1,590.00,59.00,531.00,28.41,17.05,11.36,15.00,459.18
2626071702554,17/07/2569,BZ-SKN-001,เซรั่มวิตามินซี 30ml,1,590.00,0.00,590.00,31.56,18.94,12.63,15.00,511.87
2626071702555,17/07/2569,BZ-SKN-001,เซรั่มวิตามินซี 30ml,1,590.00,0.00,590.00,31.56,18.94,12.63,15.00,511.87
2626071702556,17/07/2569,BZ-SKN-001,เซรั่มวิตามินซี 30ml,1,590.00,0.00,590.00,31.56,18.94,12.63,0.00,526.87
2626071702557,17/07/2569,BZ-SKN-001,เซรั่มวิตามินซี 30ml,1,590.00,0.00,590.00,31.56,18.94,12.63,15.00,511.87
2626071702558,17/07/2569,BZ-BND-001,เซตของขวัญรวม 3 ชิ้น,1,1190.00,0.00,1190.00,63.66,38.20,25.47,15.00,1047.67
2626071702559,17/07/2569,BZ-BND-001,เซตของขวัญรวม 3 ชิ้น,1,1190.00,0.00,1190.00,63.66,38.20,25.47,0.00,1062.67
2626071702560,17/07/2569,BZ-ELC-001,หูฟังบลูทูธไร้สาย,2,1380.00,138.00,1242.00,66.45,39.87,26.58,15.00,1094.11
2626071702561,17/07/2569,BZ-BND-001,เซตของขวัญรวม 3 ชิ้น,1,1190.00,0.00,1190.00,63.66,38.20,25.47,15.00,1047.67
2626071702562,17/07/2569,BZ-ACC-001,กระเป๋าผ้าแคนวาส,1,320.00,32.00,288.00,15.41,9.24,6.16,0.00,257.18
2626071702563,17/07/2569,BZ-ELC-001,หูฟังบลูทูธไร้สาย,1,690.00,0.00,690.00,36.91,22.15,14.77,0.00,616.17
2626071702564,17/07/2569,BZ-SKN-001,เซรั่มวิตามินซี 30ml,1,590.00,59.00,531.00,28.41,17.05,11.36,15.00,459.18
2626071702565,17/07/2569,BZ-SKN-001,เซรั่มวิตามินซี 30ml,1,590.00,0.00,590.00,31.56,18.94,12.63,0.00,526.87
2626071702566,17/07/2569,BZ-SKN-001,เซรั่มวิตามินซี 30ml,1,590.00,0.00,590.00,31.56,18.94,12.63,15.00,511.87
2626071702567,17/07/2569,BZ-ACC-001,กระเป๋าผ้าแคนวาส,2,640.00,0.00,640.00,34.24,20.54,13.70,0.00,571.52
2626071702568,17/07/2569,BZ-SKN-002,ครีมกันแดด SPF50 50g,1,450.00,45.00,405.00,21.67,13.00,8.67,15.00,346.67
2626071702569,17/07/2569,BZ-SUP-001,คอลลาเจนเปปไทด์ 200g,1,890.00,0.00,890.00,47.62,28.57,19.05,0.00,794.77
2626071702570,17/07/2569,BZ-SUP-001,คอลลาเจนเปปไทด์ 200g,1,890.00,0.00,890.00,47.62,28.57,19.05,15.00,779.77
2626071702571,17/07/2569,BZ-SUP-001,คอลลาเจนเปปไทด์ 200g,1,890.00,89.00,801.00,42.85,25.71,17.14,0.00,715.29
2626071702572,17/07/2569,BZ-SUP-001,คอลลาเจนเปปไทด์ 200g,1,890.00,0.00,890.00,47.62,28.57,19.05,15.00,779.77
2626071702573,17/07/2569,BZ-SUP-001,คอลลาเจนเปปไทด์ 200g,1,890.00,0.00,890.00,47.62,28.57,19.05,0.00,794.77
2626071702574,17/07/2569,BZ-SUP-001,คอลลาเจนเปปไทด์ 200g,1,890.00,0.00,890.00,47.62,28.57,19.05,0.00,794.77
2626071702575,17/07/2569,BZ-SUP-001,คอลลาเจนเปปไทด์ 200g,1,890.00,0.00,890.00,47.62,28.57,19.05,0.00,794.77
2626071702576,17/07/2569,BZ-SUP-001,คอลลาเจนเปปไทด์ 200g,1,890.00,89.00,801.00,42.85,25.71,17.14,15.00,700.29
2626071702577,17/07/2569,BZ-SUP-001,คอลลาเจนเปปไทด์ 200g,1,890.00,89.00,801.00,42.85,25.71,17.14,15.00,700.29
2626071702578,17/07/2569,BZ-SUP-001,คอลลาเจนเปปไทด์ 200g,1,890.00,89.00,801.00,42.85,25.71,17.14,15.00,700.29
2626071702579,17/07/2569,BZ-SUP-001,คอลลาเจนเปปไทด์ 200g,1,890.00,0.00,890.00,47.62,28.57,19.05,0.00,794.77
2626071702580,17/07/2569,BZ-SUP-001,คอลลาเจนเปปไทด์ 200g,1,890.00,0.00,890.00,47.62,28.57,19.05,0.00,794.77
2626071702581,17/07/2569,BZ-SUP-001,คอลลาเจนเปปไทด์ 200g,1,890.00,0.00,890.00,47.62,28.57,19.05,15.00,779.77
2626071702582,17/07/2569,BZ-SUP-001,คอลลาเจนเปปไทด์ 200g,1,890.00,0.00,890.00,47.62,28.57,19.05,15.00,779.77
2626071702583,17/07/2569,BZ-SUP-001,คอลลาเจนเปปไทด์ 200g,1,890.00,0.00,890.00,47.62,28.57,19.05,0.00,794.77
2626071702584,17/07/2569,BZ-BND-001,เซตของขวัญรวม 3 ชิ้น,1,1190.00,0.00,1190.00,63.66,38.20,25.47,0.00,1062.67
2626071702585,17/07/2569,BZ-ACC-001,กระเป๋าผ้าแคนวาส,1,320.00,32.00,288.00,15.41,9.24,6.16,0.00,257.18
2626071702586,17/07/2569,BZ-ACC-001,กระเป๋าผ้าแคนวาส,1,320.00,32.00,288.00,15.41,9.24,6.16,0.00,257.18
2626071702587,17/07/2569,BZ-ACC-001,กระเป๋าผ้าแคนวาส,1,320.00,0.00,320.00,17.12,10.27,6.85,0.00,285.76
2626071702588,17/07/2569,BZ-ACC-001,กระเป๋าผ้าแคนวาส,1,320.00,0.00,320.00,17.12,10.27,6.85,0.00,285.76
2626071702589,17/07/2569,BZ-ACC-001,กระเป๋าผ้าแคนวาส,2,640.00,64.00,576.00,30.82,18.49,12.33,15.00,499.37
2626071702590,17/07/2569,BZ-ACC-001,กระเป๋าผ้าแคนวาส,1,320.00,0.00,320.00,17.12,10.27,6.85,15.00,270.76
2626071702591,17/07/2569,BZ-ACC-001,กระเป๋าผ้าแคนวาส,1,320.00,0.00,320.00,17.12,10.27,6.85,15.00,270.76
2626071702592,17/07/2569,BZ-ACC-001,กระเป๋าผ้าแคนวาส,1,320.00,32.00,288.00,15.41,9.24,6.16,15.00,242.18
2626071702593,17/07/2569,BZ-ACC-001,กระเป๋าผ้าแคนวาส,1,320.00,0.00,320.00,17.12,10.27,6.85,0.00,285.76
2626071702594,17/07/2569,BZ-ACC-001,กระเป๋าผ้าแคนวาส,1,320.00,0.00,320.00,17.12,10.27,6.85,0.00,285.76
2626071702595,17/07/2569,BZ-BND-001,เซตของขวัญรวม 3 ชิ้น,1,1190.00,0.00,1190.00,63.66,38.20,25.47,0.00,1062.67
2626071702596,17/07/2569,BZ-ELC-001,หูฟังบลูทูธไร้สาย,1,690.00,0.00,690.00,36.91,22.15,14.77,15.00,601.17
2626071702597,17/07/2569,BZ-BND-001,เซตของขวัญรวม 3 ชิ้น,2,2380.00,0.00,2380.00,127.33,76.40,50.93,0.00,2125.34
2626071702598,17/07/2569,BZ-ELC-001,หูฟังบลูทูธไร้สาย,1,690.00,0.00,690.00,36.91,22.15,14.77,0.00,616.17
2626071702599,17/07/2569,BZ-ELC-001,หูฟังบลูทูธไร้สาย,1,690.00,69.00,621.00,33.22,19.93,13.29,0.00,554.55
2626071702600,17/07/2569,BZ-ELC-001,หูฟังบลูทูธไร้สาย,1,690.00,69.00,621.00,33.22,19.93,13.29,15.00,539.55
2626071702601,17/07/2569,BZ-ELC-001,หูฟังบลูทูธไร้สาย,1,690.00,0.00,690.00,36.91,22.15,14.77,0.00,616.17
2626071702602,17/07/2569,BZ-ELC-001,หูฟังบลูทูธไร้สาย,2,1380.00,0.00,1380.00,73.83,44.30,29.53,15.00,1217.34
2626071702603,17/07/2569,BZ-ELC-001,หูฟังบลูทูธไร้สาย,1,690.00,69.00,621.00,33.22,19.93,13.29,0.00,554.55
2626071702604,17/07/2569,BZ-ELC-001,หูฟังบลูทูธไร้สาย,1,690.00,69.00,621.00,33.22,19.93,13.29,0.00,554.55
2626071702605,17/07/2569,BZ-ELC-001,หูฟังบลูทูธไร้สาย,1,690.00,0.00,690.00,36.91,22.15,14.77,0.00,616.17
2626071702606,17/07/2569,BZ-ELC-001,หูฟังบลูทูธไร้สาย,1,690.00,69.00,621.00,33.22,19.93,13.29,0.00,554.55
2626071702607,17/07/2569,BZ-ELC-001,หูฟังบลูทูธไร้สาย,1,690.00,0.00,690.00,36.91,22.15,14.77,0.00,616.17
2626071702608,17/07/2569,BZ-ELC-001,หูฟังบลูทูธไร้สาย,2,1380.00,0.00,1380.00,73.83,44.30,29.53,0.00,1232.34
2626071702609,17/07/2569,BZ-ELC-001,หูฟังบลูทูธไร้สาย,1,690.00,0.00,690.00,36.91,22.15,14.77,15.00,601.17
2626071702610,17/07/2569,BZ-ELC-001,หูฟังบลูทูธไร้สาย,1,690.00,0.00,690.00,36.91,22.15,14.77,15.00,601.17
2626071702611,17/07/2569,BZ-ELC-001,หูฟังบลูทูธไร้สาย,1,690.00,0.00,690.00,36.91,22.15,14.77,0.00,616.17
2626071702612,17/07/2569,BZ-ELC-001,หูฟังบลูทูธไร้สาย,1,690.00,0.00,690.00,36.91,22.15,14.77,15.00,601.17
2626071702613,17/07/2569,BZ-ELC-001,หูฟังบลูทูธไร้สาย,1,690.00,69.00,621.00,33.22,19.93,13.29,0.00,554.55
2626071702614,17/07/2569,BZ-ELC-001,หูฟังบลูทูธไร้สาย,1,690.00,69.00,621.00,33.22,19.93,13.29,0.00,554.55
2626071702615,17/07/2569,BZ-ELC-001,หูฟังบลูทูธไร้สาย,1,690.00,0.00,690.00,36.91,22.15,14.77,0.00,616.17
2626071702616,17/07/2569,BZ-ELC-001,หูฟังบลูทูธไร้สาย,1,690.00,0.00,690.00,36.91,22.15,14.77,0.00,616.17
2626071702617,17/07/2569,BZ-ELC-001,หูฟังบลูทูธไร้สาย,1,690.00,0.00,690.00,36.91,22.15,14.77,0.00,616.17
2626071702618,17/07/2569,BZ-ELC-001,หูฟังบลูทูธไร้สาย,1,690.00,0.00,690.00,36.91,22.15,14.77,0.00,616.17
2626071702619,17/07/2569,BZ-ELC-001,หูฟังบลูทูธไร้สาย,1,690.00,0.00,690.00,36.91,22.15,14.77,0.00,616.17
2626071702620,17/07/2569,BZ-ELC-001,หูฟังบลูทูธไร้สาย,1,690.00,0.00,690.00,36.91,22.15,14.77,0.00,616.17
2626071702621,17/07/2569,BZ-ELC-001,หูฟังบลูทูธไร้สาย,1,690.00,0.00,690.00,36.91,22.15,14.77,15.00,601.17
2626071702622,17/07/2569,BZ-ELC-001,หูฟังบลูทูธไร้สาย,1,690.00,0.00,690.00,36.91,22.15,14.77,0.00,616.17
2626071702623,17/07/2569,BZ-ELC-001,หูฟังบลูทูธไร้สาย,2,1380.00,0.00,1380.00,73.83,44.30,29.53,0.00,1232.34
2626071702624,17/07/2569,BZ-ELC-001,หูฟังบลูทูธไร้สาย,2,1380.00,138.00,1242.00,66.45,39.87,26.58,0.00,1109.11
2626071702625,17/07/2569,BZ-ELC-001,หูฟังบลูทูธไร้สาย,1,690.00,0.00,690.00,36.91,22.15,14.77,15.00,601.17
2626071702626,17/07/2569,BZ-ELC-001,หูฟังบลูทูธไร้สาย,1,690.00,0.00,690.00,36.91,22.15,14.77,0.00,616.17
2626071702627,17/07/2569,BZ-ELC-001,หูฟังบลูทูธไร้สาย,1,690.00,0.00,690.00,36.91,22.15,14.77,0.00,616.17
2626071702628,17/07/2569,BZ-ELC-001,หูฟังบลูทูธไร้สาย,2,1380.00,0.00,1380.00,73.83,44.30,29.53,15.00,1217.34
2626071702629,17/07/2569,BZ-ELC-001,หูฟังบลูทูธไร้สาย,1,690.00,0.00,690.00,36.91,22.15,14.77,0.00,616.17
2626071702630,17/07/2569,BZ-ELC-001,หูฟังบลูทูธไร้สาย,2,1380.00,0.00,1380.00,73.83,44.30,29.53,15.00,1217.34
2626071702631,17/07/2569,BZ-ELC-001,หูฟังบลูทูธไร้สาย,2,1380.00,0.00,1380.00,73.83,44.30,29.53,0.00,1232.34
2626071702632,17/07/2569,BZ-ELC-001,หูฟังบลูทูธไร้สาย,1,690.00,0.00,690.00,36.91,22.15,14.77,0.00,616.17
2626071702633,17/07/2569,BZ-ELC-001,หูฟังบลูทูธไร้สาย,2,1380.00,0.00,1380.00,73.83,44.30,29.53,0.00,1232.34
2626071702634,17/07/2569,BZ-BND-001,เซตของขวัญรวม 3 ชิ้น,1,1190.00,0.00,1190.00,63.66,38.20,25.47,15.00,1047.67
2626071702635,17/07/2569,BZ-SUP-001,คอลลาเจนเปปไทด์ 200g,1,890.00,89.00,801.00,42.85,25.71,17.14,15.00,700.29
2626071702636,17/07/2569,BZ-ACC-002,ขวดน้ำเก็บความเย็น 500ml,1,380.00,0.00,380.00,20.33,12.20,8.13,15.00,324.34
2626071702637,17/07/2569,BZ-BND-001,เซตของขวัญรวม 3 ชิ้น,2,2380.00,238.00,2142.00,114.60,68.76,45.84,0.00,1912.81
2626071702638,17/07/2569,BZ-BND-001,เซตของขวัญรวม 3 ชิ้น,1,1190.00,0.00,1190.00,63.66,38.20,25.47,0.00,1062.67
2626071702639,17/07/2569,BZ-BND-001,เซตของขวัญรวม 3 ชิ้น,1,1190.00,0.00,1190.00,63.66,38.20,25.47,0.00,1062.67
2626071702640,17/07/2569,BZ-BND-001,เซตของขวัญรวม 3 ชิ้น,2,2380.00,0.00,2380.00,127.33,76.40,50.93,15.00,2110.34
2626071702641,17/07/2569,BZ-BND-001,เซตของขวัญรวม 3 ชิ้น,1,1190.00,0.00,1190.00,63.66,38.20,25.47,15.00,1047.67
2626071702642,17/07/2569,BZ-BND-001,เซตของขวัญรวม 3 ชิ้น,2,2380.00,0.00,2380.00,127.33,76.40,50.93,0.00,2125.34
2626071702643,17/07/2569,BZ-BND-001,เซตของขวัญรวม 3 ชิ้น,1,1190.00,0.00,1190.00,63.66,38.20,25.47,0.00,1062.67
2626071702644,17/07/2569,BZ-BND-001,เซตของขวัญรวม 3 ชิ้น,1,1190.00,0.00,1190.00,63.66,38.20,25.47,15.00,1047.67
2626071702645,17/07/2569,BZ-BND-001,เซตของขวัญรวม 3 ชิ้น,1,1190.00,0.00,1190.00,63.66,38.20,25.47,0.00,1062.67
2626071702646,17/07/2569,BZ-BND-001,เซตของขวัญรวม 3 ชิ้น,1,1190.00,0.00,1190.00,63.66,38.20,25.47,0.00,1062.67
2626071702647,17/07/2569,BZ-BND-001,เซตของขวัญรวม 3 ชิ้น,1,1190.00,0.00,1190.00,63.66,38.20,25.47,0.00,1062.67
2626071702648,17/07/2569,BZ-ACC-002,ขวดน้ำเก็บความเย็น 500ml,1,380.00,0.00,380.00,20.33,12.20,8.13,0.00,339.34
2626071802649,18/07/2569,BZ-SKN-001,เซรั่มวิตามินซี 30ml,1,590.00,0.00,590.00,31.56,18.94,12.63,15.00,511.87
2626071802650,18/07/2569,BZ-SKN-001,เซรั่มวิตามินซี 30ml,1,590.00,0.00,590.00,31.56,18.94,12.63,0.00,526.87
2626071802651,18/07/2569,BZ-SKN-001,เซรั่มวิตามินซี 30ml,2,1180.00,0.00,1180.00,63.13,37.88,25.25,15.00,1038.74
2626071802652,18/07/2569,BZ-SKN-001,เซรั่มวิตามินซี 30ml,1,590.00,0.00,590.00,31.56,18.94,12.63,0.00,526.87
2626071802653,18/07/2569,BZ-SKN-001,เซรั่มวิตามินซี 30ml,1,590.00,0.00,590.00,31.56,18.94,12.63,0.00,526.87
2626071802654,18/07/2569,BZ-SKN-001,เซรั่มวิตามินซี 30ml,1,590.00,0.00,590.00,31.56,18.94,12.63,15.00,511.87
2626071802655,18/07/2569,BZ-SKN-001,เซรั่มวิตามินซี 30ml,1,590.00,0.00,590.00,31.56,18.94,12.63,0.00,526.87
2626071802656,18/07/2569,BZ-SKN-001,เซรั่มวิตามินซี 30ml,1,590.00,0.00,590.00,31.56,18.94,12.63,0.00,526.87
2626071802657,18/07/2569,BZ-SKN-001,เซรั่มวิตามินซี 30ml,2,1180.00,0.00,1180.00,63.13,37.88,25.25,15.00,1038.74
2626071802658,18/07/2569,BZ-SKN-001,เซรั่มวิตามินซี 30ml,1,590.00,0.00,590.00,31.56,18.94,12.63,0.00,526.87
2626071802659,18/07/2569,BZ-SKN-001,เซรั่มวิตามินซี 30ml,1,590.00,59.00,531.00,28.41,17.05,11.36,0.00,474.18
2626071802660,18/07/2569,BZ-SKN-001,เซรั่มวิตามินซี 30ml,1,590.00,59.00,531.00,28.41,17.05,11.36,0.00,474.18
2626071802661,18/07/2569,BZ-SKN-001,เซรั่มวิตามินซี 30ml,1,590.00,59.00,531.00,28.41,17.05,11.36,0.00,474.18
2626071802662,18/07/2569,BZ-SKN-001,เซรั่มวิตามินซี 30ml,1,590.00,59.00,531.00,28.41,17.05,11.36,15.00,459.18
2626071802663,18/07/2569,BZ-SKN-001,เซรั่มวิตามินซี 30ml,1,590.00,0.00,590.00,31.56,18.94,12.63,15.00,511.87
2626071802664,18/07/2569,BZ-SKN-001,เซรั่มวิตามินซี 30ml,1,590.00,0.00,590.00,31.56,18.94,12.63,0.00,526.87
2626071802665,18/07/2569,BZ-SKN-001,เซรั่มวิตามินซี 30ml,2,1180.00,0.00,1180.00,63.13,37.88,25.25,0.00,1053.74
2626071802666,18/07/2569,BZ-SKN-001,เซรั่มวิตามินซี 30ml,1,590.00,59.00,531.00,28.41,17.05,11.36,0.00,474.18
2626071802667,18/07/2569,BZ-SKN-001,เซรั่มวิตามินซี 30ml,2,1180.00,0.00,1180.00,63.13,37.88,25.25,15.00,1038.74
2626071802668,18/07/2569,BZ-SKN-001,เซรั่มวิตามินซี 30ml,1,590.00,0.00,590.00,31.56,18.94,12.63,15.00,511.87
2626071802669,18/07/2569,BZ-SKN-001,เซรั่มวิตามินซี 30ml,1,590.00,59.00,531.00,28.41,17.05,11.36,0.00,474.18
2626071802670,18/07/2569,BZ-SKN-001,เซรั่มวิตามินซี 30ml,1,590.00,0.00,590.00,31.56,18.94,12.63,0.00,526.87
2626071802671,18/07/2569,BZ-SKN-001,เซรั่มวิตามินซี 30ml,1,590.00,59.00,531.00,28.41,17.05,11.36,0.00,474.18
2626071802672,18/07/2569,BZ-SKN-001,เซรั่มวิตามินซี 30ml,2,1180.00,118.00,1062.00,56.82,34.09,22.73,0.00,948.37
2626071802673,18/07/2569,BZ-SKN-001,เซรั่มวิตามินซี 30ml,2,1180.00,118.00,1062.00,56.82,34.09,22.73,0.00,948.37
2626071802674,18/07/2569,BZ-SKN-001,เซรั่มวิตามินซี 30ml,1,590.00,59.00,531.00,28.41,17.05,11.36,0.00,474.18
2626071802675,18/07/2569,BZ-SKN-001,เซรั่มวิตามินซี 30ml,1,590.00,59.00,531.00,28.41,17.05,11.36,15.00,459.18
2626071802676,18/07/2569,BZ-SKN-001,เซรั่มวิตามินซี 30ml,1,590.00,0.00,590.00,31.56,18.94,12.63,15.00,511.87
2626071802677,18/07/2569,BZ-SKN-001,เซรั่มวิตามินซี 30ml,2,1180.00,0.00,1180.00,63.13,37.88,25.25,0.00,1053.74
2626071802678,18/07/2569,BZ-SKN-001,เซรั่มวิตามินซี 30ml,1,590.00,0.00,590.00,31.56,18.94,12.63,0.00,526.87
2626071802679,18/07/2569,BZ-SKN-001,เซรั่มวิตามินซี 30ml,1,590.00,59.00,531.00,28.41,17.05,11.36,0.00,474.18
2626071802680,18/07/2569,BZ-SKN-001,เซรั่มวิตามินซี 30ml,1,590.00,0.00,590.00,31.56,18.94,12.63,15.00,511.87
2626071802681,18/07/2569,BZ-SUP-001,คอลลาเจนเปปไทด์ 200g,1,890.00,0.00,890.00,47.62,28.57,19.05,0.00,794.77
2626071802682,18/07/2569,BZ-SKN-002,ครีมกันแดด SPF50 50g,1,450.00,0.00,450.00,24.07,14.44,9.63,0.00,401.85
2626071802683,18/07/2569,BZ-BND-001,เซตของขวัญรวม 3 ชิ้น,1,1190.00,0.00,1190.00,63.66,38.20,25.47,0.00,1062.67
2626071802684,18/07/2569,BZ-SKN-001,เซรั่มวิตามินซี 30ml,1,590.00,0.00,590.00,31.56,18.94,12.63,15.00,511.87
2626071802685,18/07/2569,BZ-ACC-002,ขวดน้ำเก็บความเย็น 500ml,1,380.00,0.00,380.00,20.33,12.20,8.13,0.00,339.34
2626071802686,18/07/2569,BZ-ELC-001,หูฟังบลูทูธไร้สาย,1,690.00,69.00,621.00,33.22,19.93,13.29,15.00,539.55
2626071802687,18/07/2569,BZ-SUP-001,คอลลาเจนเปปไทด์ 200g,2,1780.00,0.00,1780.00,95.23,57.14,38.09,0.00,1589.54
2626071802688,18/07/2569,BZ-SUP-001,คอลลาเจนเปปไทด์ 200g,1,890.00,0.00,890.00,47.62,28.57,19.05,0.00,794.77
2626071802689,18/07/2569,BZ-SUP-001,คอลลาเจนเปปไทด์ 200g,1,890.00,0.00,890.00,47.62,28.57,19.05,15.00,779.77
2626071802690,18/07/2569,BZ-SUP-001,คอลลาเจนเปปไทด์ 200g,1,890.00,0.00,890.00,47.62,28.57,19.05,15.00,779.77
2626071802691,18/07/2569,BZ-SUP-001,คอลลาเจนเปปไทด์ 200g,1,890.00,0.00,890.00,47.62,28.57,19.05,15.00,779.77
2626071802692,18/07/2569,BZ-SUP-001,คอลลาเจนเปปไทด์ 200g,1,890.00,0.00,890.00,47.62,28.57,19.05,0.00,794.77
2626071802693,18/07/2569,BZ-SUP-001,คอลลาเจนเปปไทด์ 200g,1,890.00,0.00,890.00,47.62,28.57,19.05,0.00,794.77
2626071802694,18/07/2569,BZ-SUP-001,คอลลาเจนเปปไทด์ 200g,1,890.00,0.00,890.00,47.62,28.57,19.05,0.00,794.77
2626071802695,18/07/2569,BZ-SUP-001,คอลลาเจนเปปไทด์ 200g,1,890.00,89.00,801.00,42.85,25.71,17.14,0.00,715.29
2626071802696,18/07/2569,BZ-SUP-001,คอลลาเจนเปปไทด์ 200g,1,890.00,0.00,890.00,47.62,28.57,19.05,0.00,794.77
2626071802697,18/07/2569,BZ-SUP-001,คอลลาเจนเปปไทด์ 200g,1,890.00,0.00,890.00,47.62,28.57,19.05,0.00,794.77
2626071802698,18/07/2569,BZ-SUP-001,คอลลาเจนเปปไทด์ 200g,1,890.00,0.00,890.00,47.62,28.57,19.05,15.00,779.77
2626071802699,18/07/2569,BZ-SUP-001,คอลลาเจนเปปไทด์ 200g,1,890.00,89.00,801.00,42.85,25.71,17.14,0.00,715.29
2626071802700,18/07/2569,BZ-SUP-001,คอลลาเจนเปปไทด์ 200g,1,890.00,89.00,801.00,42.85,25.71,17.14,15.00,700.29
2626071802701,18/07/2569,BZ-SUP-001,คอลลาเจนเปปไทด์ 200g,1,890.00,89.00,801.00,42.85,25.71,17.14,0.00,715.29
2626071802702,18/07/2569,BZ-SUP-001,คอลลาเจนเปปไทด์ 200g,2,1780.00,178.00,1602.00,85.71,51.42,34.28,15.00,1415.59
2626071802703,18/07/2569,BZ-SUP-001,คอลลาเจนเปปไทด์ 200g,1,890.00,89.00,801.00,42.85,25.71,17.14,0.00,715.29
2626071802704,18/07/2569,BZ-SUP-001,คอลลาเจนเปปไทด์ 200g,1,890.00,0.00,890.00,47.62,28.57,19.05,0.00,794.77
2626071802705,18/07/2569,BZ-SUP-001,คอลลาเจนเปปไทด์ 200g,1,890.00,0.00,890.00,47.62,28.57,19.05,0.00,794.77
2626071802706,18/07/2569,BZ-SUP-001,คอลลาเจนเปปไทด์ 200g,1,890.00,89.00,801.00,42.85,25.71,17.14,0.00,715.29
2626071802707,18/07/2569,BZ-SUP-001,คอลลาเจนเปปไทด์ 200g,1,890.00,89.00,801.00,42.85,25.71,17.14,0.00,715.29
2626071802708,18/07/2569,BZ-SUP-001,คอลลาเจนเปปไทด์ 200g,1,890.00,0.00,890.00,47.62,28.57,19.05,0.00,794.77
2626071802709,18/07/2569,BZ-SUP-001,คอลลาเจนเปปไทด์ 200g,1,890.00,89.00,801.00,42.85,25.71,17.14,15.00,700.29
2626071802710,18/07/2569,BZ-SUP-001,คอลลาเจนเปปไทด์ 200g,1,890.00,0.00,890.00,47.62,28.57,19.05,15.00,779.77
2626071802711,18/07/2569,BZ-SUP-001,คอลลาเจนเปปไทด์ 200g,1,890.00,0.00,890.00,47.62,28.57,19.05,15.00,779.77
2626071802712,18/07/2569,BZ-SUP-001,คอลลาเจนเปปไทด์ 200g,1,890.00,0.00,890.00,47.62,28.57,19.05,0.00,794.77
2626071802713,18/07/2569,BZ-SUP-001,คอลลาเจนเปปไทด์ 200g,1,890.00,0.00,890.00,47.62,28.57,19.05,15.00,779.77
2626071802714,18/07/2569,BZ-SUP-001,คอลลาเจนเปปไทด์ 200g,1,890.00,89.00,801.00,42.85,25.71,17.14,0.00,715.29
2626071802715,18/07/2569,BZ-SUP-001,คอลลาเจนเปปไทด์ 200g,1,890.00,89.00,801.00,42.85,25.71,17.14,15.00,700.29
2626071802716,18/07/2569,BZ-SUP-001,คอลลาเจนเปปไทด์ 200g,1,890.00,89.00,801.00,42.85,25.71,17.14,0.00,715.29
2626071802717,18/07/2569,BZ-SUP-001,คอลลาเจนเปปไทด์ 200g,2,1780.00,0.00,1780.00,95.23,57.14,38.09,15.00,1574.54
2626071802718,18/07/2569,BZ-SUP-001,คอลลาเจนเปปไทด์ 200g,1,890.00,89.00,801.00,42.85,25.71,17.14,0.00,715.29
2626071802719,18/07/2569,BZ-SUP-001,คอลลาเจนเปปไทด์ 200g,1,890.00,89.00,801.00,42.85,25.71,17.14,15.00,700.29
2626071802720,18/07/2569,BZ-ACC-002,ขวดน้ำเก็บความเย็น 500ml,1,380.00,0.00,380.00,20.33,12.20,8.13,0.00,339.34
2626071802721,18/07/2569,BZ-SKN-001,เซรั่มวิตามินซี 30ml,1,590.00,59.00,531.00,28.41,17.05,11.36,0.00,474.18
2626071802722,18/07/2569,BZ-ELC-001,หูฟังบลูทูธไร้สาย,1,690.00,0.00,690.00,36.91,22.15,14.77,0.00,616.17
2626071802723,18/07/2569,BZ-ELC-001,หูฟังบลูทูธไร้สาย,1,690.00,0.00,690.00,36.91,22.15,14.77,0.00,616.17
2626071802724,18/07/2569,BZ-ACC-001,กระเป๋าผ้าแคนวาส,1,320.00,0.00,320.00,17.12,10.27,6.85,15.00,270.76
2626071802725,18/07/2569,BZ-ACC-001,กระเป๋าผ้าแคนวาส,1,320.00,0.00,320.00,17.12,10.27,6.85,0.00,285.76
2626071802726,18/07/2569,BZ-ACC-001,กระเป๋าผ้าแคนวาส,1,320.00,0.00,320.00,17.12,10.27,6.85,15.00,270.76
2626071802727,18/07/2569,BZ-ACC-001,กระเป๋าผ้าแคนวาส,1,320.00,32.00,288.00,15.41,9.24,6.16,0.00,257.18
2626071802728,18/07/2569,BZ-ACC-001,กระเป๋าผ้าแคนวาส,1,320.00,0.00,320.00,17.12,10.27,6.85,0.00,285.76
2626071802729,18/07/2569,BZ-ACC-001,กระเป๋าผ้าแคนวาส,1,320.00,0.00,320.00,17.12,10.27,6.85,0.00,285.76
2626071802730,18/07/2569,BZ-ACC-001,กระเป๋าผ้าแคนวาส,1,320.00,0.00,320.00,17.12,10.27,6.85,15.00,270.76
2626071802731,18/07/2569,BZ-ACC-001,กระเป๋าผ้าแคนวาส,1,320.00,0.00,320.00,17.12,10.27,6.85,15.00,270.76
2626071802732,18/07/2569,BZ-ACC-001,กระเป๋าผ้าแคนวาส,1,320.00,0.00,320.00,17.12,10.27,6.85,0.00,285.76
2626071802733,18/07/2569,BZ-ACC-001,กระเป๋าผ้าแคนวาส,1,320.00,32.00,288.00,15.41,9.24,6.16,15.00,242.18
2626071802734,18/07/2569,BZ-ACC-001,กระเป๋าผ้าแคนวาส,2,640.00,0.00,640.00,34.24,20.54,13.70,15.00,556.52
2626071802735,18/07/2569,BZ-BND-001,เซตของขวัญรวม 3 ชิ้น,1,1190.00,119.00,1071.00,57.30,34.38,22.92,15.00,941.40
2626071802736,18/07/2569,BZ-ACC-001,กระเป๋าผ้าแคนวาส,1,320.00,32.00,288.00,15.41,9.24,6.16,0.00,257.18
2626071802737,18/07/2569,BZ-ELC-001,หูฟังบลูทูธไร้สาย,1,690.00,69.00,621.00,33.22,19.93,13.29,15.00,539.55
2626071802738,18/07/2569,BZ-ELC-001,หูฟังบลูทูธไร้สาย,1,690.00,0.00,690.00,36.91,22.15,14.77,0.00,616.17
2626071802739,18/07/2569,BZ-ELC-001,หูฟังบลูทูธไร้สาย,1,690.00,0.00,690.00,36.91,22.15,14.77,15.00,601.17
2626071802740,18/07/2569,BZ-ELC-001,หูฟังบลูทูธไร้สาย,1,690.00,0.00,690.00,36.91,22.15,14.77,0.00,616.17
2626071802741,18/07/2569,BZ-ELC-001,หูฟังบลูทูธไร้สาย,1,690.00,69.00,621.00,33.22,19.93,13.29,0.00,554.55
2626071802742,18/07/2569,BZ-ELC-001,หูฟังบลูทูธไร้สาย,1,690.00,69.00,621.00,33.22,19.93,13.29,15.00,539.55
2626071802743,18/07/2569,BZ-ELC-001,หูฟังบลูทูธไร้สาย,2,1380.00,138.00,1242.00,66.45,39.87,26.58,15.00,1094.11
2626071802744,18/07/2569,BZ-ELC-001,หูฟังบลูทูธไร้สาย,2,1380.00,0.00,1380.00,73.83,44.30,29.53,0.00,1232.34
2626071802745,18/07/2569,BZ-ELC-001,หูฟังบลูทูธไร้สาย,1,690.00,69.00,621.00,33.22,19.93,13.29,0.00,554.55
2626071802746,18/07/2569,BZ-ELC-001,หูฟังบลูทูธไร้สาย,1,690.00,0.00,690.00,36.91,22.15,14.77,0.00,616.17
2626071802747,18/07/2569,BZ-ELC-001,หูฟังบลูทูธไร้สาย,1,690.00,0.00,690.00,36.91,22.15,14.77,0.00,616.17
2626071802748,18/07/2569,BZ-ELC-001,หูฟังบลูทูธไร้สาย,1,690.00,0.00,690.00,36.91,22.15,14.77,0.00,616.17
2626071802749,18/07/2569,BZ-ELC-001,หูฟังบลูทูธไร้สาย,2,1380.00,138.00,1242.00,66.45,39.87,26.58,0.00,1109.11
2626071802750,18/07/2569,BZ-ELC-001,หูฟังบลูทูธไร้สาย,1,690.00,0.00,690.00,36.91,22.15,14.77,15.00,601.17
2626071802751,18/07/2569,BZ-ELC-001,หูฟังบลูทูธไร้สาย,1,690.00,69.00,621.00,33.22,19.93,13.29,0.00,554.55
2626071802752,18/07/2569,BZ-ELC-001,หูฟังบลูทูธไร้สาย,1,690.00,0.00,690.00,36.91,22.15,14.77,0.00,616.17
2626071802753,18/07/2569,BZ-ELC-001,หูฟังบลูทูธไร้สาย,2,1380.00,0.00,1380.00,73.83,44.30,29.53,15.00,1217.34
2626071802754,18/07/2569,BZ-ELC-001,หูฟังบลูทูธไร้สาย,1,690.00,0.00,690.00,36.91,22.15,14.77,15.00,601.17
2626071802755,18/07/2569,BZ-ELC-001,หูฟังบลูทูธไร้สาย,1,690.00,0.00,690.00,36.91,22.15,14.77,0.00,616.17
2626071802756,18/07/2569,BZ-ELC-001,หูฟังบลูทูธไร้สาย,1,690.00,69.00,621.00,33.22,19.93,13.29,0.00,554.55
2626071802757,18/07/2569,BZ-ELC-001,หูฟังบลูทูธไร้สาย,1,690.00,0.00,690.00,36.91,22.15,14.77,0.00,616.17
2626071802758,18/07/2569,BZ-ELC-001,หูฟังบลูทูธไร้สาย,1,690.00,0.00,690.00,36.91,22.15,14.77,0.00,616.17
2626071802759,18/07/2569,BZ-ELC-001,หูฟังบลูทูธไร้สาย,1,690.00,69.00,621.00,33.22,19.93,13.29,15.00,539.55
2626071802760,18/07/2569,BZ-ELC-001,หูฟังบลูทูธไร้สาย,1,690.00,0.00,690.00,36.91,22.15,14.77,0.00,616.17
2626071802761,18/07/2569,BZ-ELC-001,หูฟังบลูทูธไร้สาย,1,690.00,69.00,621.00,33.22,19.93,13.29,0.00,554.55
2626071802762,18/07/2569,BZ-ELC-001,หูฟังบลูทูธไร้สาย,1,690.00,69.00,621.00,33.22,19.93,13.29,0.00,554.55
2626071802763,18/07/2569,BZ-ELC-001,หูฟังบลูทูธไร้สาย,1,690.00,0.00,690.00,36.91,22.15,14.77,0.00,616.17
2626071802764,18/07/2569,BZ-ELC-001,หูฟังบลูทูธไร้สาย,1,690.00,69.00,621.00,33.22,19.93,13.29,0.00,554.55
2626071802765,18/07/2569,BZ-ELC-001,หูฟังบลูทูธไร้สาย,1,690.00,0.00,690.00,36.91,22.15,14.77,0.00,616.17
2626071802766,18/07/2569,BZ-ELC-001,หูฟังบลูทูธไร้สาย,1,690.00,69.00,621.00,33.22,19.93,13.29,0.00,554.55
2626071802767,18/07/2569,BZ-ELC-001,หูฟังบลูทูธไร้สาย,1,690.00,0.00,690.00,36.91,22.15,14.77,0.00,616.17
2626071802768,18/07/2569,BZ-ELC-001,หูฟังบลูทูธไร้สาย,1,690.00,0.00,690.00,36.91,22.15,14.77,0.00,616.17
2626071802769,18/07/2569,BZ-ELC-001,หูฟังบลูทูธไร้สาย,1,690.00,69.00,621.00,33.22,19.93,13.29,0.00,554.55
2626071802770,18/07/2569,BZ-ELC-001,หูฟังบลูทูธไร้สาย,1,690.00,69.00,621.00,33.22,19.93,13.29,0.00,554.55
2626071802771,18/07/2569,BZ-ACC-002,ขวดน้ำเก็บความเย็น 500ml,1,380.00,0.00,380.00,20.33,12.20,8.13,0.00,339.34
2626071802772,18/07/2569,BZ-ACC-002,ขวดน้ำเก็บความเย็น 500ml,1,380.00,38.00,342.00,18.30,10.98,7.32,0.00,305.41
2626071802773,18/07/2569,BZ-ACC-001,กระเป๋าผ้าแคนวาส,1,320.00,0.00,320.00,17.12,10.27,6.85,0.00,285.76
2626071802774,18/07/2569,BZ-BND-001,เซตของขวัญรวม 3 ชิ้น,1,1190.00,0.00,1190.00,63.66,38.20,25.47,0.00,1062.67
2626071802775,18/07/2569,BZ-BND-001,เซตของขวัญรวม 3 ชิ้น,2,2380.00,238.00,2142.00,114.60,68.76,45.84,0.00,1912.81
2626071802776,18/07/2569,BZ-BND-001,เซตของขวัญรวม 3 ชิ้น,1,1190.00,0.00,1190.00,63.66,38.20,25.47,0.00,1062.67
2626071802777,18/07/2569,BZ-BND-001,เซตของขวัญรวม 3 ชิ้น,2,2380.00,238.00,2142.00,114.60,68.76,45.84,15.00,1897.81
2626071802778,18/07/2569,BZ-BND-001,เซตของขวัญรวม 3 ชิ้น,1,1190.00,0.00,1190.00,63.66,38.20,25.47,0.00,1062.67
2626071802779,18/07/2569,BZ-BND-001,เซตของขวัญรวม 3 ชิ้น,1,1190.00,0.00,1190.00,63.66,38.20,25.47,15.00,1047.67
2626071802780,18/07/2569,BZ-BND-001,เซตของขวัญรวม 3 ชิ้น,1,1190.00,119.00,1071.00,57.30,34.38,22.92,0.00,956.40
2626071802781,18/07/2569,BZ-BND-001,เซตของขวัญรวม 3 ชิ้น,1,1190.00,0.00,1190.00,63.66,38.20,25.47,15.00,1047.67
2626071802782,18/07/2569,BZ-BND-001,เซตของขวัญรวม 3 ชิ้น,2,2380.00,0.00,2380.00,127.33,76.40,50.93,15.00,2110.34
2626071802783,18/07/2569,BZ-BND-001,เซตของขวัญรวม 3 ชิ้น,1,1190.00,0.00,1190.00,63.66,38.20,25.47,0.00,1062.67
2626071802784,18/07/2569,BZ-BND-001,เซตของขวัญรวม 3 ชิ้น,1,1190.00,0.00,1190.00,63.66,38.20,25.47,15.00,1047.67
2626071802785,18/07/2569,BZ-BND-001,เซตของขวัญรวม 3 ชิ้น,1,1190.00,0.00,1190.00,63.66,38.20,25.47,0.00,1062.67
2626071802786,18/07/2569,BZ-BND-001,เซตของขวัญรวม 3 ชิ้น,1,1190.00,119.00,1071.00,57.30,34.38,22.92,15.00,941.40
2626071802787,18/07/2569,BZ-BND-001,เซตของขวัญรวม 3 ชิ้น,1,1190.00,119.00,1071.00,57.30,34.38,22.92,0.00,956.40
2626071802788,18/07/2569,BZ-BND-001,เซตของขวัญรวม 3 ชิ้น,2,2380.00,0.00,2380.00,127.33,76.40,50.93,0.00,2125.34
2626071802789,18/07/2569,BZ-BND-001,เซตของขวัญรวม 3 ชิ้น,1,1190.00,0.00,1190.00,63.66,38.20,25.47,0.00,1062.67
2626071802790,18/07/2569,BZ-BND-001,เซตของขวัญรวม 3 ชิ้น,1,1190.00,0.00,1190.00,63.66,38.20,25.47,15.00,1047.67
2626071802791,18/07/2569,BZ-BND-001,เซตของขวัญรวม 3 ชิ้น,1,1190.00,119.00,1071.00,57.30,34.38,22.92,0.00,956.40
2626071802792,18/07/2569,BZ-BND-001,เซตของขวัญรวม 3 ชิ้น,2,2380.00,0.00,2380.00,127.33,76.40,50.93,15.00,2110.34
2626071802793,18/07/2569,BZ-ACC-001,กระเป๋าผ้าแคนวาส,1,320.00,32.00,288.00,15.41,9.24,6.16,0.00,257.18
2626071902794,19/07/2569,BZ-SKN-001,เซรั่มวิตามินซี 30ml,1,590.00,0.00,590.00,31.56,18.94,12.63,15.00,511.87
2626071902795,19/07/2569,BZ-SKN-001,เซรั่มวิตามินซี 30ml,1,590.00,0.00,590.00,31.56,18.94,12.63,15.00,511.87
2626071902796,19/07/2569,BZ-SKN-001,เซรั่มวิตามินซี 30ml,1,590.00,0.00,590.00,31.56,18.94,12.63,0.00,526.87
2626071902797,19/07/2569,BZ-SKN-001,เซรั่มวิตามินซี 30ml,1,590.00,0.00,590.00,31.56,18.94,12.63,15.00,511.87
2626071902798,19/07/2569,BZ-SKN-001,เซรั่มวิตามินซี 30ml,2,1180.00,0.00,1180.00,63.13,37.88,25.25,15.00,1038.74
2626071902799,19/07/2569,BZ-SKN-001,เซรั่มวิตามินซี 30ml,1,590.00,0.00,590.00,31.56,18.94,12.63,15.00,511.87
2626071902800,19/07/2569,BZ-SKN-001,เซรั่มวิตามินซี 30ml,1,590.00,59.00,531.00,28.41,17.05,11.36,15.00,459.18
2626071902801,19/07/2569,BZ-SKN-001,เซรั่มวิตามินซี 30ml,1,590.00,0.00,590.00,31.56,18.94,12.63,0.00,526.87
2626071902802,19/07/2569,BZ-SKN-001,เซรั่มวิตามินซี 30ml,1,590.00,0.00,590.00,31.56,18.94,12.63,0.00,526.87
2626071902803,19/07/2569,BZ-SKN-001,เซรั่มวิตามินซี 30ml,2,1180.00,118.00,1062.00,56.82,34.09,22.73,0.00,948.37
2626071902804,19/07/2569,BZ-SKN-001,เซรั่มวิตามินซี 30ml,2,1180.00,0.00,1180.00,63.13,37.88,25.25,0.00,1053.74
2626071902805,19/07/2569,BZ-SKN-001,เซรั่มวิตามินซี 30ml,1,590.00,0.00,590.00,31.56,18.94,12.63,0.00,526.87
2626071902806,19/07/2569,BZ-SKN-001,เซรั่มวิตามินซี 30ml,1,590.00,0.00,590.00,31.56,18.94,12.63,0.00,526.87
2626071902807,19/07/2569,BZ-SKN-001,เซรั่มวิตามินซี 30ml,1,590.00,0.00,590.00,31.56,18.94,12.63,0.00,526.87
2626071902808,19/07/2569,BZ-SKN-001,เซรั่มวิตามินซี 30ml,1,590.00,59.00,531.00,28.41,17.05,11.36,0.00,474.18
2626071902809,19/07/2569,BZ-SKN-001,เซรั่มวิตามินซี 30ml,2,1180.00,118.00,1062.00,56.82,34.09,22.73,0.00,948.37
2626071902810,19/07/2569,BZ-SKN-001,เซรั่มวิตามินซี 30ml,1,590.00,59.00,531.00,28.41,17.05,11.36,0.00,474.18
2626071902811,19/07/2569,BZ-SKN-001,เซรั่มวิตามินซี 30ml,1,590.00,0.00,590.00,31.56,18.94,12.63,15.00,511.87
2626071902812,19/07/2569,BZ-SKN-001,เซรั่มวิตามินซี 30ml,1,590.00,0.00,590.00,31.56,18.94,12.63,0.00,526.87
2626071902813,19/07/2569,BZ-SKN-001,เซรั่มวิตามินซี 30ml,2,1180.00,0.00,1180.00,63.13,37.88,25.25,15.00,1038.74
2626071902814,19/07/2569,BZ-SKN-001,เซรั่มวิตามินซี 30ml,1,590.00,0.00,590.00,31.56,18.94,12.63,15.00,511.87
2626071902815,19/07/2569,BZ-SKN-001,เซรั่มวิตามินซี 30ml,1,590.00,59.00,531.00,28.41,17.05,11.36,15.00,459.18
2626071902816,19/07/2569,BZ-SKN-001,เซรั่มวิตามินซี 30ml,2,1180.00,0.00,1180.00,63.13,37.88,25.25,0.00,1053.74
2626071902817,19/07/2569,BZ-SKN-001,เซรั่มวิตามินซี 30ml,1,590.00,0.00,590.00,31.56,18.94,12.63,0.00,526.87
2626071902818,19/07/2569,BZ-SKN-001,เซรั่มวิตามินซี 30ml,2,1180.00,0.00,1180.00,63.13,37.88,25.25,0.00,1053.74
2626071902819,19/07/2569,BZ-SKN-001,เซรั่มวิตามินซี 30ml,1,590.00,0.00,590.00,31.56,18.94,12.63,0.00,526.87
2626071902820,19/07/2569,BZ-SKN-001,เซรั่มวิตามินซี 30ml,1,590.00,59.00,531.00,28.41,17.05,11.36,15.00,459.18
2626071902821,19/07/2569,BZ-SKN-001,เซรั่มวิตามินซี 30ml,1,590.00,59.00,531.00,28.41,17.05,11.36,15.00,459.18
2626071902822,19/07/2569,BZ-SKN-001,เซรั่มวิตามินซี 30ml,1,590.00,0.00,590.00,31.56,18.94,12.63,15.00,511.87
2626071902823,19/07/2569,BZ-SKN-001,เซรั่มวิตามินซี 30ml,2,1180.00,0.00,1180.00,63.13,37.88,25.25,0.00,1053.74
2626071902824,19/07/2569,BZ-SKN-001,เซรั่มวิตามินซี 30ml,1,590.00,0.00,590.00,31.56,18.94,12.63,0.00,526.87
2626071902825,19/07/2569,BZ-SKN-001,เซรั่มวิตามินซี 30ml,1,590.00,0.00,590.00,31.56,18.94,12.63,0.00,526.87
2626071902826,19/07/2569,BZ-SKN-001,เซรั่มวิตามินซี 30ml,1,590.00,0.00,590.00,31.56,18.94,12.63,15.00,511.87
2626071902827,19/07/2569,BZ-SKN-001,เซรั่มวิตามินซี 30ml,1,590.00,0.00,590.00,31.56,18.94,12.63,0.00,526.87
2626071902828,19/07/2569,BZ-SKN-001,เซรั่มวิตามินซี 30ml,2,1180.00,118.00,1062.00,56.82,34.09,22.73,15.00,933.37
2626071902829,19/07/2569,BZ-SKN-001,เซรั่มวิตามินซี 30ml,1,590.00,0.00,590.00,31.56,18.94,12.63,15.00,511.87
2626071902830,19/07/2569,BZ-SKN-001,เซรั่มวิตามินซี 30ml,2,1180.00,118.00,1062.00,56.82,34.09,22.73,0.00,948.37
2626071902831,19/07/2569,BZ-SKN-001,เซรั่มวิตามินซี 30ml,1,590.00,0.00,590.00,31.56,18.94,12.63,0.00,526.87
2626071902832,19/07/2569,BZ-SKN-001,เซรั่มวิตามินซี 30ml,1,590.00,0.00,590.00,31.56,18.94,12.63,15.00,511.87
2626071902833,19/07/2569,BZ-SKN-001,เซรั่มวิตามินซี 30ml,1,590.00,0.00,590.00,31.56,18.94,12.63,15.00,511.87
2626071902834,19/07/2569,BZ-SKN-001,เซรั่มวิตามินซี 30ml,2,1180.00,0.00,1180.00,63.13,37.88,25.25,0.00,1053.74
2626071902835,19/07/2569,BZ-SKN-001,เซรั่มวิตามินซี 30ml,1,590.00,59.00,531.00,28.41,17.05,11.36,0.00,474.18
2626071902836,19/07/2569,BZ-SKN-001,เซรั่มวิตามินซี 30ml,1,590.00,0.00,590.00,31.56,18.94,12.63,0.00,526.87
2626071902837,19/07/2569,BZ-SKN-001,เซรั่มวิตามินซี 30ml,1,590.00,59.00,531.00,28.41,17.05,11.36,15.00,459.18
2626071902838,19/07/2569,BZ-SKN-001,เซรั่มวิตามินซี 30ml,2,1180.00,118.00,1062.00,56.82,34.09,22.73,0.00,948.37
2626071902839,19/07/2569,BZ-SKN-001,เซรั่มวิตามินซี 30ml,2,1180.00,0.00,1180.00,63.13,37.88,25.25,15.00,1038.74
2626071902840,19/07/2569,BZ-SKN-001,เซรั่มวิตามินซี 30ml,1,590.00,59.00,531.00,28.41,17.05,11.36,0.00,474.18
2626071902841,19/07/2569,BZ-SKN-001,เซรั่มวิตามินซี 30ml,1,590.00,0.00,590.00,31.56,18.94,12.63,15.00,511.87
2626071902842,19/07/2569,BZ-SKN-001,เซรั่มวิตามินซี 30ml,1,590.00,0.00,590.00,31.56,18.94,12.63,0.00,526.87
2626071902843,19/07/2569,BZ-SKN-001,เซรั่มวิตามินซี 30ml,2,1180.00,0.00,1180.00,63.13,37.88,25.25,15.00,1038.74
2626071902844,19/07/2569,BZ-SKN-001,เซรั่มวิตามินซี 30ml,1,590.00,0.00,590.00,31.56,18.94,12.63,0.00,526.87
2626071902845,19/07/2569,BZ-SKN-001,เซรั่มวิตามินซี 30ml,1,590.00,0.00,590.00,31.56,18.94,12.63,0.00,526.87
2626071902846,19/07/2569,BZ-SKN-001,เซรั่มวิตามินซี 30ml,1,590.00,59.00,531.00,28.41,17.05,11.36,0.00,474.18
2626071902847,19/07/2569,BZ-SKN-001,เซรั่มวิตามินซี 30ml,1,590.00,59.00,531.00,28.41,17.05,11.36,0.00,474.18
2626071902848,19/07/2569,BZ-SKN-001,เซรั่มวิตามินซี 30ml,1,590.00,59.00,531.00,28.41,17.05,11.36,0.00,474.18
2626071902849,19/07/2569,BZ-SKN-001,เซรั่มวิตามินซี 30ml,1,590.00,0.00,590.00,31.56,18.94,12.63,15.00,511.87
2626071902850,19/07/2569,BZ-SKN-001,เซรั่มวิตามินซี 30ml,1,590.00,0.00,590.00,31.56,18.94,12.63,15.00,511.87
2626071902851,19/07/2569,BZ-SKN-001,เซรั่มวิตามินซี 30ml,1,590.00,59.00,531.00,28.41,17.05,11.36,15.00,459.18
2626071902852,19/07/2569,BZ-SKN-001,เซรั่มวิตามินซี 30ml,2,1180.00,118.00,1062.00,56.82,34.09,22.73,15.00,933.37
2626071902853,19/07/2569,BZ-SKN-001,เซรั่มวิตามินซี 30ml,1,590.00,0.00,590.00,31.56,18.94,12.63,0.00,526.87
2626071902854,19/07/2569,BZ-SKN-001,เซรั่มวิตามินซี 30ml,1,590.00,0.00,590.00,31.56,18.94,12.63,0.00,526.87
2626071902855,19/07/2569,BZ-SKN-001,เซรั่มวิตามินซี 30ml,2,1180.00,0.00,1180.00,63.13,37.88,25.25,0.00,1053.74
2626071902856,19/07/2569,BZ-SKN-001,เซรั่มวิตามินซี 30ml,1,590.00,0.00,590.00,31.56,18.94,12.63,15.00,511.87
2626071902857,19/07/2569,BZ-SKN-001,เซรั่มวิตามินซี 30ml,1,590.00,59.00,531.00,28.41,17.05,11.36,15.00,459.18
2626071902858,19/07/2569,BZ-SKN-001,เซรั่มวิตามินซี 30ml,1,590.00,0.00,590.00,31.56,18.94,12.63,15.00,511.87
2626071902859,19/07/2569,BZ-SKN-001,เซรั่มวิตามินซี 30ml,1,590.00,59.00,531.00,28.41,17.05,11.36,15.00,459.18
2626071902860,19/07/2569,BZ-SKN-001,เซรั่มวิตามินซี 30ml,1,590.00,0.00,590.00,31.56,18.94,12.63,15.00,511.87
2626071902861,19/07/2569,BZ-SKN-001,เซรั่มวิตามินซี 30ml,2,1180.00,0.00,1180.00,63.13,37.88,25.25,0.00,1053.74
2626071902862,19/07/2569,BZ-ACC-002,ขวดน้ำเก็บความเย็น 500ml,1,380.00,38.00,342.00,18.30,10.98,7.32,15.00,290.41
2626071902863,19/07/2569,BZ-SKN-001,เซรั่มวิตามินซี 30ml,2,1180.00,0.00,1180.00,63.13,37.88,25.25,15.00,1038.74
2626071902864,19/07/2569,BZ-ACC-001,กระเป๋าผ้าแคนวาส,1,320.00,32.00,288.00,15.41,9.24,6.16,0.00,257.18
2626071902865,19/07/2569,BZ-BND-001,เซตของขวัญรวม 3 ชิ้น,1,1190.00,119.00,1071.00,57.30,34.38,22.92,15.00,941.40
2626071902866,19/07/2569,BZ-BND-001,เซตของขวัญรวม 3 ชิ้น,1,1190.00,0.00,1190.00,63.66,38.20,25.47,0.00,1062.67
2626071902867,19/07/2569,BZ-SKN-001,เซรั่มวิตามินซี 30ml,1,590.00,0.00,590.00,31.56,18.94,12.63,15.00,511.87
2626071902868,19/07/2569,BZ-SKN-002,ครีมกันแดด SPF50 50g,1,450.00,0.00,450.00,24.07,14.44,9.63,0.00,401.85
2626071902869,19/07/2569,BZ-SUP-001,คอลลาเจนเปปไทด์ 200g,2,1780.00,0.00,1780.00,95.23,57.14,38.09,15.00,1574.54
2626071902870,19/07/2569,BZ-ACC-001,กระเป๋าผ้าแคนวาส,1,320.00,32.00,288.00,15.41,9.24,6.16,15.00,242.18
2626071902871,19/07/2569,BZ-ACC-001,กระเป๋าผ้าแคนวาส,2,640.00,0.00,640.00,34.24,20.54,13.70,0.00,571.52
2626071902872,19/07/2569,BZ-ACC-001,กระเป๋าผ้าแคนวาส,2,640.00,0.00,640.00,34.24,20.54,13.70,15.00,556.52
2626071902873,19/07/2569,BZ-SKN-001,เซรั่มวิตามินซี 30ml,1,590.00,0.00,590.00,31.56,18.94,12.63,0.00,526.87
2626071902874,19/07/2569,BZ-SKN-001,เซรั่มวิตามินซี 30ml,2,1180.00,118.00,1062.00,56.82,34.09,22.73,0.00,948.37
2626071902875,19/07/2569,BZ-ACC-002,ขวดน้ำเก็บความเย็น 500ml,1,380.00,38.00,342.00,18.30,10.98,7.32,0.00,305.41
2626071902876,19/07/2569,BZ-SUP-001,คอลลาเจนเปปไทด์ 200g,1,890.00,0.00,890.00,47.62,28.57,19.05,15.00,779.77
2626071902877,19/07/2569,BZ-SUP-001,คอลลาเจนเปปไทด์ 200g,1,890.00,0.00,890.00,47.62,28.57,19.05,15.00,779.77
2626071902878,19/07/2569,BZ-SKN-002,ครีมกันแดด SPF50 50g,1,450.00,0.00,450.00,24.07,14.44,9.63,0.00,401.85
2626071902879,19/07/2569,BZ-SUP-001,คอลลาเจนเปปไทด์ 200g,1,890.00,0.00,890.00,47.62,28.57,19.05,0.00,794.77
2626071902880,19/07/2569,BZ-SUP-001,คอลลาเจนเปปไทด์ 200g,2,1780.00,0.00,1780.00,95.23,57.14,38.09,0.00,1589.54
2626071902881,19/07/2569,BZ-SUP-001,คอลลาเจนเปปไทด์ 200g,1,890.00,89.00,801.00,42.85,25.71,17.14,15.00,700.29
2626071902882,19/07/2569,BZ-SUP-001,คอลลาเจนเปปไทด์ 200g,1,890.00,89.00,801.00,42.85,25.71,17.14,0.00,715.29
2626071902883,19/07/2569,BZ-SUP-001,คอลลาเจนเปปไทด์ 200g,1,890.00,89.00,801.00,42.85,25.71,17.14,0.00,715.29
2626071902884,19/07/2569,BZ-SUP-001,คอลลาเจนเปปไทด์ 200g,1,890.00,0.00,890.00,47.62,28.57,19.05,15.00,779.77
2626071902885,19/07/2569,BZ-SUP-001,คอลลาเจนเปปไทด์ 200g,2,1780.00,0.00,1780.00,95.23,57.14,38.09,0.00,1589.54
2626071902886,19/07/2569,BZ-SUP-001,คอลลาเจนเปปไทด์ 200g,1,890.00,0.00,890.00,47.62,28.57,19.05,0.00,794.77
2626071902887,19/07/2569,BZ-SUP-001,คอลลาเจนเปปไทด์ 200g,2,1780.00,0.00,1780.00,95.23,57.14,38.09,0.00,1589.54
2626071902888,19/07/2569,BZ-SUP-001,คอลลาเจนเปปไทด์ 200g,1,890.00,0.00,890.00,47.62,28.57,19.05,15.00,779.77
2626071902889,19/07/2569,BZ-SUP-001,คอลลาเจนเปปไทด์ 200g,1,890.00,0.00,890.00,47.62,28.57,19.05,15.00,779.77
2626071902890,19/07/2569,BZ-SUP-001,คอลลาเจนเปปไทด์ 200g,2,1780.00,0.00,1780.00,95.23,57.14,38.09,15.00,1574.54
2626071902891,19/07/2569,BZ-SUP-001,คอลลาเจนเปปไทด์ 200g,2,1780.00,0.00,1780.00,95.23,57.14,38.09,0.00,1589.54
2626071902892,19/07/2569,BZ-SUP-001,คอลลาเจนเปปไทด์ 200g,1,890.00,89.00,801.00,42.85,25.71,17.14,15.00,700.29
2626071902893,19/07/2569,BZ-SUP-001,คอลลาเจนเปปไทด์ 200g,1,890.00,89.00,801.00,42.85,25.71,17.14,0.00,715.29
2626071902894,19/07/2569,BZ-SUP-001,คอลลาเจนเปปไทด์ 200g,2,1780.00,0.00,1780.00,95.23,57.14,38.09,0.00,1589.54
2626071902895,19/07/2569,BZ-SUP-001,คอลลาเจนเปปไทด์ 200g,2,1780.00,0.00,1780.00,95.23,57.14,38.09,15.00,1574.54
2626071902896,19/07/2569,BZ-SUP-001,คอลลาเจนเปปไทด์ 200g,1,890.00,0.00,890.00,47.62,28.57,19.05,15.00,779.77
2626071902897,19/07/2569,BZ-SUP-001,คอลลาเจนเปปไทด์ 200g,1,890.00,0.00,890.00,47.62,28.57,19.05,15.00,779.77
2626071902898,19/07/2569,BZ-SUP-001,คอลลาเจนเปปไทด์ 200g,2,1780.00,178.00,1602.00,85.71,51.42,34.28,15.00,1415.59
2626071902899,19/07/2569,BZ-SUP-001,คอลลาเจนเปปไทด์ 200g,1,890.00,89.00,801.00,42.85,25.71,17.14,0.00,715.29
2626071902900,19/07/2569,BZ-SUP-001,คอลลาเจนเปปไทด์ 200g,1,890.00,0.00,890.00,47.62,28.57,19.05,0.00,794.77
2626071902901,19/07/2569,BZ-SUP-001,คอลลาเจนเปปไทด์ 200g,1,890.00,89.00,801.00,42.85,25.71,17.14,0.00,715.29
2626071902902,19/07/2569,BZ-ACC-001,กระเป๋าผ้าแคนวาส,1,320.00,0.00,320.00,17.12,10.27,6.85,0.00,285.76
2626071902903,19/07/2569,BZ-ACC-002,ขวดน้ำเก็บความเย็น 500ml,1,380.00,0.00,380.00,20.33,12.20,8.13,0.00,339.34
2626071902904,19/07/2569,BZ-SKN-002,ครีมกันแดด SPF50 50g,2,900.00,0.00,900.00,48.15,28.89,19.26,15.00,788.70
2626071902905,19/07/2569,BZ-SKN-002,ครีมกันแดด SPF50 50g,1,450.00,45.00,405.00,21.67,13.00,8.67,0.00,361.67
2626071902906,19/07/2569,BZ-ACC-002,ขวดน้ำเก็บความเย็น 500ml,1,380.00,0.00,380.00,20.33,12.20,8.13,15.00,324.34
2626071902907,19/07/2569,BZ-ACC-001,กระเป๋าผ้าแคนวาส,2,640.00,0.00,640.00,34.24,20.54,13.70,15.00,556.52
2626071902908,19/07/2569,BZ-ACC-001,กระเป๋าผ้าแคนวาส,1,320.00,32.00,288.00,15.41,9.24,6.16,15.00,242.18
2626071902909,19/07/2569,BZ-ACC-001,กระเป๋าผ้าแคนวาส,2,640.00,0.00,640.00,34.24,20.54,13.70,15.00,556.52
2626071902910,19/07/2569,BZ-ACC-001,กระเป๋าผ้าแคนวาส,1,320.00,0.00,320.00,17.12,10.27,6.85,0.00,285.76
2626071902911,19/07/2569,BZ-ACC-001,กระเป๋าผ้าแคนวาส,2,640.00,0.00,640.00,34.24,20.54,13.70,0.00,571.52
2626071902912,19/07/2569,BZ-ACC-001,กระเป๋าผ้าแคนวาส,1,320.00,32.00,288.00,15.41,9.24,6.16,15.00,242.18
2626071902913,19/07/2569,BZ-ACC-001,กระเป๋าผ้าแคนวาส,2,640.00,0.00,640.00,34.24,20.54,13.70,15.00,556.52
2626071902914,19/07/2569,BZ-ACC-001,กระเป๋าผ้าแคนวาส,2,640.00,0.00,640.00,34.24,20.54,13.70,15.00,556.52
2626071902915,19/07/2569,BZ-ACC-001,กระเป๋าผ้าแคนวาส,1,320.00,0.00,320.00,17.12,10.27,6.85,15.00,270.76
2626071902916,19/07/2569,BZ-ELC-001,หูฟังบลูทูธไร้สาย,1,690.00,69.00,621.00,33.22,19.93,13.29,0.00,554.55
2626071902917,19/07/2569,BZ-SKN-002,ครีมกันแดด SPF50 50g,1,450.00,45.00,405.00,21.67,13.00,8.67,15.00,346.67
2626071902918,19/07/2569,BZ-ELC-001,หูฟังบลูทูธไร้สาย,2,1380.00,0.00,1380.00,73.83,44.30,29.53,0.00,1232.34
2626071902919,19/07/2569,BZ-ELC-001,หูฟังบลูทูธไร้สาย,1,690.00,0.00,690.00,36.91,22.15,14.77,15.00,601.17
2626071902920,19/07/2569,BZ-ELC-001,หูฟังบลูทูธไร้สาย,2,1380.00,138.00,1242.00,66.45,39.87,26.58,0.00,1109.11
2626071902921,19/07/2569,BZ-ELC-001,หูฟังบลูทูธไร้สาย,1,690.00,0.00,690.00,36.91,22.15,14.77,15.00,601.17
2626071902922,19/07/2569,BZ-ELC-001,หูฟังบลูทูธไร้สาย,2,1380.00,0.00,1380.00,73.83,44.30,29.53,15.00,1217.34
2626071902923,19/07/2569,BZ-ELC-001,หูฟังบลูทูธไร้สาย,2,1380.00,0.00,1380.00,73.83,44.30,29.53,0.00,1232.34
2626071902924,19/07/2569,BZ-ELC-001,หูฟังบลูทูธไร้สาย,1,690.00,69.00,621.00,33.22,19.93,13.29,0.00,554.55
2626071902925,19/07/2569,BZ-ELC-001,หูฟังบลูทูธไร้สาย,1,690.00,0.00,690.00,36.91,22.15,14.77,0.00,616.17
2626071902926,19/07/2569,BZ-ELC-001,หูฟังบลูทูธไร้สาย,2,1380.00,0.00,1380.00,73.83,44.30,29.53,15.00,1217.34
2626071902927,19/07/2569,BZ-ELC-001,หูฟังบลูทูธไร้สาย,2,1380.00,0.00,1380.00,73.83,44.30,29.53,0.00,1232.34
2626071902928,19/07/2569,BZ-ELC-001,หูฟังบลูทูธไร้สาย,1,690.00,0.00,690.00,36.91,22.15,14.77,15.00,601.17
2626071902929,19/07/2569,BZ-ELC-001,หูฟังบลูทูธไร้สาย,1,690.00,0.00,690.00,36.91,22.15,14.77,15.00,601.17
2626071902930,19/07/2569,BZ-ELC-001,หูฟังบลูทูธไร้สาย,1,690.00,0.00,690.00,36.91,22.15,14.77,0.00,616.17
2626071902931,19/07/2569,BZ-ELC-001,หูฟังบลูทูธไร้สาย,1,690.00,0.00,690.00,36.91,22.15,14.77,0.00,616.17
2626071902932,19/07/2569,BZ-ELC-001,หูฟังบลูทูธไร้สาย,2,1380.00,0.00,1380.00,73.83,44.30,29.53,0.00,1232.34
2626071902933,19/07/2569,BZ-ELC-001,หูฟังบลูทูธไร้สาย,1,690.00,0.00,690.00,36.91,22.15,14.77,0.00,616.17
2626071902934,19/07/2569,BZ-ELC-001,หูฟังบลูทูธไร้สาย,2,1380.00,0.00,1380.00,73.83,44.30,29.53,15.00,1217.34
2626071902935,19/07/2569,BZ-ELC-001,หูฟังบลูทูธไร้สาย,1,690.00,0.00,690.00,36.91,22.15,14.77,0.00,616.17
2626071902936,19/07/2569,BZ-ELC-001,หูฟังบลูทูธไร้สาย,1,690.00,0.00,690.00,36.91,22.15,14.77,0.00,616.17
2626071902937,19/07/2569,BZ-ELC-001,หูฟังบลูทูธไร้สาย,1,690.00,0.00,690.00,36.91,22.15,14.77,0.00,616.17
2626071902938,19/07/2569,BZ-ELC-001,หูฟังบลูทูธไร้สาย,1,690.00,0.00,690.00,36.91,22.15,14.77,0.00,616.17
2626071902939,19/07/2569,BZ-ELC-001,หูฟังบลูทูธไร้สาย,2,1380.00,138.00,1242.00,66.45,39.87,26.58,15.00,1094.11
2626071902940,19/07/2569,BZ-ELC-001,หูฟังบลูทูธไร้สาย,1,690.00,69.00,621.00,33.22,19.93,13.29,0.00,554.55
2626071902941,19/07/2569,BZ-ELC-001,หูฟังบลูทูธไร้สาย,1,690.00,0.00,690.00,36.91,22.15,14.77,15.00,601.17
2626071902942,19/07/2569,BZ-ELC-001,หูฟังบลูทูธไร้สาย,2,1380.00,138.00,1242.00,66.45,39.87,26.58,15.00,1094.11
2626071902943,19/07/2569,BZ-ELC-001,หูฟังบลูทูธไร้สาย,1,690.00,0.00,690.00,36.91,22.15,14.77,0.00,616.17
2626071902944,19/07/2569,BZ-ELC-001,หูฟังบลูทูธไร้สาย,2,1380.00,0.00,1380.00,73.83,44.30,29.53,15.00,1217.34
2626071902945,19/07/2569,BZ-ELC-001,หูฟังบลูทูธไร้สาย,2,1380.00,0.00,1380.00,73.83,44.30,29.53,0.00,1232.34
2626071902946,19/07/2569,BZ-ELC-001,หูฟังบลูทูธไร้สาย,2,1380.00,138.00,1242.00,66.45,39.87,26.58,0.00,1109.11
2626071902947,19/07/2569,BZ-ELC-001,หูฟังบลูทูธไร้สาย,1,690.00,0.00,690.00,36.91,22.15,14.77,15.00,601.17
2626071902948,19/07/2569,BZ-ELC-001,หูฟังบลูทูธไร้สาย,1,690.00,0.00,690.00,36.91,22.15,14.77,15.00,601.17
2626071902949,19/07/2569,BZ-ELC-001,หูฟังบลูทูธไร้สาย,1,690.00,0.00,690.00,36.91,22.15,14.77,0.00,616.17
2626071902950,19/07/2569,BZ-ELC-001,หูฟังบลูทูธไร้สาย,2,1380.00,0.00,1380.00,73.83,44.30,29.53,0.00,1232.34
2626071902951,19/07/2569,BZ-ELC-001,หูฟังบลูทูธไร้สาย,1,690.00,69.00,621.00,33.22,19.93,13.29,15.00,539.55
2626071902952,19/07/2569,BZ-ELC-001,หูฟังบลูทูธไร้สาย,2,1380.00,0.00,1380.00,73.83,44.30,29.53,0.00,1232.34
2626071902953,19/07/2569,BZ-ELC-001,หูฟังบลูทูธไร้สาย,1,690.00,0.00,690.00,36.91,22.15,14.77,0.00,616.17
2626071902954,19/07/2569,BZ-ELC-001,หูฟังบลูทูธไร้สาย,1,690.00,0.00,690.00,36.91,22.15,14.77,15.00,601.17
2626071902955,19/07/2569,BZ-ELC-001,หูฟังบลูทูธไร้สาย,1,690.00,69.00,621.00,33.22,19.93,13.29,15.00,539.55
2626071902956,19/07/2569,BZ-ELC-001,หูฟังบลูทูธไร้สาย,1,690.00,69.00,621.00,33.22,19.93,13.29,15.00,539.55
2626071902957,19/07/2569,BZ-ELC-001,หูฟังบลูทูธไร้สาย,1,690.00,0.00,690.00,36.91,22.15,14.77,0.00,616.17
2626071902958,19/07/2569,BZ-ELC-001,หูฟังบลูทูธไร้สาย,2,1380.00,0.00,1380.00,73.83,44.30,29.53,15.00,1217.34
2626071902959,19/07/2569,BZ-SKN-002,ครีมกันแดด SPF50 50g,1,450.00,45.00,405.00,21.67,13.00,8.67,0.00,361.67
2626071902960,19/07/2569,BZ-ACC-001,กระเป๋าผ้าแคนวาส,1,320.00,0.00,320.00,17.12,10.27,6.85,0.00,285.76
2626071902961,19/07/2569,BZ-BND-001,เซตของขวัญรวม 3 ชิ้น,2,2380.00,0.00,2380.00,127.33,76.40,50.93,0.00,2125.34
2626071902962,19/07/2569,BZ-ELC-001,หูฟังบลูทูธไร้สาย,2,1380.00,0.00,1380.00,73.83,44.30,29.53,0.00,1232.34
2626071902963,19/07/2569,BZ-ACC-001,กระเป๋าผ้าแคนวาส,1,320.00,32.00,288.00,15.41,9.24,6.16,0.00,257.18
2626071902964,19/07/2569,BZ-BND-001,เซตของขวัญรวม 3 ชิ้น,1,1190.00,0.00,1190.00,63.66,38.20,25.47,0.00,1062.67
2626071902965,19/07/2569,BZ-BND-001,เซตของขวัญรวม 3 ชิ้น,1,1190.00,0.00,1190.00,63.66,38.20,25.47,15.00,1047.67
2626071902966,19/07/2569,BZ-BND-001,เซตของขวัญรวม 3 ชิ้น,1,1190.00,0.00,1190.00,63.66,38.20,25.47,0.00,1062.67
2626071902967,19/07/2569,BZ-BND-001,เซตของขวัญรวม 3 ชิ้น,1,1190.00,119.00,1071.00,57.30,34.38,22.92,0.00,956.40
2626071902968,19/07/2569,BZ-BND-001,เซตของขวัญรวม 3 ชิ้น,1,1190.00,0.00,1190.00,63.66,38.20,25.47,0.00,1062.67
2626071902969,19/07/2569,BZ-BND-001,เซตของขวัญรวม 3 ชิ้น,1,1190.00,119.00,1071.00,57.30,34.38,22.92,0.00,956.40
2626071902970,19/07/2569,BZ-BND-001,เซตของขวัญรวม 3 ชิ้น,1,1190.00,119.00,1071.00,57.30,34.38,22.92,0.00,956.40
2626071902971,19/07/2569,BZ-BND-001,เซตของขวัญรวม 3 ชิ้น,2,2380.00,0.00,2380.00,127.33,76.40,50.93,15.00,2110.34
2626071902972,19/07/2569,BZ-BND-001,เซตของขวัญรวม 3 ชิ้น,1,1190.00,119.00,1071.00,57.30,34.38,22.92,0.00,956.40
2626071902973,19/07/2569,BZ-BND-001,เซตของขวัญรวม 3 ชิ้น,1,1190.00,0.00,1190.00,63.66,38.20,25.47,0.00,1062.67
2626071902974,19/07/2569,BZ-BND-001,เซตของขวัญรวม 3 ชิ้น,1,1190.00,0.00,1190.00,63.66,38.20,25.47,15.00,1047.67
2626071902975,19/07/2569,BZ-BND-001,เซตของขวัญรวม 3 ชิ้น,1,1190.00,0.00,1190.00,63.66,38.20,25.47,0.00,1062.67
2626071902976,19/07/2569,BZ-BND-001,เซตของขวัญรวม 3 ชิ้น,2,2380.00,0.00,2380.00,127.33,76.40,50.93,15.00,2110.34
2626071902977,19/07/2569,BZ-BND-001,เซตของขวัญรวม 3 ชิ้น,1,1190.00,0.00,1190.00,63.66,38.20,25.47,0.00,1062.67
2626071902978,19/07/2569,BZ-BND-001,เซตของขวัญรวม 3 ชิ้น,2,2380.00,238.00,2142.00,114.60,68.76,45.84,15.00,1897.81
2626071902979,19/07/2569,BZ-BND-001,เซตของขวัญรวม 3 ชิ้น,1,1190.00,119.00,1071.00,57.30,34.38,22.92,15.00,941.40
2626071902980,19/07/2569,BZ-BND-001,เซตของขวัญรวม 3 ชิ้น,1,1190.00,119.00,1071.00,57.30,34.38,22.92,0.00,956.40
2626071902981,19/07/2569,BZ-BND-001,เซตของขวัญรวม 3 ชิ้น,2,2380.00,238.00,2142.00,114.60,68.76,45.84,0.00,1912.81
2626071902982,19/07/2569,BZ-BND-001,เซตของขวัญรวม 3 ชิ้น,1,1190.00,0.00,1190.00,63.66,38.20,25.47,15.00,1047.67
2626071902983,19/07/2569,BZ-BND-001,เซตของขวัญรวม 3 ชิ้น,1,1190.00,0.00,1190.00,63.66,38.20,25.47,0.00,1062.67
2626071902984,19/07/2569,BZ-SUP-001,คอลลาเจนเปปไทด์ 200g,1,890.00,0.00,890.00,47.62,28.57,19.05,0.00,794.77
2626072002985,20/07/2569,BZ-SKN-001,เซรั่มวิตามินซี 30ml,1,590.00,0.00,590.00,31.56,18.94,12.63,0.00,526.87
2626072002986,20/07/2569,BZ-SKN-001,เซรั่มวิตามินซี 30ml,1,590.00,59.00,531.00,28.41,17.05,11.36,0.00,474.18
2626072002987,20/07/2569,BZ-SKN-001,เซรั่มวิตามินซี 30ml,1,590.00,0.00,590.00,31.56,18.94,12.63,15.00,511.87
2626072002988,20/07/2569,BZ-SKN-001,เซรั่มวิตามินซี 30ml,1,590.00,0.00,590.00,31.56,18.94,12.63,0.00,526.87
2626072002989,20/07/2569,BZ-SKN-001,เซรั่มวิตามินซี 30ml,1,590.00,0.00,590.00,31.56,18.94,12.63,15.00,511.87
2626072002990,20/07/2569,BZ-SKN-001,เซรั่มวิตามินซี 30ml,2,1180.00,118.00,1062.00,56.82,34.09,22.73,0.00,948.37
2626072002991,20/07/2569,BZ-SKN-001,เซรั่มวิตามินซี 30ml,1,590.00,0.00,590.00,31.56,18.94,12.63,0.00,526.87
2626072002992,20/07/2569,BZ-SKN-001,เซรั่มวิตามินซี 30ml,1,590.00,0.00,590.00,31.56,18.94,12.63,15.00,511.87
2626072002993,20/07/2569,BZ-SKN-001,เซรั่มวิตามินซี 30ml,1,590.00,0.00,590.00,31.56,18.94,12.63,0.00,526.87
2626072002994,20/07/2569,BZ-SKN-001,เซรั่มวิตามินซี 30ml,1,590.00,59.00,531.00,28.41,17.05,11.36,15.00,459.18
2626072002995,20/07/2569,BZ-SKN-001,เซรั่มวิตามินซี 30ml,2,1180.00,118.00,1062.00,56.82,34.09,22.73,0.00,948.37
2626072002996,20/07/2569,BZ-SKN-001,เซรั่มวิตามินซี 30ml,1,590.00,0.00,590.00,31.56,18.94,12.63,0.00,526.87
2626072002997,20/07/2569,BZ-SKN-001,เซรั่มวิตามินซี 30ml,1,590.00,59.00,531.00,28.41,17.05,11.36,0.00,474.18
2626072002998,20/07/2569,BZ-SKN-001,เซรั่มวิตามินซี 30ml,1,590.00,0.00,590.00,31.56,18.94,12.63,15.00,511.87
2626072002999,20/07/2569,BZ-SKN-001,เซรั่มวิตามินซี 30ml,2,1180.00,0.00,1180.00,63.13,37.88,25.25,15.00,1038.74
2626072003000,20/07/2569,BZ-SKN-001,เซรั่มวิตามินซี 30ml,1,590.00,0.00,590.00,31.56,18.94,12.63,15.00,511.87
2626072003001,20/07/2569,BZ-SKN-001,เซรั่มวิตามินซี 30ml,1,590.00,59.00,531.00,28.41,17.05,11.36,0.00,474.18
2626072003002,20/07/2569,BZ-SKN-001,เซรั่มวิตามินซี 30ml,1,590.00,0.00,590.00,31.56,18.94,12.63,0.00,526.87
2626072003003,20/07/2569,BZ-SKN-001,เซรั่มวิตามินซี 30ml,1,590.00,0.00,590.00,31.56,18.94,12.63,0.00,526.87
2626072003004,20/07/2569,BZ-SKN-001,เซรั่มวิตามินซี 30ml,1,590.00,59.00,531.00,28.41,17.05,11.36,15.00,459.18
2626072003005,20/07/2569,BZ-SKN-001,เซรั่มวิตามินซี 30ml,1,590.00,0.00,590.00,31.56,18.94,12.63,0.00,526.87
2626072003006,20/07/2569,BZ-SKN-001,เซรั่มวิตามินซี 30ml,1,590.00,0.00,590.00,31.56,18.94,12.63,15.00,511.87
2626072003007,20/07/2569,BZ-SKN-001,เซรั่มวิตามินซี 30ml,1,590.00,0.00,590.00,31.56,18.94,12.63,0.00,526.87
2626072003008,20/07/2569,BZ-SKN-001,เซรั่มวิตามินซี 30ml,1,590.00,0.00,590.00,31.56,18.94,12.63,0.00,526.87
2626072003009,20/07/2569,BZ-SKN-001,เซรั่มวิตามินซี 30ml,1,590.00,0.00,590.00,31.56,18.94,12.63,0.00,526.87
2626072003010,20/07/2569,BZ-SKN-001,เซรั่มวิตามินซี 30ml,1,590.00,0.00,590.00,31.56,18.94,12.63,15.00,511.87
2626072003011,20/07/2569,BZ-SKN-001,เซรั่มวิตามินซี 30ml,2,1180.00,0.00,1180.00,63.13,37.88,25.25,0.00,1053.74
2626072003012,20/07/2569,BZ-SKN-001,เซรั่มวิตามินซี 30ml,1,590.00,59.00,531.00,28.41,17.05,11.36,15.00,459.18
2626072003013,20/07/2569,BZ-SKN-001,เซรั่มวิตามินซี 30ml,2,1180.00,0.00,1180.00,63.13,37.88,25.25,0.00,1053.74
2626072003014,20/07/2569,BZ-SKN-001,เซรั่มวิตามินซี 30ml,2,1180.00,0.00,1180.00,63.13,37.88,25.25,15.00,1038.74
2626072003015,20/07/2569,BZ-SKN-001,เซรั่มวิตามินซี 30ml,1,590.00,59.00,531.00,28.41,17.05,11.36,0.00,474.18
2626072003016,20/07/2569,BZ-SKN-001,เซรั่มวิตามินซี 30ml,2,1180.00,0.00,1180.00,63.13,37.88,25.25,0.00,1053.74
2626072003017,20/07/2569,BZ-ACC-002,ขวดน้ำเก็บความเย็น 500ml,1,380.00,38.00,342.00,18.30,10.98,7.32,0.00,305.41
2626072003018,20/07/2569,BZ-SKN-001,เซรั่มวิตามินซี 30ml,1,590.00,0.00,590.00,31.56,18.94,12.63,15.00,511.87
2626072003019,20/07/2569,BZ-ELC-001,หูฟังบลูทูธไร้สาย,1,690.00,0.00,690.00,36.91,22.15,14.77,0.00,616.17
2626072003020,20/07/2569,BZ-SKN-002,ครีมกันแดด SPF50 50g,1,450.00,45.00,405.00,21.67,13.00,8.67,0.00,361.67
2626072003021,20/07/2569,BZ-ACC-001,กระเป๋าผ้าแคนวาส,1,320.00,0.00,320.00,17.12,10.27,6.85,15.00,270.76
2626072003022,20/07/2569,BZ-SKN-002,ครีมกันแดด SPF50 50g,1,450.00,45.00,405.00,21.67,13.00,8.67,0.00,361.67
2626072003023,20/07/2569,BZ-SKN-001,เซรั่มวิตามินซี 30ml,2,1180.00,0.00,1180.00,63.13,37.88,25.25,0.00,1053.74
2626072003024,20/07/2569,BZ-SUP-001,คอลลาเจนเปปไทด์ 200g,1,890.00,89.00,801.00,42.85,25.71,17.14,0.00,715.29
2626072003025,20/07/2569,BZ-SUP-001,คอลลาเจนเปปไทด์ 200g,2,1780.00,178.00,1602.00,85.71,51.42,34.28,0.00,1430.59
2626072003026,20/07/2569,BZ-SUP-001,คอลลาเจนเปปไทด์ 200g,1,890.00,89.00,801.00,42.85,25.71,17.14,0.00,715.29
2626072003027,20/07/2569,BZ-SUP-001,คอลลาเจนเปปไทด์ 200g,1,890.00,89.00,801.00,42.85,25.71,17.14,0.00,715.29
2626072003028,20/07/2569,BZ-SUP-001,คอลลาเจนเปปไทด์ 200g,1,890.00,89.00,801.00,42.85,25.71,17.14,0.00,715.29
2626072003029,20/07/2569,BZ-SUP-001,คอลลาเจนเปปไทด์ 200g,1,890.00,89.00,801.00,42.85,25.71,17.14,15.00,700.29
2626072003030,20/07/2569,BZ-SUP-001,คอลลาเจนเปปไทด์ 200g,1,890.00,89.00,801.00,42.85,25.71,17.14,15.00,700.29
2626072003031,20/07/2569,BZ-SUP-001,คอลลาเจนเปปไทด์ 200g,1,890.00,0.00,890.00,47.62,28.57,19.05,15.00,779.77
2626072003032,20/07/2569,BZ-SUP-001,คอลลาเจนเปปไทด์ 200g,1,890.00,89.00,801.00,42.85,25.71,17.14,15.00,700.29
2626072003033,20/07/2569,BZ-SUP-001,คอลลาเจนเปปไทด์ 200g,1,890.00,0.00,890.00,47.62,28.57,19.05,0.00,794.77
2626072003034,20/07/2569,BZ-SUP-001,คอลลาเจนเปปไทด์ 200g,1,890.00,89.00,801.00,42.85,25.71,17.14,0.00,715.29
2626072003035,20/07/2569,BZ-SUP-001,คอลลาเจนเปปไทด์ 200g,1,890.00,0.00,890.00,47.62,28.57,19.05,15.00,779.77
2626072003036,20/07/2569,BZ-SUP-001,คอลลาเจนเปปไทด์ 200g,1,890.00,0.00,890.00,47.62,28.57,19.05,0.00,794.77
2626072003037,20/07/2569,BZ-SUP-001,คอลลาเจนเปปไทด์ 200g,1,890.00,0.00,890.00,47.62,28.57,19.05,15.00,779.77
2626072003038,20/07/2569,BZ-SUP-001,คอลลาเจนเปปไทด์ 200g,1,890.00,0.00,890.00,47.62,28.57,19.05,0.00,794.77
2626072003039,20/07/2569,BZ-SUP-001,คอลลาเจนเปปไทด์ 200g,1,890.00,0.00,890.00,47.62,28.57,19.05,15.00,779.77
2626072003040,20/07/2569,BZ-SUP-001,คอลลาเจนเปปไทด์ 200g,1,890.00,89.00,801.00,42.85,25.71,17.14,0.00,715.29
2626072003041,20/07/2569,BZ-SUP-001,คอลลาเจนเปปไทด์ 200g,1,890.00,0.00,890.00,47.62,28.57,19.05,0.00,794.77
2626072003042,20/07/2569,BZ-SUP-001,คอลลาเจนเปปไทด์ 200g,1,890.00,0.00,890.00,47.62,28.57,19.05,0.00,794.77
2626072003043,20/07/2569,BZ-SUP-001,คอลลาเจนเปปไทด์ 200g,1,890.00,0.00,890.00,47.62,28.57,19.05,15.00,779.77
2626072003044,20/07/2569,BZ-ELC-001,หูฟังบลูทูธไร้สาย,1,690.00,0.00,690.00,36.91,22.15,14.77,15.00,601.17
2626072003045,20/07/2569,BZ-SKN-002,ครีมกันแดด SPF50 50g,1,450.00,0.00,450.00,24.07,14.44,9.63,15.00,386.85
2626072003046,20/07/2569,BZ-ELC-001,หูฟังบลูทูธไร้สาย,1,690.00,69.00,621.00,33.22,19.93,13.29,0.00,554.55
2626072003047,20/07/2569,BZ-ACC-001,กระเป๋าผ้าแคนวาส,1,320.00,0.00,320.00,17.12,10.27,6.85,15.00,270.76
2626072003048,20/07/2569,BZ-ACC-001,กระเป๋าผ้าแคนวาส,1,320.00,0.00,320.00,17.12,10.27,6.85,15.00,270.76
2626072003049,20/07/2569,BZ-ACC-001,กระเป๋าผ้าแคนวาส,1,320.00,0.00,320.00,17.12,10.27,6.85,0.00,285.76
2626072003050,20/07/2569,BZ-ACC-001,กระเป๋าผ้าแคนวาส,2,640.00,64.00,576.00,30.82,18.49,12.33,15.00,499.37
2626072003051,20/07/2569,BZ-ACC-001,กระเป๋าผ้าแคนวาส,1,320.00,0.00,320.00,17.12,10.27,6.85,0.00,285.76
2626072003052,20/07/2569,BZ-ACC-001,กระเป๋าผ้าแคนวาส,2,640.00,64.00,576.00,30.82,18.49,12.33,0.00,514.37
2626072003053,20/07/2569,BZ-ACC-001,กระเป๋าผ้าแคนวาส,1,320.00,0.00,320.00,17.12,10.27,6.85,15.00,270.76
2626072003054,20/07/2569,BZ-ACC-001,กระเป๋าผ้าแคนวาส,2,640.00,0.00,640.00,34.24,20.54,13.70,0.00,571.52
2626072003055,20/07/2569,BZ-ACC-001,กระเป๋าผ้าแคนวาส,1,320.00,32.00,288.00,15.41,9.24,6.16,15.00,242.18
2626072003056,20/07/2569,BZ-ACC-001,กระเป๋าผ้าแคนวาส,1,320.00,0.00,320.00,17.12,10.27,6.85,15.00,270.76
2626072003057,20/07/2569,BZ-SUP-001,คอลลาเจนเปปไทด์ 200g,2,1780.00,0.00,1780.00,95.23,57.14,38.09,15.00,1574.54
2626072003058,20/07/2569,BZ-SUP-001,คอลลาเจนเปปไทด์ 200g,1,890.00,0.00,890.00,47.62,28.57,19.05,15.00,779.77
2626072003059,20/07/2569,BZ-ELC-001,หูฟังบลูทูธไร้สาย,1,690.00,0.00,690.00,36.91,22.15,14.77,0.00,616.17
2626072003060,20/07/2569,BZ-ELC-001,หูฟังบลูทูธไร้สาย,1,690.00,0.00,690.00,36.91,22.15,14.77,15.00,601.17
2626072003061,20/07/2569,BZ-ELC-001,หูฟังบลูทูธไร้สาย,1,690.00,0.00,690.00,36.91,22.15,14.77,15.00,601.17
2626072003062,20/07/2569,BZ-ELC-001,หูฟังบลูทูธไร้สาย,2,1380.00,0.00,1380.00,73.83,44.30,29.53,0.00,1232.34
2626072003063,20/07/2569,BZ-ELC-001,หูฟังบลูทูธไร้สาย,1,690.00,0.00,690.00,36.91,22.15,14.77,0.00,616.17
2626072003064,20/07/2569,BZ-ELC-001,หูฟังบลูทูธไร้สาย,1,690.00,0.00,690.00,36.91,22.15,14.77,0.00,616.17
2626072003065,20/07/2569,BZ-ELC-001,หูฟังบลูทูธไร้สาย,1,690.00,0.00,690.00,36.91,22.15,14.77,15.00,601.17
2626072003066,20/07/2569,BZ-ELC-001,หูฟังบลูทูธไร้สาย,1,690.00,69.00,621.00,33.22,19.93,13.29,0.00,554.55
2626072003067,20/07/2569,BZ-ELC-001,หูฟังบลูทูธไร้สาย,1,690.00,0.00,690.00,36.91,22.15,14.77,0.00,616.17
2626072003068,20/07/2569,BZ-ELC-001,หูฟังบลูทูธไร้สาย,1,690.00,69.00,621.00,33.22,19.93,13.29,0.00,554.55
2626072003069,20/07/2569,BZ-ELC-001,หูฟังบลูทูธไร้สาย,1,690.00,69.00,621.00,33.22,19.93,13.29,15.00,539.55
2626072003070,20/07/2569,BZ-ELC-001,หูฟังบลูทูธไร้สาย,1,690.00,0.00,690.00,36.91,22.15,14.77,0.00,616.17
2626072003071,20/07/2569,BZ-ELC-001,หูฟังบลูทูธไร้สาย,1,690.00,0.00,690.00,36.91,22.15,14.77,0.00,616.17
2626072003072,20/07/2569,BZ-ELC-001,หูฟังบลูทูธไร้สาย,1,690.00,0.00,690.00,36.91,22.15,14.77,15.00,601.17
2626072003073,20/07/2569,BZ-ELC-001,หูฟังบลูทูธไร้สาย,2,1380.00,0.00,1380.00,73.83,44.30,29.53,15.00,1217.34
2626072003074,20/07/2569,BZ-ELC-001,หูฟังบลูทูธไร้สาย,1,690.00,0.00,690.00,36.91,22.15,14.77,15.00,601.17
2626072003075,20/07/2569,BZ-ELC-001,หูฟังบลูทูธไร้สาย,1,690.00,0.00,690.00,36.91,22.15,14.77,0.00,616.17
2626072003076,20/07/2569,BZ-ELC-001,หูฟังบลูทูธไร้สาย,2,1380.00,0.00,1380.00,73.83,44.30,29.53,0.00,1232.34
2626072003077,20/07/2569,BZ-ELC-001,หูฟังบลูทูธไร้สาย,2,1380.00,138.00,1242.00,66.45,39.87,26.58,15.00,1094.11
2626072003078,20/07/2569,BZ-ELC-001,หูฟังบลูทูธไร้สาย,1,690.00,0.00,690.00,36.91,22.15,14.77,15.00,601.17
2626072003079,20/07/2569,BZ-ELC-001,หูฟังบลูทูธไร้สาย,1,690.00,0.00,690.00,36.91,22.15,14.77,15.00,601.17
2626072003080,20/07/2569,BZ-ELC-001,หูฟังบลูทูธไร้สาย,1,690.00,0.00,690.00,36.91,22.15,14.77,0.00,616.17
2626072003081,20/07/2569,BZ-ELC-001,หูฟังบลูทูธไร้สาย,1,690.00,0.00,690.00,36.91,22.15,14.77,15.00,601.17
2626072003082,20/07/2569,BZ-ELC-001,หูฟังบลูทูธไร้สาย,2,1380.00,0.00,1380.00,73.83,44.30,29.53,15.00,1217.34
2626072003083,20/07/2569,BZ-ELC-001,หูฟังบลูทูธไร้สาย,1,690.00,0.00,690.00,36.91,22.15,14.77,15.00,601.17
2626072003084,20/07/2569,BZ-ELC-001,หูฟังบลูทูธไร้สาย,1,690.00,0.00,690.00,36.91,22.15,14.77,0.00,616.17
2626072003085,20/07/2569,BZ-ELC-001,หูฟังบลูทูธไร้สาย,1,690.00,0.00,690.00,36.91,22.15,14.77,15.00,601.17
2626072003086,20/07/2569,BZ-ELC-001,หูฟังบลูทูธไร้สาย,2,1380.00,0.00,1380.00,73.83,44.30,29.53,15.00,1217.34
2626072003087,20/07/2569,BZ-ELC-001,หูฟังบลูทูธไร้สาย,1,690.00,69.00,621.00,33.22,19.93,13.29,0.00,554.55
2626072003088,20/07/2569,BZ-ELC-001,หูฟังบลูทูธไร้สาย,2,1380.00,0.00,1380.00,73.83,44.30,29.53,15.00,1217.34
2626072003089,20/07/2569,BZ-ELC-001,หูฟังบลูทูธไร้สาย,1,690.00,0.00,690.00,36.91,22.15,14.77,15.00,601.17
2626072003090,20/07/2569,BZ-ELC-001,หูฟังบลูทูธไร้สาย,1,690.00,69.00,621.00,33.22,19.93,13.29,15.00,539.55
2626072003091,20/07/2569,BZ-ELC-001,หูฟังบลูทูธไร้สาย,1,690.00,69.00,621.00,33.22,19.93,13.29,0.00,554.55
2626072003092,20/07/2569,BZ-ELC-001,หูฟังบลูทูธไร้สาย,1,690.00,69.00,621.00,33.22,19.93,13.29,0.00,554.55
2626072003093,20/07/2569,BZ-ELC-001,หูฟังบลูทูธไร้สาย,1,690.00,69.00,621.00,33.22,19.93,13.29,0.00,554.55
2626072003094,20/07/2569,BZ-ELC-001,หูฟังบลูทูธไร้สาย,1,690.00,69.00,621.00,33.22,19.93,13.29,0.00,554.55
2626072003095,20/07/2569,BZ-SUP-001,คอลลาเจนเปปไทด์ 200g,2,1780.00,178.00,1602.00,85.71,51.42,34.28,15.00,1415.59
2626072003096,20/07/2569,BZ-ELC-001,หูฟังบลูทูธไร้สาย,1,690.00,0.00,690.00,36.91,22.15,14.77,15.00,601.17
2626072003097,20/07/2569,BZ-ACC-001,กระเป๋าผ้าแคนวาส,1,320.00,32.00,288.00,15.41,9.24,6.16,15.00,242.18
2626072003098,20/07/2569,BZ-BND-001,เซตของขวัญรวม 3 ชิ้น,2,2380.00,238.00,2142.00,114.60,68.76,45.84,0.00,1912.81
2626072003099,20/07/2569,BZ-BND-001,เซตของขวัญรวม 3 ชิ้น,1,1190.00,0.00,1190.00,63.66,38.20,25.47,0.00,1062.67
2626072003100,20/07/2569,BZ-BND-001,เซตของขวัญรวม 3 ชิ้น,1,1190.00,0.00,1190.00,63.66,38.20,25.47,15.00,1047.67
2626072003101,20/07/2569,BZ-BND-001,เซตของขวัญรวม 3 ชิ้น,1,1190.00,0.00,1190.00,63.66,38.20,25.47,15.00,1047.67
2626072003102,20/07/2569,BZ-BND-001,เซตของขวัญรวม 3 ชิ้น,1,1190.00,119.00,1071.00,57.30,34.38,22.92,0.00,956.40
2626072003103,20/07/2569,BZ-BND-001,เซตของขวัญรวม 3 ชิ้น,2,2380.00,238.00,2142.00,114.60,68.76,45.84,15.00,1897.81
2626072003104,20/07/2569,BZ-BND-001,เซตของขวัญรวม 3 ชิ้น,1,1190.00,0.00,1190.00,63.66,38.20,25.47,0.00,1062.67
2626072003105,20/07/2569,BZ-BND-001,เซตของขวัญรวม 3 ชิ้น,1,1190.00,0.00,1190.00,63.66,38.20,25.47,0.00,1062.67
2626072003106,20/07/2569,BZ-BND-001,เซตของขวัญรวม 3 ชิ้น,1,1190.00,119.00,1071.00,57.30,34.38,22.92,0.00,956.40
2626072003107,20/07/2569,BZ-BND-001,เซตของขวัญรวม 3 ชิ้น,1,1190.00,119.00,1071.00,57.30,34.38,22.92,0.00,956.40
2626072003108,20/07/2569,BZ-BND-001,เซตของขวัญรวม 3 ชิ้น,1,1190.00,0.00,1190.00,63.66,38.20,25.47,0.00,1062.67
2626072003109,20/07/2569,BZ-BND-001,เซตของขวัญรวม 3 ชิ้น,1,1190.00,119.00,1071.00,57.30,34.38,22.92,0.00,956.40
2626072003110,20/07/2569,BZ-BND-001,เซตของขวัญรวม 3 ชิ้น,1,1190.00,0.00,1190.00,63.66,38.20,25.47,0.00,1062.67
2626072003111,20/07/2569,BZ-BND-001,เซตของขวัญรวม 3 ชิ้น,1,1190.00,0.00,1190.00,63.66,38.20,25.47,15.00,1047.67
2626072003112,20/07/2569,BZ-BND-001,เซตของขวัญรวม 3 ชิ้น,1,1190.00,119.00,1071.00,57.30,34.38,22.92,15.00,941.40
2626072003113,20/07/2569,BZ-SUP-001,คอลลาเจนเปปไทด์ 200g,2,1780.00,0.00,1780.00,95.23,57.14,38.09,0.00,1589.54
2626072103114,21/07/2569,BZ-SKN-001,เซรั่มวิตามินซี 30ml,1,590.00,0.00,590.00,31.56,18.94,12.63,15.00,511.87
2626072103115,21/07/2569,BZ-SKN-001,เซรั่มวิตามินซี 30ml,2,1180.00,118.00,1062.00,56.82,34.09,22.73,0.00,948.37
2626072103116,21/07/2569,BZ-SKN-001,เซรั่มวิตามินซี 30ml,2,1180.00,0.00,1180.00,63.13,37.88,25.25,0.00,1053.74
2626072103117,21/07/2569,BZ-SKN-001,เซรั่มวิตามินซี 30ml,1,590.00,0.00,590.00,31.56,18.94,12.63,0.00,526.87
2626072103118,21/07/2569,BZ-SKN-001,เซรั่มวิตามินซี 30ml,1,590.00,0.00,590.00,31.56,18.94,12.63,0.00,526.87
2626072103119,21/07/2569,BZ-SKN-001,เซรั่มวิตามินซี 30ml,1,590.00,0.00,590.00,31.56,18.94,12.63,0.00,526.87
2626072103120,21/07/2569,BZ-SKN-001,เซรั่มวิตามินซี 30ml,2,1180.00,0.00,1180.00,63.13,37.88,25.25,0.00,1053.74
2626072103121,21/07/2569,BZ-SKN-001,เซรั่มวิตามินซี 30ml,1,590.00,0.00,590.00,31.56,18.94,12.63,15.00,511.87
2626072103122,21/07/2569,BZ-SKN-001,เซรั่มวิตามินซี 30ml,1,590.00,59.00,531.00,28.41,17.05,11.36,0.00,474.18
2626072103123,21/07/2569,BZ-SKN-001,เซรั่มวิตามินซี 30ml,1,590.00,59.00,531.00,28.41,17.05,11.36,0.00,474.18
2626072103124,21/07/2569,BZ-SKN-001,เซรั่มวิตามินซี 30ml,2,1180.00,118.00,1062.00,56.82,34.09,22.73,15.00,933.37
2626072103125,21/07/2569,BZ-SKN-001,เซรั่มวิตามินซี 30ml,2,1180.00,0.00,1180.00,63.13,37.88,25.25,0.00,1053.74
2626072103126,21/07/2569,BZ-SKN-001,เซรั่มวิตามินซี 30ml,1,590.00,59.00,531.00,28.41,17.05,11.36,15.00,459.18
2626072103127,21/07/2569,BZ-SKN-001,เซรั่มวิตามินซี 30ml,1,590.00,0.00,590.00,31.56,18.94,12.63,15.00,511.87
2626072103128,21/07/2569,BZ-SKN-001,เซรั่มวิตามินซี 30ml,1,590.00,59.00,531.00,28.41,17.05,11.36,0.00,474.18
2626072103129,21/07/2569,BZ-SKN-001,เซรั่มวิตามินซี 30ml,2,1180.00,0.00,1180.00,63.13,37.88,25.25,0.00,1053.74
2626072103130,21/07/2569,BZ-SKN-001,เซรั่มวิตามินซี 30ml,1,590.00,0.00,590.00,31.56,18.94,12.63,0.00,526.87
2626072103131,21/07/2569,BZ-SKN-001,เซรั่มวิตามินซี 30ml,2,1180.00,0.00,1180.00,63.13,37.88,25.25,15.00,1038.74
2626072103132,21/07/2569,BZ-SKN-001,เซรั่มวิตามินซี 30ml,1,590.00,0.00,590.00,31.56,18.94,12.63,15.00,511.87
2626072103133,21/07/2569,BZ-SKN-001,เซรั่มวิตามินซี 30ml,1,590.00,0.00,590.00,31.56,18.94,12.63,0.00,526.87
2626072103134,21/07/2569,BZ-SKN-001,เซรั่มวิตามินซี 30ml,2,1180.00,118.00,1062.00,56.82,34.09,22.73,15.00,933.37
2626072103135,21/07/2569,BZ-SKN-001,เซรั่มวิตามินซี 30ml,2,1180.00,118.00,1062.00,56.82,34.09,22.73,0.00,948.37
2626072103136,21/07/2569,BZ-SKN-001,เซรั่มวิตามินซี 30ml,1,590.00,59.00,531.00,28.41,17.05,11.36,15.00,459.18
2626072103137,21/07/2569,BZ-SKN-001,เซรั่มวิตามินซี 30ml,1,590.00,59.00,531.00,28.41,17.05,11.36,15.00,459.18
2626072103138,21/07/2569,BZ-SKN-001,เซรั่มวิตามินซี 30ml,2,1180.00,0.00,1180.00,63.13,37.88,25.25,15.00,1038.74
2626072103139,21/07/2569,BZ-SKN-001,เซรั่มวิตามินซี 30ml,1,590.00,0.00,590.00,31.56,18.94,12.63,15.00,511.87
2626072103140,21/07/2569,BZ-BND-001,เซตของขวัญรวม 3 ชิ้น,1,1190.00,0.00,1190.00,63.66,38.20,25.47,15.00,1047.67
2626072103141,21/07/2569,BZ-SUP-001,คอลลาเจนเปปไทด์ 200g,1,890.00,0.00,890.00,47.62,28.57,19.05,0.00,794.77
2626072103142,21/07/2569,BZ-SKN-001,เซรั่มวิตามินซี 30ml,1,590.00,59.00,531.00,28.41,17.05,11.36,15.00,459.18
2626072103143,21/07/2569,BZ-ACC-002,ขวดน้ำเก็บความเย็น 500ml,1,380.00,0.00,380.00,20.33,12.20,8.13,15.00,324.34
2626072103144,21/07/2569,BZ-SUP-001,คอลลาเจนเปปไทด์ 200g,1,890.00,89.00,801.00,42.85,25.71,17.14,15.00,700.29
2626072103145,21/07/2569,BZ-ACC-002,ขวดน้ำเก็บความเย็น 500ml,1,380.00,0.00,380.00,20.33,12.20,8.13,15.00,324.34
2626072103146,21/07/2569,BZ-SKN-002,ครีมกันแดด SPF50 50g,2,900.00,0.00,900.00,48.15,28.89,19.26,0.00,803.70
2626072103147,21/07/2569,BZ-SKN-001,เซรั่มวิตามินซี 30ml,1,590.00,0.00,590.00,31.56,18.94,12.63,0.00,526.87
2626072103148,21/07/2569,BZ-SUP-001,คอลลาเจนเปปไทด์ 200g,1,890.00,0.00,890.00,47.62,28.57,19.05,0.00,794.77
2626072103149,21/07/2569,BZ-SUP-001,คอลลาเจนเปปไทด์ 200g,1,890.00,0.00,890.00,47.62,28.57,19.05,15.00,779.77
2626072103150,21/07/2569,BZ-SUP-001,คอลลาเจนเปปไทด์ 200g,1,890.00,89.00,801.00,42.85,25.71,17.14,15.00,700.29
2626072103151,21/07/2569,BZ-SUP-001,คอลลาเจนเปปไทด์ 200g,1,890.00,0.00,890.00,47.62,28.57,19.05,0.00,794.77
2626072103152,21/07/2569,BZ-SUP-001,คอลลาเจนเปปไทด์ 200g,1,890.00,0.00,890.00,47.62,28.57,19.05,0.00,794.77
2626072103153,21/07/2569,BZ-SUP-001,คอลลาเจนเปปไทด์ 200g,1,890.00,89.00,801.00,42.85,25.71,17.14,15.00,700.29
2626072103154,21/07/2569,BZ-SUP-001,คอลลาเจนเปปไทด์ 200g,1,890.00,0.00,890.00,47.62,28.57,19.05,0.00,794.77
2626072103155,21/07/2569,BZ-SUP-001,คอลลาเจนเปปไทด์ 200g,2,1780.00,178.00,1602.00,85.71,51.42,34.28,0.00,1430.59
2626072103156,21/07/2569,BZ-SUP-001,คอลลาเจนเปปไทด์ 200g,1,890.00,0.00,890.00,47.62,28.57,19.05,15.00,779.77
2626072103157,21/07/2569,BZ-SUP-001,คอลลาเจนเปปไทด์ 200g,2,1780.00,178.00,1602.00,85.71,51.42,34.28,0.00,1430.59
2626072103158,21/07/2569,BZ-SUP-001,คอลลาเจนเปปไทด์ 200g,1,890.00,89.00,801.00,42.85,25.71,17.14,15.00,700.29
2626072103159,21/07/2569,BZ-SUP-001,คอลลาเจนเปปไทด์ 200g,1,890.00,0.00,890.00,47.62,28.57,19.05,0.00,794.77
2626072103160,21/07/2569,BZ-SUP-001,คอลลาเจนเปปไทด์ 200g,1,890.00,0.00,890.00,47.62,28.57,19.05,0.00,794.77
2626072103161,21/07/2569,BZ-SUP-001,คอลลาเจนเปปไทด์ 200g,2,1780.00,178.00,1602.00,85.71,51.42,34.28,15.00,1415.59
2626072103162,21/07/2569,BZ-ACC-001,กระเป๋าผ้าแคนวาส,1,320.00,0.00,320.00,17.12,10.27,6.85,15.00,270.76
2626072103163,21/07/2569,BZ-ACC-002,ขวดน้ำเก็บความเย็น 500ml,1,380.00,0.00,380.00,20.33,12.20,8.13,15.00,324.34
2626072103164,21/07/2569,BZ-ELC-001,หูฟังบลูทูธไร้สาย,1,690.00,69.00,621.00,33.22,19.93,13.29,0.00,554.55
2626072103165,21/07/2569,BZ-ACC-001,กระเป๋าผ้าแคนวาส,2,640.00,0.00,640.00,34.24,20.54,13.70,0.00,571.52
2626072103166,21/07/2569,BZ-ACC-001,กระเป๋าผ้าแคนวาส,1,320.00,0.00,320.00,17.12,10.27,6.85,15.00,270.76
2626072103167,21/07/2569,BZ-ACC-001,กระเป๋าผ้าแคนวาส,1,320.00,0.00,320.00,17.12,10.27,6.85,0.00,285.76
2626072103168,21/07/2569,BZ-ACC-001,กระเป๋าผ้าแคนวาส,1,320.00,0.00,320.00,17.12,10.27,6.85,15.00,270.76
2626072103169,21/07/2569,BZ-ACC-001,กระเป๋าผ้าแคนวาส,1,320.00,0.00,320.00,17.12,10.27,6.85,15.00,270.76
2626072103170,21/07/2569,BZ-ACC-001,กระเป๋าผ้าแคนวาส,1,320.00,0.00,320.00,17.12,10.27,6.85,15.00,270.76
2626072103171,21/07/2569,BZ-ACC-001,กระเป๋าผ้าแคนวาส,1,320.00,32.00,288.00,15.41,9.24,6.16,15.00,242.18
2626072103172,21/07/2569,BZ-ACC-001,กระเป๋าผ้าแคนวาส,2,640.00,64.00,576.00,30.82,18.49,12.33,0.00,514.37
2626072103173,21/07/2569,BZ-ACC-001,กระเป๋าผ้าแคนวาส,1,320.00,32.00,288.00,15.41,9.24,6.16,15.00,242.18
2626072103174,21/07/2569,BZ-SKN-002,ครีมกันแดด SPF50 50g,1,450.00,0.00,450.00,24.07,14.44,9.63,15.00,386.85
2626072103175,21/07/2569,BZ-SKN-001,เซรั่มวิตามินซี 30ml,1,590.00,0.00,590.00,31.56,18.94,12.63,0.00,526.87
2626072103176,21/07/2569,BZ-ELC-001,หูฟังบลูทูธไร้สาย,1,690.00,0.00,690.00,36.91,22.15,14.77,15.00,601.17
2626072103177,21/07/2569,BZ-ELC-001,หูฟังบลูทูธไร้สาย,1,690.00,0.00,690.00,36.91,22.15,14.77,15.00,601.17
2626072103178,21/07/2569,BZ-ELC-001,หูฟังบลูทูธไร้สาย,2,1380.00,138.00,1242.00,66.45,39.87,26.58,0.00,1109.11
2626072103179,21/07/2569,BZ-ELC-001,หูฟังบลูทูธไร้สาย,2,1380.00,0.00,1380.00,73.83,44.30,29.53,0.00,1232.34
2626072103180,21/07/2569,BZ-ELC-001,หูฟังบลูทูธไร้สาย,2,1380.00,0.00,1380.00,73.83,44.30,29.53,0.00,1232.34
2626072103181,21/07/2569,BZ-ELC-001,หูฟังบลูทูธไร้สาย,1,690.00,69.00,621.00,33.22,19.93,13.29,0.00,554.55
2626072103182,21/07/2569,BZ-ELC-001,หูฟังบลูทูธไร้สาย,1,690.00,69.00,621.00,33.22,19.93,13.29,0.00,554.55
2626072103183,21/07/2569,BZ-ELC-001,หูฟังบลูทูธไร้สาย,1,690.00,0.00,690.00,36.91,22.15,14.77,15.00,601.17
2626072103184,21/07/2569,BZ-ELC-001,หูฟังบลูทูธไร้สาย,1,690.00,69.00,621.00,33.22,19.93,13.29,0.00,554.55
2626072103185,21/07/2569,BZ-ELC-001,หูฟังบลูทูธไร้สาย,1,690.00,0.00,690.00,36.91,22.15,14.77,0.00,616.17
2626072103186,21/07/2569,BZ-ELC-001,หูฟังบลูทูธไร้สาย,1,690.00,0.00,690.00,36.91,22.15,14.77,0.00,616.17
2626072103187,21/07/2569,BZ-ELC-001,หูฟังบลูทูธไร้สาย,1,690.00,0.00,690.00,36.91,22.15,14.77,15.00,601.17
2626072103188,21/07/2569,BZ-ELC-001,หูฟังบลูทูธไร้สาย,2,1380.00,0.00,1380.00,73.83,44.30,29.53,0.00,1232.34
2626072103189,21/07/2569,BZ-ELC-001,หูฟังบลูทูธไร้สาย,1,690.00,0.00,690.00,36.91,22.15,14.77,0.00,616.17
2626072103190,21/07/2569,BZ-ELC-001,หูฟังบลูทูธไร้สาย,1,690.00,0.00,690.00,36.91,22.15,14.77,0.00,616.17
2626072103191,21/07/2569,BZ-ELC-001,หูฟังบลูทูธไร้สาย,2,1380.00,0.00,1380.00,73.83,44.30,29.53,15.00,1217.34
2626072103192,21/07/2569,BZ-ELC-001,หูฟังบลูทูธไร้สาย,1,690.00,0.00,690.00,36.91,22.15,14.77,15.00,601.17
2626072103193,21/07/2569,BZ-ELC-001,หูฟังบลูทูธไร้สาย,1,690.00,0.00,690.00,36.91,22.15,14.77,0.00,616.17
2626072103194,21/07/2569,BZ-ELC-001,หูฟังบลูทูธไร้สาย,1,690.00,0.00,690.00,36.91,22.15,14.77,0.00,616.17
2626072103195,21/07/2569,BZ-ELC-001,หูฟังบลูทูธไร้สาย,1,690.00,0.00,690.00,36.91,22.15,14.77,0.00,616.17
2626072103196,21/07/2569,BZ-ELC-001,หูฟังบลูทูธไร้สาย,1,690.00,0.00,690.00,36.91,22.15,14.77,0.00,616.17
2626072103197,21/07/2569,BZ-ELC-001,หูฟังบลูทูธไร้สาย,2,1380.00,0.00,1380.00,73.83,44.30,29.53,0.00,1232.34
2626072103198,21/07/2569,BZ-ELC-001,หูฟังบลูทูธไร้สาย,1,690.00,69.00,621.00,33.22,19.93,13.29,0.00,554.55
2626072103199,21/07/2569,BZ-ELC-001,หูฟังบลูทูธไร้สาย,1,690.00,0.00,690.00,36.91,22.15,14.77,0.00,616.17
2626072103200,21/07/2569,BZ-ELC-001,หูฟังบลูทูธไร้สาย,1,690.00,0.00,690.00,36.91,22.15,14.77,15.00,601.17
2626072103201,21/07/2569,BZ-ELC-001,หูฟังบลูทูธไร้สาย,1,690.00,0.00,690.00,36.91,22.15,14.77,0.00,616.17
2626072103202,21/07/2569,BZ-ELC-001,หูฟังบลูทูธไร้สาย,1,690.00,0.00,690.00,36.91,22.15,14.77,0.00,616.17
2626072103203,21/07/2569,BZ-ELC-001,หูฟังบลูทูธไร้สาย,2,1380.00,138.00,1242.00,66.45,39.87,26.58,0.00,1109.11
2626072103204,21/07/2569,BZ-ELC-001,หูฟังบลูทูธไร้สาย,1,690.00,0.00,690.00,36.91,22.15,14.77,0.00,616.17
2626072103205,21/07/2569,BZ-ELC-001,หูฟังบลูทูธไร้สาย,1,690.00,0.00,690.00,36.91,22.15,14.77,0.00,616.17
2626072103206,21/07/2569,BZ-ELC-001,หูฟังบลูทูธไร้สาย,1,690.00,0.00,690.00,36.91,22.15,14.77,0.00,616.17
2626072103207,21/07/2569,BZ-SUP-001,คอลลาเจนเปปไทด์ 200g,1,890.00,0.00,890.00,47.62,28.57,19.05,15.00,779.77
2626072103208,21/07/2569,BZ-SUP-001,คอลลาเจนเปปไทด์ 200g,1,890.00,0.00,890.00,47.62,28.57,19.05,15.00,779.77
2626072103209,21/07/2569,BZ-SUP-001,คอลลาเจนเปปไทด์ 200g,1,890.00,0.00,890.00,47.62,28.57,19.05,0.00,794.77
2626072103210,21/07/2569,BZ-BND-001,เซตของขวัญรวม 3 ชิ้น,2,2380.00,0.00,2380.00,127.33,76.40,50.93,15.00,2110.34
2626072103211,21/07/2569,BZ-BND-001,เซตของขวัญรวม 3 ชิ้น,1,1190.00,0.00,1190.00,63.66,38.20,25.47,15.00,1047.67
2626072103212,21/07/2569,BZ-BND-001,เซตของขวัญรวม 3 ชิ้น,2,2380.00,0.00,2380.00,127.33,76.40,50.93,0.00,2125.34
2626072103213,21/07/2569,BZ-BND-001,เซตของขวัญรวม 3 ชิ้น,1,1190.00,0.00,1190.00,63.66,38.20,25.47,15.00,1047.67
2626072103214,21/07/2569,BZ-BND-001,เซตของขวัญรวม 3 ชิ้น,1,1190.00,119.00,1071.00,57.30,34.38,22.92,0.00,956.40
2626072103215,21/07/2569,BZ-BND-001,เซตของขวัญรวม 3 ชิ้น,1,1190.00,0.00,1190.00,63.66,38.20,25.47,15.00,1047.67
2626072103216,21/07/2569,BZ-BND-001,เซตของขวัญรวม 3 ชิ้น,1,1190.00,0.00,1190.00,63.66,38.20,25.47,0.00,1062.67
2626072103217,21/07/2569,BZ-BND-001,เซตของขวัญรวม 3 ชิ้น,2,2380.00,0.00,2380.00,127.33,76.40,50.93,0.00,2125.34
2626072103218,21/07/2569,BZ-BND-001,เซตของขวัญรวม 3 ชิ้น,2,2380.00,0.00,2380.00,127.33,76.40,50.93,0.00,2125.34
2626072103219,21/07/2569,BZ-ELC-001,หูฟังบลูทูธไร้สาย,1,690.00,0.00,690.00,36.91,22.15,14.77,0.00,616.17
2626072203220,22/07/2569,BZ-SKN-001,เซรั่มวิตามินซี 30ml,2,1180.00,0.00,1180.00,63.13,37.88,25.25,0.00,1053.74
2626072203221,22/07/2569,BZ-SKN-001,เซรั่มวิตามินซี 30ml,1,590.00,59.00,531.00,28.41,17.05,11.36,15.00,459.18
2626072203222,22/07/2569,BZ-SKN-001,เซรั่มวิตามินซี 30ml,1,590.00,0.00,590.00,31.56,18.94,12.63,15.00,511.87
2626072203223,22/07/2569,BZ-SKN-001,เซรั่มวิตามินซี 30ml,2,1180.00,0.00,1180.00,63.13,37.88,25.25,0.00,1053.74
2626072203224,22/07/2569,BZ-SKN-001,เซรั่มวิตามินซี 30ml,2,1180.00,0.00,1180.00,63.13,37.88,25.25,15.00,1038.74
2626072203225,22/07/2569,BZ-SKN-001,เซรั่มวิตามินซี 30ml,1,590.00,0.00,590.00,31.56,18.94,12.63,0.00,526.87
2626072203226,22/07/2569,BZ-SKN-001,เซรั่มวิตามินซี 30ml,1,590.00,59.00,531.00,28.41,17.05,11.36,0.00,474.18
2626072203227,22/07/2569,BZ-SKN-001,เซรั่มวิตามินซี 30ml,1,590.00,59.00,531.00,28.41,17.05,11.36,15.00,459.18
2626072203228,22/07/2569,BZ-SKN-001,เซรั่มวิตามินซี 30ml,2,1180.00,118.00,1062.00,56.82,34.09,22.73,15.00,933.37
2626072203229,22/07/2569,BZ-SKN-001,เซรั่มวิตามินซี 30ml,1,590.00,0.00,590.00,31.56,18.94,12.63,0.00,526.87
2626072203230,22/07/2569,BZ-SKN-001,เซรั่มวิตามินซี 30ml,1,590.00,0.00,590.00,31.56,18.94,12.63,0.00,526.87
2626072203231,22/07/2569,BZ-SKN-001,เซรั่มวิตามินซี 30ml,2,1180.00,0.00,1180.00,63.13,37.88,25.25,15.00,1038.74
2626072203232,22/07/2569,BZ-SKN-001,เซรั่มวิตามินซี 30ml,1,590.00,59.00,531.00,28.41,17.05,11.36,15.00,459.18
2626072203233,22/07/2569,BZ-SKN-001,เซรั่มวิตามินซี 30ml,1,590.00,0.00,590.00,31.56,18.94,12.63,15.00,511.87
2626072203234,22/07/2569,BZ-SKN-001,เซรั่มวิตามินซี 30ml,1,590.00,0.00,590.00,31.56,18.94,12.63,0.00,526.87
2626072203235,22/07/2569,BZ-SKN-001,เซรั่มวิตามินซี 30ml,1,590.00,0.00,590.00,31.56,18.94,12.63,0.00,526.87
2626072203236,22/07/2569,BZ-SKN-001,เซรั่มวิตามินซี 30ml,2,1180.00,0.00,1180.00,63.13,37.88,25.25,0.00,1053.74
2626072203237,22/07/2569,BZ-SKN-001,เซรั่มวิตามินซี 30ml,1,590.00,59.00,531.00,28.41,17.05,11.36,15.00,459.18
2626072203238,22/07/2569,BZ-SKN-001,เซรั่มวิตามินซี 30ml,1,590.00,0.00,590.00,31.56,18.94,12.63,15.00,511.87
2626072203239,22/07/2569,BZ-SKN-001,เซรั่มวิตามินซี 30ml,1,590.00,0.00,590.00,31.56,18.94,12.63,0.00,526.87
2626072203240,22/07/2569,BZ-SKN-001,เซรั่มวิตามินซี 30ml,1,590.00,0.00,590.00,31.56,18.94,12.63,15.00,511.87
2626072203241,22/07/2569,BZ-SKN-001,เซรั่มวิตามินซี 30ml,1,590.00,0.00,590.00,31.56,18.94,12.63,15.00,511.87
2626072203242,22/07/2569,BZ-SKN-001,เซรั่มวิตามินซี 30ml,1,590.00,0.00,590.00,31.56,18.94,12.63,0.00,526.87
2626072203243,22/07/2569,BZ-SKN-001,เซรั่มวิตามินซี 30ml,1,590.00,59.00,531.00,28.41,17.05,11.36,15.00,459.18
2626072203244,22/07/2569,BZ-SKN-001,เซรั่มวิตามินซี 30ml,1,590.00,0.00,590.00,31.56,18.94,12.63,15.00,511.87
2626072203245,22/07/2569,BZ-SKN-001,เซรั่มวิตามินซี 30ml,1,590.00,0.00,590.00,31.56,18.94,12.63,15.00,511.87
2626072203246,22/07/2569,BZ-BND-001,เซตของขวัญรวม 3 ชิ้น,1,1190.00,0.00,1190.00,63.66,38.20,25.47,0.00,1062.67
2626072203247,22/07/2569,BZ-ACC-002,ขวดน้ำเก็บความเย็น 500ml,1,380.00,38.00,342.00,18.30,10.98,7.32,15.00,290.41
2626072203248,22/07/2569,BZ-SKN-001,เซรั่มวิตามินซี 30ml,1,590.00,0.00,590.00,31.56,18.94,12.63,0.00,526.87
2626072203249,22/07/2569,BZ-ACC-001,กระเป๋าผ้าแคนวาส,2,640.00,0.00,640.00,34.24,20.54,13.70,0.00,571.52
2626072203250,22/07/2569,BZ-BND-001,เซตของขวัญรวม 3 ชิ้น,1,1190.00,0.00,1190.00,63.66,38.20,25.47,15.00,1047.67
2626072203251,22/07/2569,BZ-SUP-001,คอลลาเจนเปปไทด์ 200g,1,890.00,89.00,801.00,42.85,25.71,17.14,15.00,700.29
2626072203252,22/07/2569,BZ-ACC-001,กระเป๋าผ้าแคนวาส,1,320.00,32.00,288.00,15.41,9.24,6.16,0.00,257.18
2626072203253,22/07/2569,BZ-SUP-001,คอลลาเจนเปปไทด์ 200g,2,1780.00,178.00,1602.00,85.71,51.42,34.28,0.00,1430.59
2626072203254,22/07/2569,BZ-SUP-001,คอลลาเจนเปปไทด์ 200g,2,1780.00,178.00,1602.00,85.71,51.42,34.28,0.00,1430.59
2626072203255,22/07/2569,BZ-SUP-001,คอลลาเจนเปปไทด์ 200g,1,890.00,0.00,890.00,47.62,28.57,19.05,15.00,779.77
2626072203256,22/07/2569,BZ-SUP-001,คอลลาเจนเปปไทด์ 200g,1,890.00,0.00,890.00,47.62,28.57,19.05,0.00,794.77
2626072203257,22/07/2569,BZ-SUP-001,คอลลาเจนเปปไทด์ 200g,1,890.00,89.00,801.00,42.85,25.71,17.14,0.00,715.29
2626072203258,22/07/2569,BZ-SUP-001,คอลลาเจนเปปไทด์ 200g,1,890.00,0.00,890.00,47.62,28.57,19.05,0.00,794.77
2626072203259,22/07/2569,BZ-SUP-001,คอลลาเจนเปปไทด์ 200g,1,890.00,89.00,801.00,42.85,25.71,17.14,15.00,700.29
2626072203260,22/07/2569,BZ-SUP-001,คอลลาเจนเปปไทด์ 200g,1,890.00,0.00,890.00,47.62,28.57,19.05,15.00,779.77
2626072203261,22/07/2569,BZ-SUP-001,คอลลาเจนเปปไทด์ 200g,1,890.00,89.00,801.00,42.85,25.71,17.14,0.00,715.29
2626072203262,22/07/2569,BZ-SUP-001,คอลลาเจนเปปไทด์ 200g,2,1780.00,178.00,1602.00,85.71,51.42,34.28,15.00,1415.59
2626072203263,22/07/2569,BZ-SUP-001,คอลลาเจนเปปไทด์ 200g,1,890.00,0.00,890.00,47.62,28.57,19.05,15.00,779.77
2626072203264,22/07/2569,BZ-SUP-001,คอลลาเจนเปปไทด์ 200g,1,890.00,89.00,801.00,42.85,25.71,17.14,0.00,715.29
2626072203265,22/07/2569,BZ-SUP-001,คอลลาเจนเปปไทด์ 200g,1,890.00,89.00,801.00,42.85,25.71,17.14,0.00,715.29
2626072203266,22/07/2569,BZ-SUP-001,คอลลาเจนเปปไทด์ 200g,1,890.00,0.00,890.00,47.62,28.57,19.05,15.00,779.77
2626072203267,22/07/2569,BZ-SUP-001,คอลลาเจนเปปไทด์ 200g,1,890.00,0.00,890.00,47.62,28.57,19.05,0.00,794.77
2626072203268,22/07/2569,BZ-SUP-001,คอลลาเจนเปปไทด์ 200g,2,1780.00,0.00,1780.00,95.23,57.14,38.09,0.00,1589.54
2626072203269,22/07/2569,BZ-ACC-001,กระเป๋าผ้าแคนวาส,1,320.00,32.00,288.00,15.41,9.24,6.16,15.00,242.18
2626072203270,22/07/2569,BZ-ACC-002,ขวดน้ำเก็บความเย็น 500ml,1,380.00,0.00,380.00,20.33,12.20,8.13,15.00,324.34
2626072203271,22/07/2569,BZ-ACC-002,ขวดน้ำเก็บความเย็น 500ml,2,760.00,76.00,684.00,36.59,21.96,14.64,0.00,610.81
2626072203272,22/07/2569,BZ-ACC-001,กระเป๋าผ้าแคนวาส,1,320.00,0.00,320.00,17.12,10.27,6.85,0.00,285.76
2626072203273,22/07/2569,BZ-ACC-001,กระเป๋าผ้าแคนวาส,1,320.00,0.00,320.00,17.12,10.27,6.85,15.00,270.76
2626072203274,22/07/2569,BZ-ACC-001,กระเป๋าผ้าแคนวาส,1,320.00,0.00,320.00,17.12,10.27,6.85,15.00,270.76
2626072203275,22/07/2569,BZ-ACC-001,กระเป๋าผ้าแคนวาส,1,320.00,32.00,288.00,15.41,9.24,6.16,0.00,257.18
2626072203276,22/07/2569,BZ-ACC-001,กระเป๋าผ้าแคนวาส,1,320.00,0.00,320.00,17.12,10.27,6.85,0.00,285.76
2626072203277,22/07/2569,BZ-ACC-001,กระเป๋าผ้าแคนวาส,1,320.00,32.00,288.00,15.41,9.24,6.16,15.00,242.18
2626072203278,22/07/2569,BZ-ACC-001,กระเป๋าผ้าแคนวาส,1,320.00,32.00,288.00,15.41,9.24,6.16,0.00,257.18
2626072203279,22/07/2569,BZ-ACC-001,กระเป๋าผ้าแคนวาส,2,640.00,0.00,640.00,34.24,20.54,13.70,0.00,571.52
2626072203280,22/07/2569,BZ-ACC-001,กระเป๋าผ้าแคนวาส,1,320.00,32.00,288.00,15.41,9.24,6.16,0.00,257.18
2626072203281,22/07/2569,BZ-ACC-001,กระเป๋าผ้าแคนวาส,1,320.00,0.00,320.00,17.12,10.27,6.85,0.00,285.76
2626072203282,22/07/2569,BZ-ACC-001,กระเป๋าผ้าแคนวาส,1,320.00,0.00,320.00,17.12,10.27,6.85,0.00,285.76
2626072203283,22/07/2569,BZ-ACC-001,กระเป๋าผ้าแคนวาส,2,640.00,0.00,640.00,34.24,20.54,13.70,0.00,571.52
2626072203284,22/07/2569,BZ-SKN-001,เซรั่มวิตามินซี 30ml,1,590.00,0.00,590.00,31.56,18.94,12.63,15.00,511.87
2626072203285,22/07/2569,BZ-ELC-001,หูฟังบลูทูธไร้สาย,1,690.00,0.00,690.00,36.91,22.15,14.77,0.00,616.17
2626072203286,22/07/2569,BZ-ACC-001,กระเป๋าผ้าแคนวาส,1,320.00,0.00,320.00,17.12,10.27,6.85,15.00,270.76
2626072203287,22/07/2569,BZ-BND-001,เซตของขวัญรวม 3 ชิ้น,2,2380.00,0.00,2380.00,127.33,76.40,50.93,0.00,2125.34
2626072203288,22/07/2569,BZ-ELC-001,หูฟังบลูทูธไร้สาย,1,690.00,0.00,690.00,36.91,22.15,14.77,0.00,616.17
2626072203289,22/07/2569,BZ-ELC-001,หูฟังบลูทูธไร้สาย,2,1380.00,138.00,1242.00,66.45,39.87,26.58,15.00,1094.11
2626072203290,22/07/2569,BZ-ELC-001,หูฟังบลูทูธไร้สาย,2,1380.00,0.00,1380.00,73.83,44.30,29.53,0.00,1232.34
2626072203291,22/07/2569,BZ-ELC-001,หูฟังบลูทูธไร้สาย,1,690.00,0.00,690.00,36.91,22.15,14.77,0.00,616.17
2626072203292,22/07/2569,BZ-ELC-001,หูฟังบลูทูธไร้สาย,1,690.00,0.00,690.00,36.91,22.15,14.77,0.00,616.17
2626072203293,22/07/2569,BZ-ELC-001,หูฟังบลูทูธไร้สาย,1,690.00,0.00,690.00,36.91,22.15,14.77,0.00,616.17
2626072203294,22/07/2569,BZ-ELC-001,หูฟังบลูทูธไร้สาย,1,690.00,0.00,690.00,36.91,22.15,14.77,0.00,616.17
2626072203295,22/07/2569,BZ-ELC-001,หูฟังบลูทูธไร้สาย,1,690.00,69.00,621.00,33.22,19.93,13.29,15.00,539.55
2626072203296,22/07/2569,BZ-ELC-001,หูฟังบลูทูธไร้สาย,1,690.00,0.00,690.00,36.91,22.15,14.77,0.00,616.17
2626072203297,22/07/2569,BZ-ELC-001,หูฟังบลูทูธไร้สาย,1,690.00,69.00,621.00,33.22,19.93,13.29,0.00,554.55
2626072203298,22/07/2569,BZ-ELC-001,หูฟังบลูทูธไร้สาย,1,690.00,0.00,690.00,36.91,22.15,14.77,0.00,616.17
2626072203299,22/07/2569,BZ-ELC-001,หูฟังบลูทูธไร้สาย,1,690.00,0.00,690.00,36.91,22.15,14.77,15.00,601.17
2626072203300,22/07/2569,BZ-ELC-001,หูฟังบลูทูธไร้สาย,1,690.00,69.00,621.00,33.22,19.93,13.29,15.00,539.55
2626072203301,22/07/2569,BZ-ELC-001,หูฟังบลูทูธไร้สาย,1,690.00,69.00,621.00,33.22,19.93,13.29,15.00,539.55
2626072203302,22/07/2569,BZ-ELC-001,หูฟังบลูทูธไร้สาย,1,690.00,0.00,690.00,36.91,22.15,14.77,15.00,601.17
2626072203303,22/07/2569,BZ-ELC-001,หูฟังบลูทูธไร้สาย,1,690.00,0.00,690.00,36.91,22.15,14.77,0.00,616.17
2626072203304,22/07/2569,BZ-SKN-002,ครีมกันแดด SPF50 50g,1,450.00,0.00,450.00,24.07,14.44,9.63,15.00,386.85
2626072203305,22/07/2569,BZ-ACC-002,ขวดน้ำเก็บความเย็น 500ml,1,380.00,0.00,380.00,20.33,12.20,8.13,15.00,324.34
2626072203306,22/07/2569,BZ-BND-001,เซตของขวัญรวม 3 ชิ้น,1,1190.00,119.00,1071.00,57.30,34.38,22.92,0.00,956.40
2626072203307,22/07/2569,BZ-BND-001,เซตของขวัญรวม 3 ชิ้น,1,1190.00,0.00,1190.00,63.66,38.20,25.47,0.00,1062.67
2626072203308,22/07/2569,BZ-BND-001,เซตของขวัญรวม 3 ชิ้น,2,2380.00,238.00,2142.00,114.60,68.76,45.84,0.00,1912.81
2626072203309,22/07/2569,BZ-BND-001,เซตของขวัญรวม 3 ชิ้น,1,1190.00,0.00,1190.00,63.66,38.20,25.47,0.00,1062.67
2626072203310,22/07/2569,BZ-BND-001,เซตของขวัญรวม 3 ชิ้น,1,1190.00,0.00,1190.00,63.66,38.20,25.47,0.00,1062.67
2626072203311,22/07/2569,BZ-BND-001,เซตของขวัญรวม 3 ชิ้น,1,1190.00,0.00,1190.00,63.66,38.20,25.47,0.00,1062.67
2626072203312,22/07/2569,BZ-BND-001,เซตของขวัญรวม 3 ชิ้น,1,1190.00,119.00,1071.00,57.30,34.38,22.92,0.00,956.40
2626072203313,22/07/2569,BZ-BND-001,เซตของขวัญรวม 3 ชิ้น,1,1190.00,119.00,1071.00,57.30,34.38,22.92,15.00,941.40
2626072203314,22/07/2569,BZ-BND-001,เซตของขวัญรวม 3 ชิ้น,1,1190.00,0.00,1190.00,63.66,38.20,25.47,15.00,1047.67
2626072203315,22/07/2569,BZ-BND-001,เซตของขวัญรวม 3 ชิ้น,2,2380.00,0.00,2380.00,127.33,76.40,50.93,15.00,2110.34
2626072203316,22/07/2569,BZ-BND-001,เซตของขวัญรวม 3 ชิ้น,1,1190.00,0.00,1190.00,63.66,38.20,25.47,15.00,1047.67
2626072203317,22/07/2569,BZ-BND-001,เซตของขวัญรวม 3 ชิ้น,1,1190.00,119.00,1071.00,57.30,34.38,22.92,15.00,941.40
2626072203318,22/07/2569,BZ-BND-001,เซตของขวัญรวม 3 ชิ้น,1,1190.00,0.00,1190.00,63.66,38.20,25.47,15.00,1047.67
2626072203319,22/07/2569,BZ-BND-001,เซตของขวัญรวม 3 ชิ้น,1,1190.00,0.00,1190.00,63.66,38.20,25.47,15.00,1047.67
2626072203320,22/07/2569,BZ-BND-001,เซตของขวัญรวม 3 ชิ้น,1,1190.00,119.00,1071.00,57.30,34.38,22.92,15.00,941.40
2626072203321,22/07/2569,BZ-BND-001,เซตของขวัญรวม 3 ชิ้น,2,2380.00,238.00,2142.00,114.60,68.76,45.84,0.00,1912.81
2626072203322,22/07/2569,BZ-BND-001,เซตของขวัญรวม 3 ชิ้น,1,1190.00,0.00,1190.00,63.66,38.20,25.47,15.00,1047.67
2626072203323,22/07/2569,BZ-BND-001,เซตของขวัญรวม 3 ชิ้น,1,1190.00,0.00,1190.00,63.66,38.20,25.47,0.00,1062.67
2626072203324,22/07/2569,BZ-BND-001,เซตของขวัญรวม 3 ชิ้น,1,1190.00,0.00,1190.00,63.66,38.20,25.47,0.00,1062.67
2626072203325,22/07/2569,BZ-BND-001,เซตของขวัญรวม 3 ชิ้น,1,1190.00,0.00,1190.00,63.66,38.20,25.47,0.00,1062.67
2626072203326,22/07/2569,BZ-BND-001,เซตของขวัญรวม 3 ชิ้น,1,1190.00,119.00,1071.00,57.30,34.38,22.92,0.00,956.40
2626072203327,22/07/2569,BZ-BND-001,เซตของขวัญรวม 3 ชิ้น,1,1190.00,0.00,1190.00,63.66,38.20,25.47,0.00,1062.67
2626072203328,22/07/2569,BZ-ELC-001,หูฟังบลูทูธไร้สาย,2,1380.00,0.00,1380.00,73.83,44.30,29.53,0.00,1232.34
2626072203329,22/07/2569,BZ-ACC-001,กระเป๋าผ้าแคนวาส,1,320.00,0.00,320.00,17.12,10.27,6.85,15.00,270.76
2626072303330,23/07/2569,BZ-SKN-001,เซรั่มวิตามินซี 30ml,1,590.00,0.00,590.00,31.56,18.94,12.63,15.00,511.87
2626072303331,23/07/2569,BZ-SKN-001,เซรั่มวิตามินซี 30ml,1,590.00,59.00,531.00,28.41,17.05,11.36,15.00,459.18
2626072303332,23/07/2569,BZ-SKN-001,เซรั่มวิตามินซี 30ml,2,1180.00,118.00,1062.00,56.82,34.09,22.73,0.00,948.37
2626072303333,23/07/2569,BZ-SKN-001,เซรั่มวิตามินซี 30ml,1,590.00,59.00,531.00,28.41,17.05,11.36,15.00,459.18
2626072303334,23/07/2569,BZ-SKN-001,เซรั่มวิตามินซี 30ml,1,590.00,59.00,531.00,28.41,17.05,11.36,0.00,474.18
2626072303335,23/07/2569,BZ-SKN-001,เซรั่มวิตามินซี 30ml,2,1180.00,0.00,1180.00,63.13,37.88,25.25,0.00,1053.74
2626072303336,23/07/2569,BZ-SKN-001,เซรั่มวิตามินซี 30ml,2,1180.00,0.00,1180.00,63.13,37.88,25.25,15.00,1038.74
2626072303337,23/07/2569,BZ-SKN-001,เซรั่มวิตามินซี 30ml,1,590.00,0.00,590.00,31.56,18.94,12.63,15.00,511.87
2626072303338,23/07/2569,BZ-SKN-001,เซรั่มวิตามินซี 30ml,2,1180.00,0.00,1180.00,63.13,37.88,25.25,0.00,1053.74
2626072303339,23/07/2569,BZ-SKN-001,เซรั่มวิตามินซี 30ml,1,590.00,0.00,590.00,31.56,18.94,12.63,15.00,511.87
2626072303340,23/07/2569,BZ-SKN-001,เซรั่มวิตามินซี 30ml,1,590.00,0.00,590.00,31.56,18.94,12.63,0.00,526.87
2626072303341,23/07/2569,BZ-SKN-001,เซรั่มวิตามินซี 30ml,1,590.00,0.00,590.00,31.56,18.94,12.63,0.00,526.87
2626072303342,23/07/2569,BZ-SKN-001,เซรั่มวิตามินซี 30ml,1,590.00,0.00,590.00,31.56,18.94,12.63,15.00,511.87
2626072303343,23/07/2569,BZ-SKN-001,เซรั่มวิตามินซี 30ml,2,1180.00,0.00,1180.00,63.13,37.88,25.25,15.00,1038.74
2626072303344,23/07/2569,BZ-SKN-001,เซรั่มวิตามินซี 30ml,1,590.00,0.00,590.00,31.56,18.94,12.63,0.00,526.87
2626072303345,23/07/2569,BZ-SKN-001,เซรั่มวิตามินซี 30ml,1,590.00,0.00,590.00,31.56,18.94,12.63,15.00,511.87
2626072303346,23/07/2569,BZ-SKN-001,เซรั่มวิตามินซี 30ml,2,1180.00,0.00,1180.00,63.13,37.88,25.25,15.00,1038.74
2626072303347,23/07/2569,BZ-SKN-001,เซรั่มวิตามินซี 30ml,1,590.00,0.00,590.00,31.56,18.94,12.63,15.00,511.87
2626072303348,23/07/2569,BZ-SKN-001,เซรั่มวิตามินซี 30ml,1,590.00,0.00,590.00,31.56,18.94,12.63,0.00,526.87
2626072303349,23/07/2569,BZ-SKN-001,เซรั่มวิตามินซี 30ml,2,1180.00,0.00,1180.00,63.13,37.88,25.25,15.00,1038.74
2626072303350,23/07/2569,BZ-SKN-001,เซรั่มวิตามินซี 30ml,2,1180.00,118.00,1062.00,56.82,34.09,22.73,0.00,948.37
2626072303351,23/07/2569,BZ-SKN-001,เซรั่มวิตามินซี 30ml,2,1180.00,118.00,1062.00,56.82,34.09,22.73,15.00,933.37
2626072303352,23/07/2569,BZ-SKN-001,เซรั่มวิตามินซี 30ml,1,590.00,59.00,531.00,28.41,17.05,11.36,0.00,474.18
2626072303353,23/07/2569,BZ-SKN-001,เซรั่มวิตามินซี 30ml,1,590.00,0.00,590.00,31.56,18.94,12.63,0.00,526.87
2626072303354,23/07/2569,BZ-SKN-001,เซรั่มวิตามินซี 30ml,1,590.00,59.00,531.00,28.41,17.05,11.36,15.00,459.18
2626072303355,23/07/2569,BZ-SKN-001,เซรั่มวิตามินซี 30ml,1,590.00,59.00,531.00,28.41,17.05,11.36,0.00,474.18
2626072303356,23/07/2569,BZ-SKN-001,เซรั่มวิตามินซี 30ml,1,590.00,0.00,590.00,31.56,18.94,12.63,0.00,526.87
2626072303357,23/07/2569,BZ-SKN-001,เซรั่มวิตามินซี 30ml,1,590.00,0.00,590.00,31.56,18.94,12.63,15.00,511.87
2626072303358,23/07/2569,BZ-SKN-001,เซรั่มวิตามินซี 30ml,1,590.00,0.00,590.00,31.56,18.94,12.63,15.00,511.87
2626072303359,23/07/2569,BZ-SKN-001,เซรั่มวิตามินซี 30ml,1,590.00,59.00,531.00,28.41,17.05,11.36,0.00,474.18
2626072303360,23/07/2569,BZ-SKN-001,เซรั่มวิตามินซี 30ml,1,590.00,0.00,590.00,31.56,18.94,12.63,0.00,526.87
2626072303361,23/07/2569,BZ-SKN-001,เซรั่มวิตามินซี 30ml,1,590.00,59.00,531.00,28.41,17.05,11.36,0.00,474.18
2626072303362,23/07/2569,BZ-SKN-001,เซรั่มวิตามินซี 30ml,1,590.00,59.00,531.00,28.41,17.05,11.36,0.00,474.18
2626072303363,23/07/2569,BZ-SKN-001,เซรั่มวิตามินซี 30ml,1,590.00,59.00,531.00,28.41,17.05,11.36,0.00,474.18
2626072303364,23/07/2569,BZ-SKN-001,เซรั่มวิตามินซี 30ml,1,590.00,0.00,590.00,31.56,18.94,12.63,0.00,526.87
2626072303365,23/07/2569,BZ-ELC-001,หูฟังบลูทูธไร้สาย,2,1380.00,0.00,1380.00,73.83,44.30,29.53,0.00,1232.34
2626072303366,23/07/2569,BZ-SUP-001,คอลลาเจนเปปไทด์ 200g,1,890.00,0.00,890.00,47.62,28.57,19.05,0.00,794.77
2626072303367,23/07/2569,BZ-BND-001,เซตของขวัญรวม 3 ชิ้น,1,1190.00,119.00,1071.00,57.30,34.38,22.92,0.00,956.40
2626072303368,23/07/2569,BZ-ACC-001,กระเป๋าผ้าแคนวาส,1,320.00,32.00,288.00,15.41,9.24,6.16,0.00,257.18
2626072303369,23/07/2569,BZ-SKN-002,ครีมกันแดด SPF50 50g,1,450.00,0.00,450.00,24.07,14.44,9.63,15.00,386.85
2626072303370,23/07/2569,BZ-ACC-001,กระเป๋าผ้าแคนวาส,1,320.00,0.00,320.00,17.12,10.27,6.85,0.00,285.76
2626072303371,23/07/2569,BZ-SUP-001,คอลลาเจนเปปไทด์ 200g,1,890.00,89.00,801.00,42.85,25.71,17.14,0.00,715.29
2626072303372,23/07/2569,BZ-SUP-001,คอลลาเจนเปปไทด์ 200g,1,890.00,0.00,890.00,47.62,28.57,19.05,15.00,779.77
2626072303373,23/07/2569,BZ-SUP-001,คอลลาเจนเปปไทด์ 200g,1,890.00,0.00,890.00,47.62,28.57,19.05,0.00,794.77
2626072303374,23/07/2569,BZ-SUP-001,คอลลาเจนเปปไทด์ 200g,2,1780.00,0.00,1780.00,95.23,57.14,38.09,15.00,1574.54
2626072303375,23/07/2569,BZ-SUP-001,คอลลาเจนเปปไทด์ 200g,1,890.00,0.00,890.00,47.62,28.57,19.05,0.00,794.77
2626072303376,23/07/2569,BZ-SUP-001,คอลลาเจนเปปไทด์ 200g,1,890.00,89.00,801.00,42.85,25.71,17.14,15.00,700.29
2626072303377,23/07/2569,BZ-SUP-001,คอลลาเจนเปปไทด์ 200g,1,890.00,89.00,801.00,42.85,25.71,17.14,15.00,700.29
2626072303378,23/07/2569,BZ-SUP-001,คอลลาเจนเปปไทด์ 200g,1,890.00,0.00,890.00,47.62,28.57,19.05,15.00,779.77
2626072303379,23/07/2569,BZ-SUP-001,คอลลาเจนเปปไทด์ 200g,2,1780.00,178.00,1602.00,85.71,51.42,34.28,15.00,1415.59
2626072303380,23/07/2569,BZ-SUP-001,คอลลาเจนเปปไทด์ 200g,1,890.00,0.00,890.00,47.62,28.57,19.05,0.00,794.77
2626072303381,23/07/2569,BZ-SUP-001,คอลลาเจนเปปไทด์ 200g,1,890.00,0.00,890.00,47.62,28.57,19.05,15.00,779.77
2626072303382,23/07/2569,BZ-SUP-001,คอลลาเจนเปปไทด์ 200g,1,890.00,0.00,890.00,47.62,28.57,19.05,15.00,779.77
2626072303383,23/07/2569,BZ-SUP-001,คอลลาเจนเปปไทด์ 200g,1,890.00,89.00,801.00,42.85,25.71,17.14,0.00,715.29
2626072303384,23/07/2569,BZ-SUP-001,คอลลาเจนเปปไทด์ 200g,2,1780.00,0.00,1780.00,95.23,57.14,38.09,15.00,1574.54
2626072303385,23/07/2569,BZ-SUP-001,คอลลาเจนเปปไทด์ 200g,1,890.00,89.00,801.00,42.85,25.71,17.14,0.00,715.29
2626072303386,23/07/2569,BZ-SUP-001,คอลลาเจนเปปไทด์ 200g,1,890.00,0.00,890.00,47.62,28.57,19.05,15.00,779.77
2626072303387,23/07/2569,BZ-SUP-001,คอลลาเจนเปปไทด์ 200g,1,890.00,89.00,801.00,42.85,25.71,17.14,0.00,715.29
2626072303388,23/07/2569,BZ-SUP-001,คอลลาเจนเปปไทด์ 200g,1,890.00,0.00,890.00,47.62,28.57,19.05,0.00,794.77
2626072303389,23/07/2569,BZ-SUP-001,คอลลาเจนเปปไทด์ 200g,2,1780.00,0.00,1780.00,95.23,57.14,38.09,0.00,1589.54
2626072303390,23/07/2569,BZ-SUP-001,คอลลาเจนเปปไทด์ 200g,1,890.00,0.00,890.00,47.62,28.57,19.05,0.00,794.77
2626072303391,23/07/2569,BZ-SUP-001,คอลลาเจนเปปไทด์ 200g,1,890.00,89.00,801.00,42.85,25.71,17.14,0.00,715.29
2626072303392,23/07/2569,BZ-SUP-001,คอลลาเจนเปปไทด์ 200g,1,890.00,0.00,890.00,47.62,28.57,19.05,0.00,794.77
2626072303393,23/07/2569,BZ-ACC-002,ขวดน้ำเก็บความเย็น 500ml,1,380.00,0.00,380.00,20.33,12.20,8.13,15.00,324.34
2626072303394,23/07/2569,BZ-SKN-002,ครีมกันแดด SPF50 50g,1,450.00,45.00,405.00,21.67,13.00,8.67,15.00,346.67
2626072303395,23/07/2569,BZ-BND-001,เซตของขวัญรวม 3 ชิ้น,2,2380.00,0.00,2380.00,127.33,76.40,50.93,0.00,2125.34
2626072303396,23/07/2569,BZ-SKN-002,ครีมกันแดด SPF50 50g,1,450.00,45.00,405.00,21.67,13.00,8.67,0.00,361.67
2626072303397,23/07/2569,BZ-ACC-001,กระเป๋าผ้าแคนวาส,1,320.00,0.00,320.00,17.12,10.27,6.85,0.00,285.76
2626072303398,23/07/2569,BZ-ACC-001,กระเป๋าผ้าแคนวาส,1,320.00,0.00,320.00,17.12,10.27,6.85,0.00,285.76
2626072303399,23/07/2569,BZ-ACC-001,กระเป๋าผ้าแคนวาส,1,320.00,0.00,320.00,17.12,10.27,6.85,0.00,285.76
2626072303400,23/07/2569,BZ-ACC-001,กระเป๋าผ้าแคนวาส,2,640.00,64.00,576.00,30.82,18.49,12.33,0.00,514.37
2626072303401,23/07/2569,BZ-ACC-001,กระเป๋าผ้าแคนวาส,1,320.00,0.00,320.00,17.12,10.27,6.85,15.00,270.76
2626072303402,23/07/2569,BZ-ACC-001,กระเป๋าผ้าแคนวาส,2,640.00,0.00,640.00,34.24,20.54,13.70,15.00,556.52
2626072303403,23/07/2569,BZ-ACC-001,กระเป๋าผ้าแคนวาส,1,320.00,32.00,288.00,15.41,9.24,6.16,15.00,242.18
2626072303404,23/07/2569,BZ-ACC-001,กระเป๋าผ้าแคนวาส,1,320.00,32.00,288.00,15.41,9.24,6.16,0.00,257.18
2626072303405,23/07/2569,BZ-ACC-001,กระเป๋าผ้าแคนวาส,1,320.00,0.00,320.00,17.12,10.27,6.85,0.00,285.76
2626072303406,23/07/2569,BZ-ACC-001,กระเป๋าผ้าแคนวาส,1,320.00,0.00,320.00,17.12,10.27,6.85,0.00,285.76
2626072303407,23/07/2569,BZ-ACC-001,กระเป๋าผ้าแคนวาส,1,320.00,0.00,320.00,17.12,10.27,6.85,0.00,285.76
2626072303408,23/07/2569,BZ-ACC-001,กระเป๋าผ้าแคนวาส,1,320.00,0.00,320.00,17.12,10.27,6.85,0.00,285.76
2626072303409,23/07/2569,BZ-BND-001,เซตของขวัญรวม 3 ชิ้น,1,1190.00,0.00,1190.00,63.66,38.20,25.47,0.00,1062.67
2626072303410,23/07/2569,BZ-ELC-001,หูฟังบลูทูธไร้สาย,1,690.00,0.00,690.00,36.91,22.15,14.77,15.00,601.17
2626072303411,23/07/2569,BZ-ELC-001,หูฟังบลูทูธไร้สาย,1,690.00,69.00,621.00,33.22,19.93,13.29,0.00,554.55
2626072303412,23/07/2569,BZ-SKN-001,เซรั่มวิตามินซี 30ml,1,590.00,59.00,531.00,28.41,17.05,11.36,0.00,474.18
2626072303413,23/07/2569,BZ-ELC-001,หูฟังบลูทูธไร้สาย,1,690.00,0.00,690.00,36.91,22.15,14.77,0.00,616.17
2626072303414,23/07/2569,BZ-ELC-001,หูฟังบลูทูธไร้สาย,1,690.00,0.00,690.00,36.91,22.15,14.77,0.00,616.17
2626072303415,23/07/2569,BZ-ELC-001,หูฟังบลูทูธไร้สาย,1,690.00,69.00,621.00,33.22,19.93,13.29,0.00,554.55
2626072303416,23/07/2569,BZ-ELC-001,หูฟังบลูทูธไร้สาย,1,690.00,0.00,690.00,36.91,22.15,14.77,0.00,616.17
2626072303417,23/07/2569,BZ-ELC-001,หูฟังบลูทูธไร้สาย,2,1380.00,138.00,1242.00,66.45,39.87,26.58,15.00,1094.11
2626072303418,23/07/2569,BZ-ELC-001,หูฟังบลูทูธไร้สาย,1,690.00,0.00,690.00,36.91,22.15,14.77,15.00,601.17
2626072303419,23/07/2569,BZ-ELC-001,หูฟังบลูทูธไร้สาย,1,690.00,0.00,690.00,36.91,22.15,14.77,15.00,601.17
2626072303420,23/07/2569,BZ-ELC-001,หูฟังบลูทูธไร้สาย,1,690.00,69.00,621.00,33.22,19.93,13.29,15.00,539.55
2626072303421,23/07/2569,BZ-ELC-001,หูฟังบลูทูธไร้สาย,1,690.00,0.00,690.00,36.91,22.15,14.77,0.00,616.17
2626072303422,23/07/2569,BZ-ELC-001,หูฟังบลูทูธไร้สาย,1,690.00,69.00,621.00,33.22,19.93,13.29,0.00,554.55
2626072303423,23/07/2569,BZ-ELC-001,หูฟังบลูทูธไร้สาย,1,690.00,0.00,690.00,36.91,22.15,14.77,0.00,616.17
2626072303424,23/07/2569,BZ-ELC-001,หูฟังบลูทูธไร้สาย,2,1380.00,0.00,1380.00,73.83,44.30,29.53,15.00,1217.34
2626072303425,23/07/2569,BZ-ELC-001,หูฟังบลูทูธไร้สาย,1,690.00,0.00,690.00,36.91,22.15,14.77,0.00,616.17
2626072303426,23/07/2569,BZ-ELC-001,หูฟังบลูทูธไร้สาย,1,690.00,0.00,690.00,36.91,22.15,14.77,15.00,601.17
2626072303427,23/07/2569,BZ-ELC-001,หูฟังบลูทูธไร้สาย,2,1380.00,0.00,1380.00,73.83,44.30,29.53,0.00,1232.34
2626072303428,23/07/2569,BZ-ELC-001,หูฟังบลูทูธไร้สาย,1,690.00,0.00,690.00,36.91,22.15,14.77,15.00,601.17
2626072303429,23/07/2569,BZ-ELC-001,หูฟังบลูทูธไร้สาย,1,690.00,0.00,690.00,36.91,22.15,14.77,15.00,601.17
2626072303430,23/07/2569,BZ-ELC-001,หูฟังบลูทูธไร้สาย,2,1380.00,0.00,1380.00,73.83,44.30,29.53,15.00,1217.34
2626072303431,23/07/2569,BZ-ELC-001,หูฟังบลูทูธไร้สาย,1,690.00,0.00,690.00,36.91,22.15,14.77,0.00,616.17
2626072303432,23/07/2569,BZ-ELC-001,หูฟังบลูทูธไร้สาย,1,690.00,69.00,621.00,33.22,19.93,13.29,0.00,554.55
2626072303433,23/07/2569,BZ-ELC-001,หูฟังบลูทูธไร้สาย,1,690.00,0.00,690.00,36.91,22.15,14.77,0.00,616.17
2626072303434,23/07/2569,BZ-ELC-001,หูฟังบลูทูธไร้สาย,1,690.00,69.00,621.00,33.22,19.93,13.29,15.00,539.55
2626072303435,23/07/2569,BZ-ELC-001,หูฟังบลูทูธไร้สาย,1,690.00,69.00,621.00,33.22,19.93,13.29,0.00,554.55
2626072303436,23/07/2569,BZ-ELC-001,หูฟังบลูทูธไร้สาย,1,690.00,69.00,621.00,33.22,19.93,13.29,15.00,539.55
2626072303437,23/07/2569,BZ-ELC-001,หูฟังบลูทูธไร้สาย,1,690.00,0.00,690.00,36.91,22.15,14.77,0.00,616.17
2626072303438,23/07/2569,BZ-ELC-001,หูฟังบลูทูธไร้สาย,1,690.00,0.00,690.00,36.91,22.15,14.77,15.00,601.17
2626072303439,23/07/2569,BZ-ELC-001,หูฟังบลูทูธไร้สาย,1,690.00,0.00,690.00,36.91,22.15,14.77,0.00,616.17
2626072303440,23/07/2569,BZ-ELC-001,หูฟังบลูทูธไร้สาย,1,690.00,69.00,621.00,33.22,19.93,13.29,0.00,554.55
2626072303441,23/07/2569,BZ-ELC-001,หูฟังบลูทูธไร้สาย,1,690.00,0.00,690.00,36.91,22.15,14.77,15.00,601.17
2626072303442,23/07/2569,BZ-ACC-001,กระเป๋าผ้าแคนวาส,1,320.00,0.00,320.00,17.12,10.27,6.85,15.00,270.76
2626072303443,23/07/2569,BZ-ACC-002,ขวดน้ำเก็บความเย็น 500ml,1,380.00,0.00,380.00,20.33,12.20,8.13,15.00,324.34
2626072303444,23/07/2569,BZ-BND-001,เซตของขวัญรวม 3 ชิ้น,1,1190.00,0.00,1190.00,63.66,38.20,25.47,15.00,1047.67
2626072303445,23/07/2569,BZ-BND-001,เซตของขวัญรวม 3 ชิ้น,1,1190.00,0.00,1190.00,63.66,38.20,25.47,0.00,1062.67
2626072303446,23/07/2569,BZ-BND-001,เซตของขวัญรวม 3 ชิ้น,1,1190.00,119.00,1071.00,57.30,34.38,22.92,0.00,956.40
2626072303447,23/07/2569,BZ-BND-001,เซตของขวัญรวม 3 ชิ้น,1,1190.00,119.00,1071.00,57.30,34.38,22.92,15.00,941.40
2626072303448,23/07/2569,BZ-BND-001,เซตของขวัญรวม 3 ชิ้น,1,1190.00,0.00,1190.00,63.66,38.20,25.47,0.00,1062.67
2626072303449,23/07/2569,BZ-BND-001,เซตของขวัญรวม 3 ชิ้น,1,1190.00,119.00,1071.00,57.30,34.38,22.92,15.00,941.40
2626072303450,23/07/2569,BZ-BND-001,เซตของขวัญรวม 3 ชิ้น,1,1190.00,119.00,1071.00,57.30,34.38,22.92,0.00,956.40
2626072303451,23/07/2569,BZ-BND-001,เซตของขวัญรวม 3 ชิ้น,2,2380.00,0.00,2380.00,127.33,76.40,50.93,15.00,2110.34
2626072303452,23/07/2569,BZ-BND-001,เซตของขวัญรวม 3 ชิ้น,1,1190.00,0.00,1190.00,63.66,38.20,25.47,0.00,1062.67
2626072303453,23/07/2569,BZ-BND-001,เซตของขวัญรวม 3 ชิ้น,1,1190.00,119.00,1071.00,57.30,34.38,22.92,15.00,941.40
2626072303454,23/07/2569,BZ-BND-001,เซตของขวัญรวม 3 ชิ้น,1,1190.00,0.00,1190.00,63.66,38.20,25.47,0.00,1062.67
2626072303455,23/07/2569,BZ-BND-001,เซตของขวัญรวม 3 ชิ้น,1,1190.00,0.00,1190.00,63.66,38.20,25.47,15.00,1047.67
2626072303456,23/07/2569,BZ-BND-001,เซตของขวัญรวม 3 ชิ้น,1,1190.00,0.00,1190.00,63.66,38.20,25.47,0.00,1062.67
2626072303457,23/07/2569,BZ-BND-001,เซตของขวัญรวม 3 ชิ้น,1,1190.00,119.00,1071.00,57.30,34.38,22.92,15.00,941.40
2626072303458,23/07/2569,BZ-SUP-001,คอลลาเจนเปปไทด์ 200g,1,890.00,0.00,890.00,47.62,28.57,19.05,0.00,794.77
